what: C-004 vacuity attacks against TTL, FIFO/filtering, promotion write/provenance, decision metadata/audits, and concurrent-review guard
run: mutation-by-mutation focused Vitest batteries with byte-identical restoration, SHA-256 checks, and final green control
date: 2026-09-03T12:57:34Z
baseline review_sha256=c95549e7ae119d4a223e919a086df37589a0329e3fb546158a4d95e8099bbe68
baseline schema_sha256=cf63a968ecd0691e3d6e0f88d2fb86f75c19515326223834f96a6142b3a1e239
--- mutation a: remove pending-only TTL partialFilterExpression ---
mutated_sha256=46a5f1d27b1d9cc66a0ca449b30fbea42aa5cf79f003f1c74fda9c23384a279d

[1m[30m[46m RUN [49m[39m[22m [36mv4.1.10 [39m[90m/Users/rom.iluz/Dev/memongo/packages/memory-engine[39m

[90mstdout[2m | src/mongodb-schema.test.ts[2m > [22m[2mschema constants[2m > [22m[2mkb_chunks schema uses string docId, not objectId (F9)
[22m[39m15:57:35.527 [memory:mongodb:schema] info: created collection test_chunks

[90mstdout[2m | src/mongodb-schema.test.ts[2m > [22m[2mschema constants[2m > [22m[2mkb_chunks schema uses string docId, not objectId (F9)
[22m[39m15:57:35.530 [memory:mongodb:schema] info: created collection test_files

[90mstdout[2m | src/mongodb-schema.test.ts[2m > [22m[2mschema constants[2m > [22m[2mkb_chunks schema uses string docId, not objectId (F9)
[22m[39m15:57:35.530 [memory:mongodb:schema] info: created collection test_meta

[90mstdout[2m | src/mongodb-schema.test.ts[2m > [22m[2mschema constants[2m > [22m[2mkb_chunks schema uses string docId, not objectId (F9)
[22m[39m15:57:35.530 [memory:mongodb:schema] info: created collection test_knowledge_base

[90mstdout[2m | src/mongodb-schema.test.ts[2m > [22m[2mschema constants[2m > [22m[2mkb_chunks schema uses string docId, not objectId (F9)
[22m[39m15:57:35.530 [memory:mongodb:schema] info: created collection test_kb_chunks

[90mstdout[2m | src/mongodb-schema.test.ts[2m > [22m[2mschema constants[2m > [22m[2mkb_chunks schema uses string docId, not objectId (F9)
[22m[39m15:57:35.530 [memory:mongodb:schema] info: created collection test_structured_mem

[90mstdout[2m | src/mongodb-schema.test.ts[2m > [22m[2mschema constants[2m > [22m[2mkb_chunks schema uses string docId, not objectId (F9)
[22m[39m15:57:35.530 [memory:mongodb:schema] info: created collection test_structured_mem_revisions

[90mstdout[2m | src/mongodb-schema.test.ts[2m > [22m[2mschema constants[2m > [22m[2mkb_chunks schema uses string docId, not objectId (F9)
[22m[39m15:57:35.530 [memory:mongodb:schema] info: created collection test_procedures

[90mstdout[2m | src/mongodb-schema.test.ts[2m > [22m[2mschema constants[2m > [22m[2mkb_chunks schema uses string docId, not objectId (F9)
[22m[39m15:57:35.530 [memory:mongodb:schema] info: created collection test_procedure_revisions

[90mstdout[2m | src/mongodb-schema.test.ts[2m > [22m[2mschema constants[2m > [22m[2mkb_chunks schema uses string docId, not objectId (F9)
[22m[39m15:57:35.531 [memory:mongodb:schema] info: created collection test_relevance_runs

[90mstdout[2m | src/mongodb-schema.test.ts[2m > [22m[2mschema constants[2m > [22m[2mkb_chunks schema uses string docId, not objectId (F9)
[22m[39m15:57:35.531 [memory:mongodb:schema] info: created collection test_relevance_artifacts

[90mstdout[2m | src/mongodb-schema.test.ts[2m > [22m[2mschema constants[2m > [22m[2mkb_chunks schema uses string docId, not objectId (F9)
[22m[39m15:57:35.531 [memory:mongodb:schema] info: created collection test_relevance_regressions

[90mstdout[2m | src/mongodb-schema.test.ts[2m > [22m[2mschema constants[2m > [22m[2mkb_chunks schema uses string docId, not objectId (F9)
[22m[39m15:57:35.531 [memory:mongodb:schema] info: created collection test_events

[90mstdout[2m | src/mongodb-schema.test.ts[2m > [22m[2mschema constants[2m > [22m[2mkb_chunks schema uses string docId, not objectId (F9)
[22m[39m15:57:35.531 [memory:mongodb:schema] info: created collection test_entities

[90mstdout[2m | src/mongodb-schema.test.ts[2m > [22m[2mschema constants[2m > [22m[2mkb_chunks schema uses string docId, not objectId (F9)
[22m[39m15:57:35.531 [memory:mongodb:schema] info: created collection test_relations

[90mstdout[2m | src/mongodb-schema.test.ts[2m > [22m[2mschema constants[2m > [22m[2mkb_chunks schema uses string docId, not objectId (F9)
[22m[39m15:57:35.531 [memory:mongodb:schema] info: created collection test_entity_links

[90mstdout[2m | src/mongodb-schema.test.ts[2m > [22m[2mschema constants[2m > [22m[2mkb_chunks schema uses string docId, not objectId (F9)
[22m[39m15:57:35.531 [memory:mongodb:schema] info: created collection test_episodes

[90mstdout[2m | src/mongodb-schema.test.ts[2m > [22m[2mschema constants[2m > [22m[2mkb_chunks schema uses string docId, not objectId (F9)
[22m[39m15:57:35.531 [memory:mongodb:schema] info: created collection test_ingest_runs

[90mstdout[2m | src/mongodb-schema.test.ts[2m > [22m[2mschema constants[2m > [22m[2mkb_chunks schema uses string docId, not objectId (F9)
[22m[39m15:57:35.532 [memory:mongodb:schema] info: created collection test_projection_runs

[90mstdout[2m | src/mongodb-schema.test.ts[2m > [22m[2mschema constants[2m > [22m[2mkb_chunks schema uses string docId, not objectId (F9)
[22m[39m15:57:35.532 [memory:mongodb:schema] info: created collection test_query_cache

[90mstdout[2m | src/mongodb-schema.test.ts[2m > [22m[2mschema constants[2m > [22m[2mkb_chunks schema uses string docId, not objectId (F9)
[22m[39m15:57:35.532 [memory:mongodb:schema] info: created collection test_memory_mutations

[90mstdout[2m | src/mongodb-schema.test.ts[2m > [22m[2mschema constants[2m > [22m[2mkb_chunks schema uses string docId, not objectId (F9)
[22m[39m15:57:35.532 [memory:mongodb:schema] info: created collection test_lane_coverage

[90mstdout[2m | src/mongodb-schema.test.ts[2m > [22m[2mschema constants[2m > [22m[2mkb_chunks schema uses string docId, not objectId (F9)
[22m[39m15:57:35.532 [memory:mongodb:schema] info: created collection test_consolidation_runs

[90mstdout[2m | src/mongodb-schema.test.ts[2m > [22m[2mschema constants[2m > [22m[2mkb_chunks schema uses string docId, not objectId (F9)
[22m[39m15:57:35.532 [memory:mongodb:schema] info: created collection test_recall_traces

[90mstdout[2m | src/mongodb-schema.test.ts[2m > [22m[2mschema constants[2m > [22m[2mkb_chunks schema uses string docId, not objectId (F9)
[22m[39m15:57:35.532 [memory:mongodb:schema] info: created collection test_memory_jobs

[90mstdout[2m | src/mongodb-schema.test.ts[2m > [22m[2mschema constants[2m > [22m[2mkb_chunks schema uses string docId, not objectId (F9)
[22m[39m15:57:35.532 [memory:mongodb:schema] info: created collection test_session_chunks

[90mstdout[2m | src/mongodb-schema.test.ts[2m > [22m[2mschema constants[2m > [22m[2mkb_chunks schema uses string docId, not objectId (F9)
[22m[39m15:57:35.532 [memory:mongodb:schema] info: created collection test_memory_quarantine

[90mstdout[2m | src/mongodb-schema.test.ts[2m > [22m[2mschema constants[2m > [22m[2mkb_chunks schema uses string docId, not objectId (F9)
[22m[39m15:57:35.532 [memory:mongodb:schema] info: created time series collection test_memory_telemetry

[90mstdout[2m | src/mongodb-schema.test.ts[2m > [22m[2mschema constants[2m > [22m[2mkb_chunks schema uses string docId, not objectId (F9)
[22m[39m15:57:35.532 [memory:mongodb:schema] info: created telemetry collection test_memory_telemetry

[90mstdout[2m | src/mongodb-schema.test.ts[2m > [22m[2mschema constants[2m > [22m[2mkb_chunks schema uses string docId, not objectId (F9)
[22m[39m15:57:35.532 [memory:mongodb:schema] info: created time series collection test_access_events

[90mstdout[2m | src/mongodb-schema.test.ts[2m > [22m[2mschema constants[2m > [22m[2mkb_chunks schema uses string docId, not objectId (F9)
[22m[39m15:57:35.532 [memory:mongodb:schema] info: created access events collection test_access_events

[90mstdout[2m | src/mongodb-schema.test.ts[2m > [22m[2mschema constants[2m > [22m[2mkb_chunks schema uses string docId, not objectId (F9)
[22m[39m15:57:35.532 [memory:mongodb:schema] info: applied schema validation to test_chunks

[90mstdout[2m | src/mongodb-schema.test.ts[2m > [22m[2mschema constants[2m > [22m[2mkb_chunks schema uses string docId, not objectId (F9)
[22m[39m15:57:35.532 [memory:mongodb:schema] info: applied schema validation to test_knowledge_base

[90mstdout[2m | src/mongodb-schema.test.ts[2m > [22m[2mschema constants[2m > [22m[2mkb_chunks schema uses string docId, not objectId (F9)
[22m[39m15:57:35.533 [memory:mongodb:schema] info: applied schema validation to test_kb_chunks

[90mstdout[2m | src/mongodb-schema.test.ts[2m > [22m[2mschema constants[2m > [22m[2mkb_chunks schema uses string docId, not objectId (F9)
[22m[39m15:57:35.533 [memory:mongodb:schema] info: applied schema validation to test_structured_mem

[90mstdout[2m | src/mongodb-schema.test.ts[2m > [22m[2mschema constants[2m > [22m[2mkb_chunks schema uses string docId, not objectId (F9)
[22m[39m15:57:35.533 [memory:mongodb:schema] info: applied schema validation to test_structured_mem_revisions

[90mstdout[2m | src/mongodb-schema.test.ts[2m > [22m[2mschema constants[2m > [22m[2mkb_chunks schema uses string docId, not objectId (F9)
[22m[39m15:57:35.533 [memory:mongodb:schema] info: applied schema validation to test_procedures

[90mstdout[2m | src/mongodb-schema.test.ts[2m > [22m[2mschema constants[2m > [22m[2mkb_chunks schema uses string docId, not objectId (F9)
[22m[39m15:57:35.533 [memory:mongodb:schema] info: applied schema validation to test_procedure_revisions

[90mstdout[2m | src/mongodb-schema.test.ts[2m > [22m[2mschema constants[2m > [22m[2mkb_chunks schema uses string docId, not objectId (F9)
[22m[39m15:57:35.533 [memory:mongodb:schema] info: applied schema validation to test_relevance_runs

[90mstdout[2m | src/mongodb-schema.test.ts[2m > [22m[2mschema constants[2m > [22m[2mkb_chunks schema uses string docId, not objectId (F9)
[22m[39m15:57:35.533 [memory:mongodb:schema] info: applied schema validation to test_relevance_artifacts

[90mstdout[2m | src/mongodb-schema.test.ts[2m > [22m[2mschema constants[2m > [22m[2mkb_chunks schema uses string docId, not objectId (F9)
[22m[39m15:57:35.533 [memory:mongodb:schema] info: applied schema validation to test_relevance_regressions

[90mstdout[2m | src/mongodb-schema.test.ts[2m > [22m[2mschema constants[2m > [22m[2mkb_chunks schema uses string docId, not objectId (F9)
[22m[39m15:57:35.533 [memory:mongodb:schema] info: applied schema validation to test_events

[90mstdout[2m | src/mongodb-schema.test.ts[2m > [22m[2mschema constants[2m > [22m[2mkb_chunks schema uses string docId, not objectId (F9)
[22m[39m15:57:35.533 [memory:mongodb:schema] info: applied schema validation to test_entities

[90mstdout[2m | src/mongodb-schema.test.ts[2m > [22m[2mschema constants[2m > [22m[2mkb_chunks schema uses string docId, not objectId (F9)
[22m[39m15:57:35.533 [memory:mongodb:schema] info: applied schema validation to test_relations

[90mstdout[2m | src/mongodb-schema.test.ts[2m > [22m[2mschema constants[2m > [22m[2mkb_chunks schema uses string docId, not objectId (F9)
[22m[39m15:57:35.533 [memory:mongodb:schema] info: applied schema validation to test_entity_links

[90mstdout[2m | src/mongodb-schema.test.ts[2m > [22m[2mschema constants[2m > [22m[2mkb_chunks schema uses string docId, not objectId (F9)
[22m[39m15:57:35.533 [memory:mongodb:schema] info: applied schema validation to test_episodes

[90mstdout[2m | src/mongodb-schema.test.ts[2m > [22m[2mschema constants[2m > [22m[2mkb_chunks schema uses string docId, not objectId (F9)
[22m[39m15:57:35.533 [memory:mongodb:schema] info: applied schema validation to test_ingest_runs

[90mstdout[2m | src/mongodb-schema.test.ts[2m > [22m[2mschema constants[2m > [22m[2mkb_chunks schema uses string docId, not objectId (F9)
[22m[39m15:57:35.533 [memory:mongodb:schema] info: applied schema validation to test_projection_runs

[90mstdout[2m | src/mongodb-schema.test.ts[2m > [22m[2mschema constants[2m > [22m[2mkb_chunks schema uses string docId, not objectId (F9)
[22m[39m15:57:35.533 [memory:mongodb:schema] info: applied schema validation to test_query_cache

[90mstdout[2m | src/mongodb-schema.test.ts[2m > [22m[2mschema constants[2m > [22m[2mkb_chunks schema uses string docId, not objectId (F9)
[22m[39m15:57:35.533 [memory:mongodb:schema] info: applied schema validation to test_memory_mutations

[90mstdout[2m | src/mongodb-schema.test.ts[2m > [22m[2mschema constants[2m > [22m[2mkb_chunks schema uses string docId, not objectId (F9)
[22m[39m15:57:35.533 [memory:mongodb:schema] info: applied schema validation to test_recall_traces

[90mstdout[2m | src/mongodb-schema.test.ts[2m > [22m[2mschema constants[2m > [22m[2mkb_chunks schema uses string docId, not objectId (F9)
[22m[39m15:57:35.533 [memory:mongodb:schema] info: applied schema validation to test_memory_jobs

[90mstdout[2m | src/mongodb-schema.test.ts[2m > [22m[2mschema constants[2m > [22m[2mkb_chunks schema uses string docId, not objectId (F9)
[22m[39m15:57:35.533 [memory:mongodb:schema] info: applied schema validation to test_memory_quarantine

[90mstdout[2m | src/mongodb-schema.test.ts[2m > [22m[2mschema constants[2m > [22m[2mkb_chunks schema uses string docId, not objectId (F9)
[22m[39m15:57:35.533 [memory:mongodb:schema] info: applied schema validation to test_files

[90mstdout[2m | src/mongodb-schema.test.ts[2m > [22m[2mschema constants[2m > [22m[2mkb_chunks schema includes source field (F14)
[22m[39m15:57:35.533 [memory:mongodb:schema] info: created collection test_chunks

[90mstdout[2m | src/mongodb-schema.test.ts[2m > [22m[2mschema constants[2m > [22m[2mkb_chunks schema includes source field (F14)
[22m[39m15:57:35.533 [memory:mongodb:schema] info: created collection test_files

[90mstdout[2m | src/mongodb-schema.test.ts[2m > [22m[2mschema constants[2m > [22m[2mkb_chunks schema includes source field (F14)
[22m[39m15:57:35.534 [memory:mongodb:schema] info: created collection test_meta

[90mstdout[2m | src/mongodb-schema.test.ts[2m > [22m[2mschema constants[2m > [22m[2mkb_chunks schema includes source field (F14)
[22m[39m15:57:35.534 [memory:mongodb:schema] info: created collection test_knowledge_base

[90mstdout[2m | src/mongodb-schema.test.ts[2m > [22m[2mschema constants[2m > [22m[2mkb_chunks schema includes source field (F14)
[22m[39m15:57:35.534 [memory:mongodb:schema] info: created collection test_kb_chunks

[90mstdout[2m | src/mongodb-schema.test.ts[2m > [22m[2mschema constants[2m > [22m[2mkb_chunks schema includes source field (F14)
[22m[39m15:57:35.534 [memory:mongodb:schema] info: created collection test_structured_mem

[90mstdout[2m | src/mongodb-schema.test.ts[2m > [22m[2mschema constants[2m > [22m[2mkb_chunks schema includes source field (F14)
[22m[39m15:57:35.534 [memory:mongodb:schema] info: created collection test_structured_mem_revisions

[90mstdout[2m | src/mongodb-schema.test.ts[2m > [22m[2mschema constants[2m > [22m[2mkb_chunks schema includes source field (F14)
[22m[39m15:57:35.534 [memory:mongodb:schema] info: created collection test_procedures

[90mstdout[2m | src/mongodb-schema.test.ts[2m > [22m[2mschema constants[2m > [22m[2mkb_chunks schema includes source field (F14)
[22m[39m15:57:35.534 [memory:mongodb:schema] info: created collection test_procedure_revisions

[90mstdout[2m | src/mongodb-schema.test.ts[2m > [22m[2mschema constants[2m > [22m[2mkb_chunks schema includes source field (F14)
[22m[39m15:57:35.534 [memory:mongodb:schema] info: created collection test_relevance_runs

[90mstdout[2m | src/mongodb-schema.test.ts[2m > [22m[2mschema constants[2m > [22m[2mkb_chunks schema includes source field (F14)
[22m[39m15:57:35.534 [memory:mongodb:schema] info: created collection test_relevance_artifacts

[90mstdout[2m | src/mongodb-schema.test.ts[2m > [22m[2mschema constants[2m > [22m[2mkb_chunks schema includes source field (F14)
[22m[39m15:57:35.534 [memory:mongodb:schema] info: created collection test_relevance_regressions

[90mstdout[2m | src/mongodb-schema.test.ts[2m > [22m[2mschema constants[2m > [22m[2mkb_chunks schema includes source field (F14)
[22m[39m15:57:35.534 [memory:mongodb:schema] info: created collection test_events

[90mstdout[2m | src/mongodb-schema.test.ts[2m > [22m[2mschema constants[2m > [22m[2mkb_chunks schema includes source field (F14)
[22m[39m15:57:35.534 [memory:mongodb:schema] info: created collection test_entities

[90mstdout[2m | src/mongodb-schema.test.ts[2m > [22m[2mschema constants[2m > [22m[2mkb_chunks schema includes source field (F14)
[22m[39m15:57:35.534 [memory:mongodb:schema] info: created collection test_relations

[90mstdout[2m | src/mongodb-schema.test.ts[2m > [22m[2mschema constants[2m > [22m[2mkb_chunks schema includes source field (F14)
[22m[39m15:57:35.534 [memory:mongodb:schema] info: created collection test_entity_links

[90mstdout[2m | src/mongodb-schema.test.ts[2m > [22m[2mschema constants[2m > [22m[2mkb_chunks schema includes source field (F14)
[22m[39m15:57:35.534 [memory:mongodb:schema] info: created collection test_episodes

[90mstdout[2m | src/mongodb-schema.test.ts[2m > [22m[2mschema constants[2m > [22m[2mkb_chunks schema includes source field (F14)
[22m[39m15:57:35.534 [memory:mongodb:schema] info: created collection test_ingest_runs

[90mstdout[2m | src/mongodb-schema.test.ts[2m > [22m[2mschema constants[2m > [22m[2mkb_chunks schema includes source field (F14)
[22m[39m15:57:35.534 [memory:mongodb:schema] info: created collection test_projection_runs

[90mstdout[2m | src/mongodb-schema.test.ts[2m > [22m[2mschema constants[2m > [22m[2mkb_chunks schema includes source field (F14)
[22m[39m15:57:35.534 [memory:mongodb:schema] info: created collection test_query_cache

[90mstdout[2m | src/mongodb-schema.test.ts[2m > [22m[2mschema constants[2m > [22m[2mkb_chunks schema includes source field (F14)
[22m[39m15:57:35.534 [memory:mongodb:schema] info: created collection test_memory_mutations

[90mstdout[2m | src/mongodb-schema.test.ts[2m > [22m[2mschema constants[2m > [22m[2mkb_chunks schema includes source field (F14)
[22m[39m15:57:35.534 [memory:mongodb:schema] info: created collection test_lane_coverage

[90mstdout[2m | src/mongodb-schema.test.ts[2m > [22m[2mschema constants[2m > [22m[2mkb_chunks schema includes source field (F14)
[22m[39m15:57:35.534 [memory:mongodb:schema] info: created collection test_consolidation_runs

[90mstdout[2m | src/mongodb-schema.test.ts[2m > [22m[2mschema constants[2m > [22m[2mkb_chunks schema includes source field (F14)
[22m[39m15:57:35.534 [memory:mongodb:schema] info: created collection test_recall_traces

[90mstdout[2m | src/mongodb-schema.test.ts[2m > [22m[2mschema constants[2m > [22m[2mkb_chunks schema includes source field (F14)
[22m[39m15:57:35.534 [memory:mongodb:schema] info: created collection test_memory_jobs

[90mstdout[2m | src/mongodb-schema.test.ts[2m > [22m[2mschema constants[2m > [22m[2mkb_chunks schema includes source field (F14)
[22m[39m15:57:35.534 [memory:mongodb:schema] info: created collection test_session_chunks

[90mstdout[2m | src/mongodb-schema.test.ts[2m > [22m[2mschema constants[2m > [22m[2mkb_chunks schema includes source field (F14)
[22m[39m15:57:35.535 [memory:mongodb:schema] info: created collection test_memory_quarantine

[90mstdout[2m | src/mongodb-schema.test.ts[2m > [22m[2mschema constants[2m > [22m[2mkb_chunks schema includes source field (F14)
[22m[39m15:57:35.535 [memory:mongodb:schema] info: created time series collection test_memory_telemetry

[90mstdout[2m | src/mongodb-schema.test.ts[2m > [22m[2mschema constants[2m > [22m[2mkb_chunks schema includes source field (F14)
[22m[39m15:57:35.535 [memory:mongodb:schema] info: created telemetry collection test_memory_telemetry

[90mstdout[2m | src/mongodb-schema.test.ts[2m > [22m[2mschema constants[2m > [22m[2mkb_chunks schema includes source field (F14)
[22m[39m15:57:35.535 [memory:mongodb:schema] info: created time series collection test_access_events

[90mstdout[2m | src/mongodb-schema.test.ts[2m > [22m[2mschema constants[2m > [22m[2mkb_chunks schema includes source field (F14)
[22m[39m15:57:35.535 [memory:mongodb:schema] info: created access events collection test_access_events

[90mstdout[2m | src/mongodb-schema.test.ts[2m > [22m[2mschema constants[2m > [22m[2mkb_chunks schema includes source field (F14)
[22m[39m15:57:35.535 [memory:mongodb:schema] info: applied schema validation to test_chunks

[90mstdout[2m | src/mongodb-schema.test.ts[2m > [22m[2mschema constants[2m > [22m[2mkb_chunks schema includes source field (F14)
[22m[39m15:57:35.535 [memory:mongodb:schema] info: applied schema validation to test_knowledge_base

[90mstdout[2m | src/mongodb-schema.test.ts[2m > [22m[2mschema constants[2m > [22m[2mkb_chunks schema includes source field (F14)
[22m[39m15:57:35.535 [memory:mongodb:schema] info: applied schema validation to test_kb_chunks

[90mstdout[2m | src/mongodb-schema.test.ts[2m > [22m[2mschema constants[2m > [22m[2mkb_chunks schema includes source field (F14)
[22m[39m15:57:35.535 [memory:mongodb:schema] info: applied schema validation to test_structured_mem

[90mstdout[2m | src/mongodb-schema.test.ts[2m > [22m[2mschema constants[2m > [22m[2mkb_chunks schema includes source field (F14)
[22m[39m15:57:35.535 [memory:mongodb:schema] info: applied schema validation to test_structured_mem_revisions

[90mstdout[2m | src/mongodb-schema.test.ts[2m > [22m[2mschema constants[2m > [22m[2mkb_chunks schema includes source field (F14)
[22m[39m15:57:35.535 [memory:mongodb:schema] info: applied schema validation to test_procedures

[90mstdout[2m | src/mongodb-schema.test.ts[2m > [22m[2mschema constants[2m > [22m[2mkb_chunks schema includes source field (F14)
[22m[39m15:57:35.535 [memory:mongodb:schema] info: applied schema validation to test_procedure_revisions

[90mstdout[2m | src/mongodb-schema.test.ts[2m > [22m[2mschema constants[2m > [22m[2mkb_chunks schema includes source field (F14)
[22m[39m15:57:35.535 [memory:mongodb:schema] info: applied schema validation to test_relevance_runs

[90mstdout[2m | src/mongodb-schema.test.ts[2m > [22m[2mschema constants[2m > [22m[2mkb_chunks schema includes source field (F14)
[22m[39m15:57:35.535 [memory:mongodb:schema] info: applied schema validation to test_relevance_artifacts

[90mstdout[2m | src/mongodb-schema.test.ts[2m > [22m[2mschema constants[2m > [22m[2mkb_chunks schema includes source field (F14)
[22m[39m15:57:35.535 [memory:mongodb:schema] info: applied schema validation to test_relevance_regressions

[90mstdout[2m | src/mongodb-schema.test.ts[2m > [22m[2mschema constants[2m > [22m[2mkb_chunks schema includes source field (F14)
[22m[39m15:57:35.535 [memory:mongodb:schema] info: applied schema validation to test_events

[90mstdout[2m | src/mongodb-schema.test.ts[2m > [22m[2mschema constants[2m > [22m[2mkb_chunks schema includes source field (F14)
[22m[39m15:57:35.535 [memory:mongodb:schema] info: applied schema validation to test_entities

[90mstdout[2m | src/mongodb-schema.test.ts[2m > [22m[2mschema constants[2m > [22m[2mkb_chunks schema includes source field (F14)
[22m[39m15:57:35.535 [memory:mongodb:schema] info: applied schema validation to test_relations

[90mstdout[2m | src/mongodb-schema.test.ts[2m > [22m[2mschema constants[2m > [22m[2mkb_chunks schema includes source field (F14)
[22m[39m15:57:35.535 [memory:mongodb:schema] info: applied schema validation to test_entity_links

[90mstdout[2m | src/mongodb-schema.test.ts[2m > [22m[2mschema constants[2m > [22m[2mkb_chunks schema includes source field (F14)
[22m[39m15:57:35.535 [memory:mongodb:schema] info: applied schema validation to test_episodes

[90mstdout[2m | src/mongodb-schema.test.ts[2m > [22m[2mschema constants[2m > [22m[2mkb_chunks schema includes source field (F14)
[22m[39m15:57:35.535 [memory:mongodb:schema] info: applied schema validation to test_ingest_runs

[90mstdout[2m | src/mongodb-schema.test.ts[2m > [22m[2mschema constants[2m > [22m[2mkb_chunks schema includes source field (F14)
[22m[39m15:57:35.535 [memory:mongodb:schema] info: applied schema validation to test_projection_runs

[90mstdout[2m | src/mongodb-schema.test.ts[2m > [22m[2mschema constants[2m > [22m[2mkb_chunks schema includes source field (F14)
[22m[39m15:57:35.535 [memory:mongodb:schema] info: applied schema validation to test_query_cache

[90mstdout[2m | src/mongodb-schema.test.ts[2m > [22m[2mschema constants[2m > [22m[2mkb_chunks schema includes source field (F14)
[22m[39m15:57:35.535 [memory:mongodb:schema] info: applied schema validation to test_memory_mutations

[90mstdout[2m | src/mongodb-schema.test.ts[2m > [22m[2mschema constants[2m > [22m[2mkb_chunks schema includes source field (F14)
[22m[39m15:57:35.535 [memory:mongodb:schema] info: applied schema validation to test_recall_traces

[90mstdout[2m | src/mongodb-schema.test.ts[2m > [22m[2mschema constants[2m > [22m[2mkb_chunks schema includes source field (F14)
[22m[39m15:57:35.535 [memory:mongodb:schema] info: applied schema validation to test_memory_jobs

[90mstdout[2m | src/mongodb-schema.test.ts[2m > [22m[2mschema constants[2m > [22m[2mkb_chunks schema includes source field (F14)
[22m[39m15:57:35.535 [memory:mongodb:schema] info: applied schema validation to test_memory_quarantine

[90mstdout[2m | src/mongodb-schema.test.ts[2m > [22m[2mschema constants[2m > [22m[2mkb_chunks schema includes source field (F14)
[22m[39m15:57:35.535 [memory:mongodb:schema] info: applied schema validation to test_files

[90mstdout[2m | src/mongodb-schema.test.ts[2m > [22m[2mschema constants[2m > [22m[2mKB source.type enum uses 'manual' not 'text' (F16)
[22m[39m15:57:35.536 [memory:mongodb:schema] info: created collection test_chunks

[90mstdout[2m | src/mongodb-schema.test.ts[2m > [22m[2mschema constants[2m > [22m[2mKB source.type enum uses 'manual' not 'text' (F16)
[22m[39m15:57:35.536 [memory:mongodb:schema] info: created collection test_files

[90mstdout[2m | src/mongodb-schema.test.ts[2m > [22m[2mschema constants[2m > [22m[2mKB source.type enum uses 'manual' not 'text' (F16)
[22m[39m15:57:35.536 [memory:mongodb:schema] info: created collection test_meta

[90mstdout[2m | src/mongodb-schema.test.ts[2m > [22m[2mschema constants[2m > [22m[2mKB source.type enum uses 'manual' not 'text' (F16)
[22m[39m15:57:35.536 [memory:mongodb:schema] info: created collection test_knowledge_base

[90mstdout[2m | src/mongodb-schema.test.ts[2m > [22m[2mschema constants[2m > [22m[2mKB source.type enum uses 'manual' not 'text' (F16)
[22m[39m15:57:35.536 [memory:mongodb:schema] info: created collection test_kb_chunks

[90mstdout[2m | src/mongodb-schema.test.ts[2m > [22m[2mschema constants[2m > [22m[2mKB source.type enum uses 'manual' not 'text' (F16)
[22m[39m15:57:35.536 [memory:mongodb:schema] info: created collection test_structured_mem

[90mstdout[2m | src/mongodb-schema.test.ts[2m > [22m[2mschema constants[2m > [22m[2mKB source.type enum uses 'manual' not 'text' (F16)
[22m[39m15:57:35.536 [memory:mongodb:schema] info: created collection test_structured_mem_revisions

[90mstdout[2m | src/mongodb-schema.test.ts[2m > [22m[2mschema constants[2m > [22m[2mKB source.type enum uses 'manual' not 'text' (F16)
[22m[39m15:57:35.536 [memory:mongodb:schema] info: created collection test_procedures

[90mstdout[2m | src/mongodb-schema.test.ts[2m > [22m[2mschema constants[2m > [22m[2mKB source.type enum uses 'manual' not 'text' (F16)
[22m[39m15:57:35.536 [memory:mongodb:schema] info: created collection test_procedure_revisions

[90mstdout[2m | src/mongodb-schema.test.ts[2m > [22m[2mschema constants[2m > [22m[2mKB source.type enum uses 'manual' not 'text' (F16)
[22m[39m15:57:35.536 [memory:mongodb:schema] info: created collection test_relevance_runs

[90mstdout[2m | src/mongodb-schema.test.ts[2m > [22m[2mschema constants[2m > [22m[2mKB source.type enum uses 'manual' not 'text' (F16)
[22m[39m15:57:35.536 [memory:mongodb:schema] info: created collection test_relevance_artifacts

[90mstdout[2m | src/mongodb-schema.test.ts[2m > [22m[2mschema constants[2m > [22m[2mKB source.type enum uses 'manual' not 'text' (F16)
[22m[39m15:57:35.536 [memory:mongodb:schema] info: created collection test_relevance_regressions

[90mstdout[2m | src/mongodb-schema.test.ts[2m > [22m[2mschema constants[2m > [22m[2mKB source.type enum uses 'manual' not 'text' (F16)
[22m[39m15:57:35.536 [memory:mongodb:schema] info: created collection test_events

[90mstdout[2m | src/mongodb-schema.test.ts[2m > [22m[2mschema constants[2m > [22m[2mKB source.type enum uses 'manual' not 'text' (F16)
[22m[39m15:57:35.539 [memory:mongodb:schema] info: created collection test_entities

[90mstdout[2m | src/mongodb-schema.test.ts[2m > [22m[2mschema constants[2m > [22m[2mKB source.type enum uses 'manual' not 'text' (F16)
[22m[39m15:57:35.539 [memory:mongodb:schema] info: created collection test_relations

[90mstdout[2m | src/mongodb-schema.test.ts[2m > [22m[2mschema constants[2m > [22m[2mKB source.type enum uses 'manual' not 'text' (F16)
[22m[39m15:57:35.539 [memory:mongodb:schema] info: created collection test_entity_links

[90mstdout[2m | src/mongodb-schema.test.ts[2m > [22m[2mschema constants[2m > [22m[2mKB source.type enum uses 'manual' not 'text' (F16)
[22m[39m15:57:35.539 [memory:mongodb:schema] info: created collection test_episodes

[90mstdout[2m | src/mongodb-schema.test.ts[2m > [22m[2mschema constants[2m > [22m[2mKB source.type enum uses 'manual' not 'text' (F16)
[22m[39m15:57:35.539 [memory:mongodb:schema] info: created collection test_ingest_runs

[90mstdout[2m | src/mongodb-schema.test.ts[2m > [22m[2mschema constants[2m > [22m[2mKB source.type enum uses 'manual' not 'text' (F16)
[22m[39m15:57:35.539 [memory:mongodb:schema] info: created collection test_projection_runs

[90mstdout[2m | src/mongodb-schema.test.ts[2m > [22m[2mschema constants[2m > [22m[2mKB source.type enum uses 'manual' not 'text' (F16)
[22m[39m15:57:35.539 [memory:mongodb:schema] info: created collection test_query_cache

[90mstdout[2m | src/mongodb-schema.test.ts[2m > [22m[2mschema constants[2m > [22m[2mKB source.type enum uses 'manual' not 'text' (F16)
[22m[39m15:57:35.539 [memory:mongodb:schema] info: created collection test_memory_mutations

[90mstdout[2m | src/mongodb-schema.test.ts[2m > [22m[2mschema constants[2m > [22m[2mKB source.type enum uses 'manual' not 'text' (F16)
[22m[39m15:57:35.540 [memory:mongodb:schema] info: created collection test_lane_coverage

[90mstdout[2m | src/mongodb-schema.test.ts[2m > [22m[2mschema constants[2m > [22m[2mKB source.type enum uses 'manual' not 'text' (F16)
[22m[39m15:57:35.540 [memory:mongodb:schema] info: created collection test_consolidation_runs

[90mstdout[2m | src/mongodb-schema.test.ts[2m > [22m[2mschema constants[2m > [22m[2mKB source.type enum uses 'manual' not 'text' (F16)
[22m[39m15:57:35.540 [memory:mongodb:schema] info: created collection test_recall_traces

[90mstdout[2m | src/mongodb-schema.test.ts[2m > [22m[2mschema constants[2m > [22m[2mKB source.type enum uses 'manual' not 'text' (F16)
[22m[39m15:57:35.540 [memory:mongodb:schema] info: created collection test_memory_jobs

[90mstdout[2m | src/mongodb-schema.test.ts[2m > [22m[2mschema constants[2m > [22m[2mKB source.type enum uses 'manual' not 'text' (F16)
[22m[39m15:57:35.540 [memory:mongodb:schema] info: created collection test_session_chunks

[90mstdout[2m | src/mongodb-schema.test.ts[2m > [22m[2mschema constants[2m > [22m[2mKB source.type enum uses 'manual' not 'text' (F16)
[22m[39m15:57:35.540 [memory:mongodb:schema] info: created collection test_memory_quarantine

[90mstdout[2m | src/mongodb-schema.test.ts[2m > [22m[2mschema constants[2m > [22m[2mKB source.type enum uses 'manual' not 'text' (F16)
[22m[39m15:57:35.540 [memory:mongodb:schema] info: created time series collection test_memory_telemetry

[90mstdout[2m | src/mongodb-schema.test.ts[2m > [22m[2mschema constants[2m > [22m[2mKB source.type enum uses 'manual' not 'text' (F16)
[22m[39m15:57:35.540 [memory:mongodb:schema] info: created telemetry collection test_memory_telemetry

[90mstdout[2m | src/mongodb-schema.test.ts[2m > [22m[2mschema constants[2m > [22m[2mKB source.type enum uses 'manual' not 'text' (F16)
[22m[39m15:57:35.540 [memory:mongodb:schema] info: created time series collection test_access_events

[90mstdout[2m | src/mongodb-schema.test.ts[2m > [22m[2mschema constants[2m > [22m[2mKB source.type enum uses 'manual' not 'text' (F16)
[22m[39m15:57:35.540 [memory:mongodb:schema] info: created access events collection test_access_events

[90mstdout[2m | src/mongodb-schema.test.ts[2m > [22m[2mschema constants[2m > [22m[2mKB source.type enum uses 'manual' not 'text' (F16)
[22m[39m15:57:35.540 [memory:mongodb:schema] info: applied schema validation to test_chunks

[90mstdout[2m | src/mongodb-schema.test.ts[2m > [22m[2mschema constants[2m > [22m[2mKB source.type enum uses 'manual' not 'text' (F16)
[22m[39m15:57:35.540 [memory:mongodb:schema] info: applied schema validation to test_knowledge_base

[90mstdout[2m | src/mongodb-schema.test.ts[2m > [22m[2mschema constants[2m > [22m[2mKB source.type enum uses 'manual' not 'text' (F16)
[22m[39m15:57:35.540 [memory:mongodb:schema] info: applied schema validation to test_kb_chunks

[90mstdout[2m | src/mongodb-schema.test.ts[2m > [22m[2mschema constants[2m > [22m[2mKB source.type enum uses 'manual' not 'text' (F16)
[22m[39m15:57:35.540 [memory:mongodb:schema] info: applied schema validation to test_structured_mem

[90mstdout[2m | src/mongodb-schema.test.ts[2m > [22m[2mschema constants[2m > [22m[2mKB source.type enum uses 'manual' not 'text' (F16)
[22m[39m15:57:35.540 [memory:mongodb:schema] info: applied schema validation to test_structured_mem_revisions

[90mstdout[2m | src/mongodb-schema.test.ts[2m > [22m[2mschema constants[2m > [22m[2mKB source.type enum uses 'manual' not 'text' (F16)
[22m[39m15:57:35.540 [memory:mongodb:schema] info: applied schema validation to test_procedures

[90mstdout[2m | src/mongodb-schema.test.ts[2m > [22m[2mschema constants[2m > [22m[2mKB source.type enum uses 'manual' not 'text' (F16)
[22m[39m15:57:35.540 [memory:mongodb:schema] info: applied schema validation to test_procedure_revisions

[90mstdout[2m | src/mongodb-schema.test.ts[2m > [22m[2mschema constants[2m > [22m[2mKB source.type enum uses 'manual' not 'text' (F16)
[22m[39m15:57:35.540 [memory:mongodb:schema] info: applied schema validation to test_relevance_runs

[90mstdout[2m | src/mongodb-schema.test.ts[2m > [22m[2mschema constants[2m > [22m[2mKB source.type enum uses 'manual' not 'text' (F16)
[22m[39m15:57:35.540 [memory:mongodb:schema] info: applied schema validation to test_relevance_artifacts

[90mstdout[2m | src/mongodb-schema.test.ts[2m > [22m[2mschema constants[2m > [22m[2mKB source.type enum uses 'manual' not 'text' (F16)
[22m[39m15:57:35.540 [memory:mongodb:schema] info: applied schema validation to test_relevance_regressions

[90mstdout[2m | src/mongodb-schema.test.ts[2m > [22m[2mschema constants[2m > [22m[2mKB source.type enum uses 'manual' not 'text' (F16)
[22m[39m15:57:35.540 [memory:mongodb:schema] info: applied schema validation to test_events

[90mstdout[2m | src/mongodb-schema.test.ts[2m > [22m[2mschema constants[2m > [22m[2mKB source.type enum uses 'manual' not 'text' (F16)
[22m[39m15:57:35.540 [memory:mongodb:schema] info: applied schema validation to test_entities

[90mstdout[2m | src/mongodb-schema.test.ts[2m > [22m[2mschema constants[2m > [22m[2mKB source.type enum uses 'manual' not 'text' (F16)
[22m[39m15:57:35.540 [memory:mongodb:schema] info: applied schema validation to test_relations

[90mstdout[2m | src/mongodb-schema.test.ts[2m > [22m[2mschema constants[2m > [22m[2mKB source.type enum uses 'manual' not 'text' (F16)
[22m[39m15:57:35.540 [memory:mongodb:schema] info: applied schema validation to test_entity_links

[90mstdout[2m | src/mongodb-schema.test.ts[2m > [22m[2mschema constants[2m > [22m[2mKB source.type enum uses 'manual' not 'text' (F16)
[22m[39m15:57:35.540 [memory:mongodb:schema] info: applied schema validation to test_episodes

[90mstdout[2m | src/mongodb-schema.test.ts[2m > [22m[2mschema constants[2m > [22m[2mKB source.type enum uses 'manual' not 'text' (F16)
[22m[39m15:57:35.540 [memory:mongodb:schema] info: applied schema validation to test_ingest_runs

[90mstdout[2m | src/mongodb-schema.test.ts[2m > [22m[2mschema constants[2m > [22m[2mKB source.type enum uses 'manual' not 'text' (F16)
[22m[39m15:57:35.540 [memory:mongodb:schema] info: applied schema validation to test_projection_runs

[90mstdout[2m | src/mongodb-schema.test.ts[2m > [22m[2mschema constants[2m > [22m[2mKB source.type enum uses 'manual' not 'text' (F16)
[22m[39m15:57:35.540 [memory:mongodb:schema] info: applied schema validation to test_query_cache

[90mstdout[2m | src/mongodb-schema.test.ts[2m > [22m[2mschema constants[2m > [22m[2mKB source.type enum uses 'manual' not 'text' (F16)
[22m[39m15:57:35.540 [memory:mongodb:schema] info: applied schema validation to test_memory_mutations

[90mstdout[2m | src/mongodb-schema.test.ts[2m > [22m[2mschema constants[2m > [22m[2mKB source.type enum uses 'manual' not 'text' (F16)
[22m[39m15:57:35.540 [memory:mongodb:schema] info: applied schema validation to test_recall_traces

[90mstdout[2m | src/mongodb-schema.test.ts[2m > [22m[2mschema constants[2m > [22m[2mKB source.type enum uses 'manual' not 'text' (F16)
[22m[39m15:57:35.540 [memory:mongodb:schema] info: applied schema validation to test_memory_jobs

[90mstdout[2m | src/mongodb-schema.test.ts[2m > [22m[2mschema constants[2m > [22m[2mKB source.type enum uses 'manual' not 'text' (F16)
[22m[39m15:57:35.540 [memory:mongodb:schema] info: applied schema validation to test_memory_quarantine

[90mstdout[2m | src/mongodb-schema.test.ts[2m > [22m[2mschema constants[2m > [22m[2mKB source.type enum uses 'manual' not 'text' (F16)
[22m[39m15:57:35.540 [memory:mongodb:schema] info: applied schema validation to test_files

[90mstdout[2m | src/mongodb-schema.test.ts[2m > [22m[2mschema constants[2m > [22m[2mVALIDATED_COLLECTIONS includes all 7 new v2 collection schemas
[22m[39m15:57:35.541 [memory:mongodb:schema] info: created collection test_chunks

[90mstdout[2m | src/mongodb-schema.test.ts[2m > [22m[2mschema constants[2m > [22m[2mVALIDATED_COLLECTIONS includes all 7 new v2 collection schemas
[22m[39m15:57:35.541 [memory:mongodb:schema] info: created collection test_files

[90mstdout[2m | src/mongodb-schema.test.ts[2m > [22m[2mschema constants[2m > [22m[2mVALIDATED_COLLECTIONS includes all 7 new v2 collection schemas
[22m[39m15:57:35.541 [memory:mongodb:schema] info: created collection test_meta

[90mstdout[2m | src/mongodb-schema.test.ts[2m > [22m[2mschema constants[2m > [22m[2mVALIDATED_COLLECTIONS includes all 7 new v2 collection schemas
[22m[39m15:57:35.541 [memory:mongodb:schema] info: created collection test_knowledge_base

[90mstdout[2m | src/mongodb-schema.test.ts[2m > [22m[2mschema constants[2m > [22m[2mVALIDATED_COLLECTIONS includes all 7 new v2 collection schemas
[22m[39m15:57:35.541 [memory:mongodb:schema] info: created collection test_kb_chunks

[90mstdout[2m | src/mongodb-schema.test.ts[2m > [22m[2mschema constants[2m > [22m[2mVALIDATED_COLLECTIONS includes all 7 new v2 collection schemas
[22m[39m15:57:35.541 [memory:mongodb:schema] info: created collection test_structured_mem

[90mstdout[2m | src/mongodb-schema.test.ts[2m > [22m[2mschema constants[2m > [22m[2mVALIDATED_COLLECTIONS includes all 7 new v2 collection schemas
[22m[39m15:57:35.541 [memory:mongodb:schema] info: created collection test_structured_mem_revisions

[90mstdout[2m | src/mongodb-schema.test.ts[2m > [22m[2mschema constants[2m > [22m[2mVALIDATED_COLLECTIONS includes all 7 new v2 collection schemas
[22m[39m15:57:35.541 [memory:mongodb:schema] info: created collection test_procedures

[90mstdout[2m | src/mongodb-schema.test.ts[2m > [22m[2mschema constants[2m > [22m[2mVALIDATED_COLLECTIONS includes all 7 new v2 collection schemas
[22m[39m15:57:35.541 [memory:mongodb:schema] info: created collection test_procedure_revisions

[90mstdout[2m | src/mongodb-schema.test.ts[2m > [22m[2mschema constants[2m > [22m[2mVALIDATED_COLLECTIONS includes all 7 new v2 collection schemas
[22m[39m15:57:35.541 [memory:mongodb:schema] info: created collection test_relevance_runs

[90mstdout[2m | src/mongodb-schema.test.ts[2m > [22m[2mschema constants[2m > [22m[2mVALIDATED_COLLECTIONS includes all 7 new v2 collection schemas
[22m[39m15:57:35.541 [memory:mongodb:schema] info: created collection test_relevance_artifacts

[90mstdout[2m | src/mongodb-schema.test.ts[2m > [22m[2mschema constants[2m > [22m[2mVALIDATED_COLLECTIONS includes all 7 new v2 collection schemas
[22m[39m15:57:35.541 [memory:mongodb:schema] info: created collection test_relevance_regressions

[90mstdout[2m | src/mongodb-schema.test.ts[2m > [22m[2mschema constants[2m > [22m[2mVALIDATED_COLLECTIONS includes all 7 new v2 collection schemas
[22m[39m15:57:35.541 [memory:mongodb:schema] info: created collection test_events

[90mstdout[2m | src/mongodb-schema.test.ts[2m > [22m[2mschema constants[2m > [22m[2mVALIDATED_COLLECTIONS includes all 7 new v2 collection schemas
[22m[39m15:57:35.541 [memory:mongodb:schema] info: created collection test_entities

[90mstdout[2m | src/mongodb-schema.test.ts[2m > [22m[2mschema constants[2m > [22m[2mVALIDATED_COLLECTIONS includes all 7 new v2 collection schemas
[22m[39m15:57:35.541 [memory:mongodb:schema] info: created collection test_relations

[90mstdout[2m | src/mongodb-schema.test.ts[2m > [22m[2mschema constants[2m > [22m[2mVALIDATED_COLLECTIONS includes all 7 new v2 collection schemas
[22m[39m15:57:35.541 [memory:mongodb:schema] info: created collection test_entity_links

[90mstdout[2m | src/mongodb-schema.test.ts[2m > [22m[2mschema constants[2m > [22m[2mVALIDATED_COLLECTIONS includes all 7 new v2 collection schemas
[22m[39m15:57:35.542 [memory:mongodb:schema] info: created collection test_episodes

[90mstdout[2m | src/mongodb-schema.test.ts[2m > [22m[2mschema constants[2m > [22m[2mVALIDATED_COLLECTIONS includes all 7 new v2 collection schemas
[22m[39m15:57:35.542 [memory:mongodb:schema] info: created collection test_ingest_runs

[90mstdout[2m | src/mongodb-schema.test.ts[2m > [22m[2mschema constants[2m > [22m[2mVALIDATED_COLLECTIONS includes all 7 new v2 collection schemas
[22m[39m15:57:35.542 [memory:mongodb:schema] info: created collection test_projection_runs

[90mstdout[2m | src/mongodb-schema.test.ts[2m > [22m[2mschema constants[2m > [22m[2mVALIDATED_COLLECTIONS includes all 7 new v2 collection schemas
[22m[39m15:57:35.542 [memory:mongodb:schema] info: created collection test_query_cache

[90mstdout[2m | src/mongodb-schema.test.ts[2m > [22m[2mschema constants[2m > [22m[2mVALIDATED_COLLECTIONS includes all 7 new v2 collection schemas
[22m[39m15:57:35.542 [memory:mongodb:schema] info: created collection test_memory_mutations

[90mstdout[2m | src/mongodb-schema.test.ts[2m > [22m[2mschema constants[2m > [22m[2mVALIDATED_COLLECTIONS includes all 7 new v2 collection schemas
[22m[39m15:57:35.542 [memory:mongodb:schema] info: created collection test_lane_coverage

[90mstdout[2m | src/mongodb-schema.test.ts[2m > [22m[2mschema constants[2m > [22m[2mVALIDATED_COLLECTIONS includes all 7 new v2 collection schemas
[22m[39m15:57:35.542 [memory:mongodb:schema] info: created collection test_consolidation_runs

[90mstdout[2m | src/mongodb-schema.test.ts[2m > [22m[2mschema constants[2m > [22m[2mVALIDATED_COLLECTIONS includes all 7 new v2 collection schemas
[22m[39m15:57:35.542 [memory:mongodb:schema] info: created collection test_recall_traces

[90mstdout[2m | src/mongodb-schema.test.ts[2m > [22m[2mschema constants[2m > [22m[2mVALIDATED_COLLECTIONS includes all 7 new v2 collection schemas
[22m[39m15:57:35.542 [memory:mongodb:schema] info: created collection test_memory_jobs

[90mstdout[2m | src/mongodb-schema.test.ts[2m > [22m[2mschema constants[2m > [22m[2mVALIDATED_COLLECTIONS includes all 7 new v2 collection schemas
[22m[39m15:57:35.542 [memory:mongodb:schema] info: created collection test_session_chunks

[90mstdout[2m | src/mongodb-schema.test.ts[2m > [22m[2mschema constants[2m > [22m[2mVALIDATED_COLLECTIONS includes all 7 new v2 collection schemas
[22m[39m15:57:35.542 [memory:mongodb:schema] info: created collection test_memory_quarantine

[90mstdout[2m | src/mongodb-schema.test.ts[2m > [22m[2mschema constants[2m > [22m[2mVALIDATED_COLLECTIONS includes all 7 new v2 collection schemas
[22m[39m15:57:35.542 [memory:mongodb:schema] info: created time series collection test_memory_telemetry

[90mstdout[2m | src/mongodb-schema.test.ts[2m > [22m[2mschema constants[2m > [22m[2mVALIDATED_COLLECTIONS includes all 7 new v2 collection schemas
[22m[39m15:57:35.542 [memory:mongodb:schema] info: created telemetry collection test_memory_telemetry

[90mstdout[2m | src/mongodb-schema.test.ts[2m > [22m[2mschema constants[2m > [22m[2mVALIDATED_COLLECTIONS includes all 7 new v2 collection schemas
[22m[39m15:57:35.542 [memory:mongodb:schema] info: created time series collection test_access_events

[90mstdout[2m | src/mongodb-schema.test.ts[2m > [22m[2mschema constants[2m > [22m[2mVALIDATED_COLLECTIONS includes all 7 new v2 collection schemas
[22m[39m15:57:35.542 [memory:mongodb:schema] info: created access events collection test_access_events

[90mstdout[2m | src/mongodb-schema.test.ts[2m > [22m[2mschema constants[2m > [22m[2mVALIDATED_COLLECTIONS includes all 7 new v2 collection schemas
[22m[39m15:57:35.542 [memory:mongodb:schema] info: applied schema validation to test_chunks

[90mstdout[2m | src/mongodb-schema.test.ts[2m > [22m[2mschema constants[2m > [22m[2mVALIDATED_COLLECTIONS includes all 7 new v2 collection schemas
[22m[39m15:57:35.542 [memory:mongodb:schema] info: applied schema validation to test_knowledge_base

[90mstdout[2m | src/mongodb-schema.test.ts[2m > [22m[2mschema constants[2m > [22m[2mVALIDATED_COLLECTIONS includes all 7 new v2 collection schemas
[22m[39m15:57:35.542 [memory:mongodb:schema] info: applied schema validation to test_kb_chunks

[90mstdout[2m | src/mongodb-schema.test.ts[2m > [22m[2mschema constants[2m > [22m[2mVALIDATED_COLLECTIONS includes all 7 new v2 collection schemas
[22m[39m15:57:35.542 [memory:mongodb:schema] info: applied schema validation to test_structured_mem

[90mstdout[2m | src/mongodb-schema.test.ts[2m > [22m[2mschema constants[2m > [22m[2mVALIDATED_COLLECTIONS includes all 7 new v2 collection schemas
[22m[39m15:57:35.542 [memory:mongodb:schema] info: applied schema validation to test_structured_mem_revisions

[90mstdout[2m | src/mongodb-schema.test.ts[2m > [22m[2mschema constants[2m > [22m[2mVALIDATED_COLLECTIONS includes all 7 new v2 collection schemas
[22m[39m15:57:35.542 [memory:mongodb:schema] info: applied schema validation to test_procedures

[90mstdout[2m | src/mongodb-schema.test.ts[2m > [22m[2mschema constants[2m > [22m[2mVALIDATED_COLLECTIONS includes all 7 new v2 collection schemas
[22m[39m15:57:35.542 [memory:mongodb:schema] info: applied schema validation to test_procedure_revisions

[90mstdout[2m | src/mongodb-schema.test.ts[2m > [22m[2mschema constants[2m > [22m[2mVALIDATED_COLLECTIONS includes all 7 new v2 collection schemas
[22m[39m15:57:35.542 [memory:mongodb:schema] info: applied schema validation to test_relevance_runs

[90mstdout[2m | src/mongodb-schema.test.ts[2m > [22m[2mschema constants[2m > [22m[2mVALIDATED_COLLECTIONS includes all 7 new v2 collection schemas
[22m[39m15:57:35.542 [memory:mongodb:schema] info: applied schema validation to test_relevance_artifacts

[90mstdout[2m | src/mongodb-schema.test.ts[2m > [22m[2mschema constants[2m > [22m[2mVALIDATED_COLLECTIONS includes all 7 new v2 collection schemas
[22m[39m15:57:35.542 [memory:mongodb:schema] info: applied schema validation to test_relevance_regressions

[90mstdout[2m | src/mongodb-schema.test.ts[2m > [22m[2mschema constants[2m > [22m[2mVALIDATED_COLLECTIONS includes all 7 new v2 collection schemas
[22m[39m15:57:35.542 [memory:mongodb:schema] info: applied schema validation to test_events

[90mstdout[2m | src/mongodb-schema.test.ts[2m > [22m[2mschema constants[2m > [22m[2mVALIDATED_COLLECTIONS includes all 7 new v2 collection schemas
[22m[39m15:57:35.542 [memory:mongodb:schema] info: applied schema validation to test_entities

[90mstdout[2m | src/mongodb-schema.test.ts[2m > [22m[2mschema constants[2m > [22m[2mVALIDATED_COLLECTIONS includes all 7 new v2 collection schemas
[22m[39m15:57:35.542 [memory:mongodb:schema] info: applied schema validation to test_relations

[90mstdout[2m | src/mongodb-schema.test.ts[2m > [22m[2mschema constants[2m > [22m[2mVALIDATED_COLLECTIONS includes all 7 new v2 collection schemas
[22m[39m15:57:35.542 [memory:mongodb:schema] info: applied schema validation to test_entity_links

[90mstdout[2m | src/mongodb-schema.test.ts[2m > [22m[2mschema constants[2m > [22m[2mVALIDATED_COLLECTIONS includes all 7 new v2 collection schemas
[22m[39m15:57:35.542 [memory:mongodb:schema] info: applied schema validation to test_episodes

[90mstdout[2m | src/mongodb-schema.test.ts[2m > [22m[2mschema constants[2m > [22m[2mVALIDATED_COLLECTIONS includes all 7 new v2 collection schemas
[22m[39m15:57:35.542 [memory:mongodb:schema] info: applied schema validation to test_ingest_runs

[90mstdout[2m | src/mongodb-schema.test.ts[2m > [22m[2mschema constants[2m > [22m[2mVALIDATED_COLLECTIONS includes all 7 new v2 collection schemas
[22m[39m15:57:35.542 [memory:mongodb:schema] info: applied schema validation to test_projection_runs

[90mstdout[2m | src/mongodb-schema.test.ts[2m > [22m[2mschema constants[2m > [22m[2mVALIDATED_COLLECTIONS includes all 7 new v2 collection schemas
[22m[39m15:57:35.542 [memory:mongodb:schema] info: applied schema validation to test_query_cache

[90mstdout[2m | src/mongodb-schema.test.ts[2m > [22m[2mschema constants[2m > [22m[2mVALIDATED_COLLECTIONS includes all 7 new v2 collection schemas
[22m[39m15:57:35.542 [memory:mongodb:schema] info: applied schema validation to test_memory_mutations

[90mstdout[2m | src/mongodb-schema.test.ts[2m > [22m[2mschema constants[2m > [22m[2mVALIDATED_COLLECTIONS includes all 7 new v2 collection schemas
[22m[39m15:57:35.542 [memory:mongodb:schema] info: applied schema validation to test_recall_traces

[90mstdout[2m | src/mongodb-schema.test.ts[2m > [22m[2mschema constants[2m > [22m[2mVALIDATED_COLLECTIONS includes all 7 new v2 collection schemas
[22m[39m15:57:35.542 [memory:mongodb:schema] info: applied schema validation to test_memory_jobs

[90mstdout[2m | src/mongodb-schema.test.ts[2m > [22m[2mschema constants[2m > [22m[2mVALIDATED_COLLECTIONS includes all 7 new v2 collection schemas
[22m[39m15:57:35.542 [memory:mongodb:schema] info: applied schema validation to test_memory_quarantine

[90mstdout[2m | src/mongodb-schema.test.ts[2m > [22m[2mschema constants[2m > [22m[2mVALIDATED_COLLECTIONS includes all 7 new v2 collection schemas
[22m[39m15:57:35.542 [memory:mongodb:schema] info: applied schema validation to test_files

[90mstdout[2m | src/mongodb-schema.test.ts[2m > [22m[2mschema constants[2m > [22m[2mevents schema has required scope enum field
[22m[39m15:57:35.543 [memory:mongodb:schema] info: created collection test_chunks

[90mstdout[2m | src/mongodb-schema.test.ts[2m > [22m[2mschema constants[2m > [22m[2mevents schema has required scope enum field
[22m[39m15:57:35.543 [memory:mongodb:schema] info: created collection test_files

[90mstdout[2m | src/mongodb-schema.test.ts[2m > [22m[2mschema constants[2m > [22m[2mevents schema has required scope enum field
[22m[39m15:57:35.543 [memory:mongodb:schema] info: created collection test_meta

[90mstdout[2m | src/mongodb-schema.test.ts[2m > [22m[2mschema constants[2m > [22m[2mevents schema has required scope enum field
[22m[39m15:57:35.543 [memory:mongodb:schema] info: created collection test_knowledge_base

[90mstdout[2m | src/mongodb-schema.test.ts[2m > [22m[2mschema constants[2m > [22m[2mevents schema has required scope enum field
[22m[39m15:57:35.543 [memory:mongodb:schema] info: created collection test_kb_chunks

[90mstdout[2m | src/mongodb-schema.test.ts[2m > [22m[2mschema constants[2m > [22m[2mevents schema has required scope enum field
[22m[39m15:57:35.543 [memory:mongodb:schema] info: created collection test_structured_mem

[90mstdout[2m | src/mongodb-schema.test.ts[2m > [22m[2mschema constants[2m > [22m[2mevents schema has required scope enum field
[22m[39m15:57:35.543 [memory:mongodb:schema] info: created collection test_structured_mem_revisions

[90mstdout[2m | src/mongodb-schema.test.ts[2m > [22m[2mschema constants[2m > [22m[2mevents schema has required scope enum field
[22m[39m15:57:35.543 [memory:mongodb:schema] info: created collection test_procedures

[90mstdout[2m | src/mongodb-schema.test.ts[2m > [22m[2mschema constants[2m > [22m[2mevents schema has required scope enum field
[22m[39m15:57:35.543 [memory:mongodb:schema] info: created collection test_procedure_revisions

[90mstdout[2m | src/mongodb-schema.test.ts[2m > [22m[2mschema constants[2m > [22m[2mevents schema has required scope enum field
[22m[39m15:57:35.543 [memory:mongodb:schema] info: created collection test_relevance_runs

[90mstdout[2m | src/mongodb-schema.test.ts[2m > [22m[2mschema constants[2m > [22m[2mevents schema has required scope enum field
[22m[39m15:57:35.543 [memory:mongodb:schema] info: created collection test_relevance_artifacts

[90mstdout[2m | src/mongodb-schema.test.ts[2m > [22m[2mschema constants[2m > [22m[2mevents schema has required scope enum field
[22m[39m15:57:35.543 [memory:mongodb:schema] info: created collection test_relevance_regressions

[90mstdout[2m | src/mongodb-schema.test.ts[2m > [22m[2mschema constants[2m > [22m[2mevents schema has required scope enum field
[22m[39m15:57:35.543 [memory:mongodb:schema] info: created collection test_events

[90mstdout[2m | src/mongodb-schema.test.ts[2m > [22m[2mschema constants[2m > [22m[2mevents schema has required scope enum field
[22m[39m15:57:35.543 [memory:mongodb:schema] info: created collection test_entities

[90mstdout[2m | src/mongodb-schema.test.ts[2m > [22m[2mschema constants[2m > [22m[2mevents schema has required scope enum field
[22m[39m15:57:35.543 [memory:mongodb:schema] info: created collection test_relations

[90mstdout[2m | src/mongodb-schema.test.ts[2m > [22m[2mschema constants[2m > [22m[2mevents schema has required scope enum field
[22m[39m15:57:35.543 [memory:mongodb:schema] info: created collection test_entity_links

[90mstdout[2m | src/mongodb-schema.test.ts[2m > [22m[2mschema constants[2m > [22m[2mevents schema has required scope enum field
[22m[39m15:57:35.543 [memory:mongodb:schema] info: created collection test_episodes

[90mstdout[2m | src/mongodb-schema.test.ts[2m > [22m[2mschema constants[2m > [22m[2mevents schema has required scope enum field
[22m[39m15:57:35.543 [memory:mongodb:schema] info: created collection test_ingest_runs

[90mstdout[2m | src/mongodb-schema.test.ts[2m > [22m[2mschema constants[2m > [22m[2mevents schema has required scope enum field
[22m[39m15:57:35.544 [memory:mongodb:schema] info: created collection test_projection_runs

[90mstdout[2m | src/mongodb-schema.test.ts[2m > [22m[2mschema constants[2m > [22m[2mevents schema has required scope enum field
[22m[39m15:57:35.544 [memory:mongodb:schema] info: created collection test_query_cache

[90mstdout[2m | src/mongodb-schema.test.ts[2m > [22m[2mschema constants[2m > [22m[2mevents schema has required scope enum field
[22m[39m15:57:35.544 [memory:mongodb:schema] info: created collection test_memory_mutations

[90mstdout[2m | src/mongodb-schema.test.ts[2m > [22m[2mschema constants[2m > [22m[2mevents schema has required scope enum field
[22m[39m15:57:35.544 [memory:mongodb:schema] info: created collection test_lane_coverage

[90mstdout[2m | src/mongodb-schema.test.ts[2m > [22m[2mschema constants[2m > [22m[2mevents schema has required scope enum field
[22m[39m15:57:35.544 [memory:mongodb:schema] info: created collection test_consolidation_runs

[90mstdout[2m | src/mongodb-schema.test.ts[2m > [22m[2mschema constants[2m > [22m[2mevents schema has required scope enum field
[22m[39m15:57:35.544 [memory:mongodb:schema] info: created collection test_recall_traces

[90mstdout[2m | src/mongodb-schema.test.ts[2m > [22m[2mschema constants[2m > [22m[2mevents schema has required scope enum field
[22m[39m15:57:35.544 [memory:mongodb:schema] info: created collection test_memory_jobs

[90mstdout[2m | src/mongodb-schema.test.ts[2m > [22m[2mschema constants[2m > [22m[2mevents schema has required scope enum field
[22m[39m15:57:35.544 [memory:mongodb:schema] info: created collection test_session_chunks

[90mstdout[2m | src/mongodb-schema.test.ts[2m > [22m[2mschema constants[2m > [22m[2mevents schema has required scope enum field
[22m[39m15:57:35.544 [memory:mongodb:schema] info: created collection test_memory_quarantine

[90mstdout[2m | src/mongodb-schema.test.ts[2m > [22m[2mschema constants[2m > [22m[2mevents schema has required scope enum field
[22m[39m15:57:35.544 [memory:mongodb:schema] info: created time series collection test_memory_telemetry

[90mstdout[2m | src/mongodb-schema.test.ts[2m > [22m[2mschema constants[2m > [22m[2mevents schema has required scope enum field
[22m[39m15:57:35.544 [memory:mongodb:schema] info: created telemetry collection test_memory_telemetry

[90mstdout[2m | src/mongodb-schema.test.ts[2m > [22m[2mschema constants[2m > [22m[2mevents schema has required scope enum field
[22m[39m15:57:35.544 [memory:mongodb:schema] info: created time series collection test_access_events

[90mstdout[2m | src/mongodb-schema.test.ts[2m > [22m[2mschema constants[2m > [22m[2mevents schema has required scope enum field
[22m[39m15:57:35.544 [memory:mongodb:schema] info: created access events collection test_access_events

[90mstdout[2m | src/mongodb-schema.test.ts[2m > [22m[2mschema constants[2m > [22m[2mevents schema has required scope enum field
[22m[39m15:57:35.544 [memory:mongodb:schema] info: applied schema validation to test_chunks

[90mstdout[2m | src/mongodb-schema.test.ts[2m > [22m[2mschema constants[2m > [22m[2mevents schema has required scope enum field
[22m[39m15:57:35.544 [memory:mongodb:schema] info: applied schema validation to test_knowledge_base

[90mstdout[2m | src/mongodb-schema.test.ts[2m > [22m[2mschema constants[2m > [22m[2mevents schema has required scope enum field
[22m[39m15:57:35.544 [memory:mongodb:schema] info: applied schema validation to test_kb_chunks

[90mstdout[2m | src/mongodb-schema.test.ts[2m > [22m[2mschema constants[2m > [22m[2mevents schema has required scope enum field
[22m[39m15:57:35.544 [memory:mongodb:schema] info: applied schema validation to test_structured_mem

[90mstdout[2m | src/mongodb-schema.test.ts[2m > [22m[2mschema constants[2m > [22m[2mevents schema has required scope enum field
[22m[39m15:57:35.544 [memory:mongodb:schema] info: applied schema validation to test_structured_mem_revisions

[90mstdout[2m | src/mongodb-schema.test.ts[2m > [22m[2mschema constants[2m > [22m[2mevents schema has required scope enum field
[22m[39m15:57:35.544 [memory:mongodb:schema] info: applied schema validation to test_procedures

[90mstdout[2m | src/mongodb-schema.test.ts[2m > [22m[2mschema constants[2m > [22m[2mevents schema has required scope enum field
[22m[39m15:57:35.544 [memory:mongodb:schema] info: applied schema validation to test_procedure_revisions

[90mstdout[2m | src/mongodb-schema.test.ts[2m > [22m[2mschema constants[2m > [22m[2mevents schema has required scope enum field
[22m[39m15:57:35.544 [memory:mongodb:schema] info: applied schema validation to test_relevance_runs

[90mstdout[2m | src/mongodb-schema.test.ts[2m > [22m[2mschema constants[2m > [22m[2mevents schema has required scope enum field
[22m[39m15:57:35.544 [memory:mongodb:schema] info: applied schema validation to test_relevance_artifacts

[90mstdout[2m | src/mongodb-schema.test.ts[2m > [22m[2mschema constants[2m > [22m[2mevents schema has required scope enum field
[22m[39m15:57:35.544 [memory:mongodb:schema] info: applied schema validation to test_relevance_regressions

[90mstdout[2m | src/mongodb-schema.test.ts[2m > [22m[2mschema constants[2m > [22m[2mevents schema has required scope enum field
[22m[39m15:57:35.544 [memory:mongodb:schema] info: applied schema validation to test_events

[90mstdout[2m | src/mongodb-schema.test.ts[2m > [22m[2mschema constants[2m > [22m[2mevents schema has required scope enum field
[22m[39m15:57:35.544 [memory:mongodb:schema] info: applied schema validation to test_entities

[90mstdout[2m | src/mongodb-schema.test.ts[2m > [22m[2mschema constants[2m > [22m[2mevents schema has required scope enum field
[22m[39m15:57:35.544 [memory:mongodb:schema] info: applied schema validation to test_relations

[90mstdout[2m | src/mongodb-schema.test.ts[2m > [22m[2mschema constants[2m > [22m[2mevents schema has required scope enum field
[22m[39m15:57:35.544 [memory:mongodb:schema] info: applied schema validation to test_entity_links

[90mstdout[2m | src/mongodb-schema.test.ts[2m > [22m[2mschema constants[2m > [22m[2mevents schema has required scope enum field
[22m[39m15:57:35.544 [memory:mongodb:schema] info: applied schema validation to test_episodes

[90mstdout[2m | src/mongodb-schema.test.ts[2m > [22m[2mschema constants[2m > [22m[2mevents schema has required scope enum field
[22m[39m15:57:35.544 [memory:mongodb:schema] info: applied schema validation to test_ingest_runs

[90mstdout[2m | src/mongodb-schema.test.ts[2m > [22m[2mschema constants[2m > [22m[2mevents schema has required scope enum field
[22m[39m15:57:35.544 [memory:mongodb:schema] info: applied schema validation to test_projection_runs

[90mstdout[2m | src/mongodb-schema.test.ts[2m > [22m[2mschema constants[2m > [22m[2mevents schema has required scope enum field
[22m[39m15:57:35.544 [memory:mongodb:schema] info: applied schema validation to test_query_cache

[90mstdout[2m | src/mongodb-schema.test.ts[2m > [22m[2mschema constants[2m > [22m[2mevents schema has required scope enum field
[22m[39m15:57:35.544 [memory:mongodb:schema] info: applied schema validation to test_memory_mutations

[90mstdout[2m | src/mongodb-schema.test.ts[2m > [22m[2mschema constants[2m > [22m[2mevents schema has required scope enum field
[22m[39m15:57:35.545 [memory:mongodb:schema] info: applied schema validation to test_recall_traces

[90mstdout[2m | src/mongodb-schema.test.ts[2m > [22m[2mschema constants[2m > [22m[2mevents schema has required scope enum field
[22m[39m15:57:35.545 [memory:mongodb:schema] info: applied schema validation to test_memory_jobs

[90mstdout[2m | src/mongodb-schema.test.ts[2m > [22m[2mschema constants[2m > [22m[2mevents schema has required scope enum field
[22m[39m15:57:35.545 [memory:mongodb:schema] info: applied schema validation to test_memory_quarantine

[90mstdout[2m | src/mongodb-schema.test.ts[2m > [22m[2mschema constants[2m > [22m[2mevents schema has required scope enum field
[22m[39m15:57:35.545 [memory:mongodb:schema] info: applied schema validation to test_files

[90mstdout[2m | src/mongodb-schema.test.ts[2m > [22m[2mschema constants[2m > [22m[2mmemory_quarantine collection is created with validator ()
[22m[39m15:57:35.545 [memory:mongodb:schema] info: created collection test_chunks

[90mstdout[2m | src/mongodb-schema.test.ts[2m > [22m[2mschema constants[2m > [22m[2mmemory_quarantine collection is created with validator ()
[22m[39m15:57:35.545 [memory:mongodb:schema] info: created collection test_files

[90mstdout[2m | src/mongodb-schema.test.ts[2m > [22m[2mschema constants[2m > [22m[2mmemory_quarantine collection is created with validator ()
[22m[39m15:57:35.545 [memory:mongodb:schema] info: created collection test_meta

[90mstdout[2m | src/mongodb-schema.test.ts[2m > [22m[2mschema constants[2m > [22m[2mmemory_quarantine collection is created with validator ()
[22m[39m15:57:35.545 [memory:mongodb:schema] info: created collection test_knowledge_base

[90mstdout[2m | src/mongodb-schema.test.ts[2m > [22m[2mschema constants[2m > [22m[2mmemory_quarantine collection is created with validator ()
[22m[39m15:57:35.545 [memory:mongodb:schema] info: created collection test_kb_chunks

[90mstdout[2m | src/mongodb-schema.test.ts[2m > [22m[2mschema constants[2m > [22m[2mmemory_quarantine collection is created with validator ()
[22m[39m15:57:35.545 [memory:mongodb:schema] info: created collection test_structured_mem

[90mstdout[2m | src/mongodb-schema.test.ts[2m > [22m[2mschema constants[2m > [22m[2mmemory_quarantine collection is created with validator ()
[22m[39m15:57:35.545 [memory:mongodb:schema] info: created collection test_structured_mem_revisions

[90mstdout[2m | src/mongodb-schema.test.ts[2m > [22m[2mschema constants[2m > [22m[2mmemory_quarantine collection is created with validator ()
[22m[39m15:57:35.545 [memory:mongodb:schema] info: created collection test_procedures

[90mstdout[2m | src/mongodb-schema.test.ts[2m > [22m[2mschema constants[2m > [22m[2mmemory_quarantine collection is created with validator ()
[22m[39m15:57:35.545 [memory:mongodb:schema] info: created collection test_procedure_revisions

[90mstdout[2m | src/mongodb-schema.test.ts[2m > [22m[2mschema constants[2m > [22m[2mmemory_quarantine collection is created with validator ()
[22m[39m15:57:35.546 [memory:mongodb:schema] info: created collection test_relevance_runs

[90mstdout[2m | src/mongodb-schema.test.ts[2m > [22m[2mschema constants[2m > [22m[2mmemory_quarantine collection is created with validator ()
[22m[39m15:57:35.546 [memory:mongodb:schema] info: created collection test_relevance_artifacts

[90mstdout[2m | src/mongodb-schema.test.ts[2m > [22m[2mschema constants[2m > [22m[2mmemory_quarantine collection is created with validator ()
[22m[39m15:57:35.546 [memory:mongodb:schema] info: created collection test_relevance_regressions

[90mstdout[2m | src/mongodb-schema.test.ts[2m > [22m[2mschema constants[2m > [22m[2mmemory_quarantine collection is created with validator ()
[22m[39m15:57:35.546 [memory:mongodb:schema] info: created collection test_events

[90mstdout[2m | src/mongodb-schema.test.ts[2m > [22m[2mschema constants[2m > [22m[2mmemory_quarantine collection is created with validator ()
[22m[39m15:57:35.546 [memory:mongodb:schema] info: created collection test_entities

[90mstdout[2m | src/mongodb-schema.test.ts[2m > [22m[2mschema constants[2m > [22m[2mmemory_quarantine collection is created with validator ()
[22m[39m15:57:35.546 [memory:mongodb:schema] info: created collection test_relations

[90mstdout[2m | src/mongodb-schema.test.ts[2m > [22m[2mschema constants[2m > [22m[2mmemory_quarantine collection is created with validator ()
[22m[39m15:57:35.546 [memory:mongodb:schema] info: created collection test_entity_links

[90mstdout[2m | src/mongodb-schema.test.ts[2m > [22m[2mschema constants[2m > [22m[2mmemory_quarantine collection is created with validator ()
[22m[39m15:57:35.546 [memory:mongodb:schema] info: created collection test_episodes

[90mstdout[2m | src/mongodb-schema.test.ts[2m > [22m[2mschema constants[2m > [22m[2mmemory_quarantine collection is created with validator ()
[22m[39m15:57:35.546 [memory:mongodb:schema] info: created collection test_ingest_runs

[90mstdout[2m | src/mongodb-schema.test.ts[2m > [22m[2mschema constants[2m > [22m[2mmemory_quarantine collection is created with validator ()
[22m[39m15:57:35.546 [memory:mongodb:schema] info: created collection test_projection_runs

[90mstdout[2m | src/mongodb-schema.test.ts[2m > [22m[2mschema constants[2m > [22m[2mmemory_quarantine collection is created with validator ()
[22m[39m15:57:35.546 [memory:mongodb:schema] info: created collection test_query_cache

[90mstdout[2m | src/mongodb-schema.test.ts[2m > [22m[2mschema constants[2m > [22m[2mmemory_quarantine collection is created with validator ()
[22m[39m15:57:35.546 [memory:mongodb:schema] info: created collection test_memory_mutations

[90mstdout[2m | src/mongodb-schema.test.ts[2m > [22m[2mschema constants[2m > [22m[2mmemory_quarantine collection is created with validator ()
[22m[39m15:57:35.546 [memory:mongodb:schema] info: created collection test_lane_coverage

[90mstdout[2m | src/mongodb-schema.test.ts[2m > [22m[2mschema constants[2m > [22m[2mmemory_quarantine collection is created with validator ()
[22m[39m15:57:35.546 [memory:mongodb:schema] info: created collection test_consolidation_runs

[90mstdout[2m | src/mongodb-schema.test.ts[2m > [22m[2mschema constants[2m > [22m[2mmemory_quarantine collection is created with validator ()
[22m[39m15:57:35.546 [memory:mongodb:schema] info: created collection test_recall_traces

[90mstdout[2m | src/mongodb-schema.test.ts[2m > [22m[2mschema constants[2m > [22m[2mmemory_quarantine collection is created with validator ()
[22m[39m15:57:35.546 [memory:mongodb:schema] info: created collection test_memory_jobs

[90mstdout[2m | src/mongodb-schema.test.ts[2m > [22m[2mschema constants[2m > [22m[2mmemory_quarantine collection is created with validator ()
[22m[39m15:57:35.546 [memory:mongodb:schema] info: created collection test_session_chunks

[90mstdout[2m | src/mongodb-schema.test.ts[2m > [22m[2mschema constants[2m > [22m[2mmemory_quarantine collection is created with validator ()
[22m[39m15:57:35.546 [memory:mongodb:schema] info: created collection test_memory_quarantine

[90mstdout[2m | src/mongodb-schema.test.ts[2m > [22m[2mschema constants[2m > [22m[2mmemory_quarantine collection is created with validator ()
[22m[39m15:57:35.546 [memory:mongodb:schema] info: created time series collection test_memory_telemetry

[90mstdout[2m | src/mongodb-schema.test.ts[2m > [22m[2mschema constants[2m > [22m[2mmemory_quarantine collection is created with validator ()
[22m[39m15:57:35.546 [memory:mongodb:schema] info: created telemetry collection test_memory_telemetry

[90mstdout[2m | src/mongodb-schema.test.ts[2m > [22m[2mschema constants[2m > [22m[2mmemory_quarantine collection is created with validator ()
[22m[39m15:57:35.546 [memory:mongodb:schema] info: created time series collection test_access_events

[90mstdout[2m | src/mongodb-schema.test.ts[2m > [22m[2mschema constants[2m > [22m[2mmemory_quarantine collection is created with validator ()
[22m[39m15:57:35.547 [memory:mongodb:schema] info: created access events collection test_access_events

[90mstdout[2m | src/mongodb-schema.test.ts[2m > [22m[2mschema constants[2m > [22m[2mmemory_quarantine collection is created with validator ()
[22m[39m15:57:35.547 [memory:mongodb:schema] info: applied schema validation to test_chunks

[90mstdout[2m | src/mongodb-schema.test.ts[2m > [22m[2mschema constants[2m > [22m[2mmemory_quarantine collection is created with validator ()
[22m[39m15:57:35.547 [memory:mongodb:schema] info: applied schema validation to test_knowledge_base

[90mstdout[2m | src/mongodb-schema.test.ts[2m > [22m[2mschema constants[2m > [22m[2mmemory_quarantine collection is created with validator ()
[22m[39m15:57:35.547 [memory:mongodb:schema] info: applied schema validation to test_kb_chunks

[90mstdout[2m | src/mongodb-schema.test.ts[2m > [22m[2mschema constants[2m > [22m[2mmemory_quarantine collection is created with validator ()
[22m[39m15:57:35.547 [memory:mongodb:schema] info: applied schema validation to test_structured_mem

[90mstdout[2m | src/mongodb-schema.test.ts[2m > [22m[2mschema constants[2m > [22m[2mmemory_quarantine collection is created with validator ()
[22m[39m15:57:35.547 [memory:mongodb:schema] info: applied schema validation to test_structured_mem_revisions

[90mstdout[2m | src/mongodb-schema.test.ts[2m > [22m[2mschema constants[2m > [22m[2mmemory_quarantine collection is created with validator ()
[22m[39m15:57:35.547 [memory:mongodb:schema] info: applied schema validation to test_procedures

[90mstdout[2m | src/mongodb-schema.test.ts[2m > [22m[2mschema constants[2m > [22m[2mmemory_quarantine collection is created with validator ()
[22m[39m15:57:35.547 [memory:mongodb:schema] info: applied schema validation to test_procedure_revisions

[90mstdout[2m | src/mongodb-schema.test.ts[2m > [22m[2mschema constants[2m > [22m[2mmemory_quarantine collection is created with validator ()
[22m[39m15:57:35.547 [memory:mongodb:schema] info: applied schema validation to test_relevance_runs

[90mstdout[2m | src/mongodb-schema.test.ts[2m > [22m[2mschema constants[2m > [22m[2mmemory_quarantine collection is created with validator ()
[22m[39m15:57:35.547 [memory:mongodb:schema] info: applied schema validation to test_relevance_artifacts

[90mstdout[2m | src/mongodb-schema.test.ts[2m > [22m[2mschema constants[2m > [22m[2mmemory_quarantine collection is created with validator ()
[22m[39m15:57:35.547 [memory:mongodb:schema] info: applied schema validation to test_relevance_regressions

[90mstdout[2m | src/mongodb-schema.test.ts[2m > [22m[2mschema constants[2m > [22m[2mmemory_quarantine collection is created with validator ()
[22m[39m15:57:35.547 [memory:mongodb:schema] info: applied schema validation to test_events

[90mstdout[2m | src/mongodb-schema.test.ts[2m > [22m[2mschema constants[2m > [22m[2mmemory_quarantine collection is created with validator ()
[22m[39m15:57:35.547 [memory:mongodb:schema] info: applied schema validation to test_entities

[90mstdout[2m | src/mongodb-schema.test.ts[2m > [22m[2mschema constants[2m > [22m[2mmemory_quarantine collection is created with validator ()
[22m[39m15:57:35.547 [memory:mongodb:schema] info: applied schema validation to test_relations

[90mstdout[2m | src/mongodb-schema.test.ts[2m > [22m[2mschema constants[2m > [22m[2mmemory_quarantine collection is created with validator ()
[22m[39m15:57:35.547 [memory:mongodb:schema] info: applied schema validation to test_entity_links

[90mstdout[2m | src/mongodb-schema.test.ts[2m > [22m[2mschema constants[2m > [22m[2mmemory_quarantine collection is created with validator ()
[22m[39m15:57:35.547 [memory:mongodb:schema] info: applied schema validation to test_episodes

[90mstdout[2m | src/mongodb-schema.test.ts[2m > [22m[2mschema constants[2m > [22m[2mmemory_quarantine collection is created with validator ()
[22m[39m15:57:35.547 [memory:mongodb:schema] info: applied schema validation to test_ingest_runs

[90mstdout[2m | src/mongodb-schema.test.ts[2m > [22m[2mschema constants[2m > [22m[2mmemory_quarantine collection is created with validator ()
[22m[39m15:57:35.547 [memory:mongodb:schema] info: applied schema validation to test_projection_runs

[90mstdout[2m | src/mongodb-schema.test.ts[2m > [22m[2mschema constants[2m > [22m[2mmemory_quarantine collection is created with validator ()
[22m[39m15:57:35.547 [memory:mongodb:schema] info: applied schema validation to test_query_cache

[90mstdout[2m | src/mongodb-schema.test.ts[2m > [22m[2mschema constants[2m > [22m[2mmemory_quarantine collection is created with validator ()
[22m[39m15:57:35.547 [memory:mongodb:schema] info: applied schema validation to test_memory_mutations

[90mstdout[2m | src/mongodb-schema.test.ts[2m > [22m[2mschema constants[2m > [22m[2mmemory_quarantine collection is created with validator ()
[22m[39m15:57:35.547 [memory:mongodb:schema] info: applied schema validation to test_recall_traces

[90mstdout[2m | src/mongodb-schema.test.ts[2m > [22m[2mschema constants[2m > [22m[2mmemory_quarantine collection is created with validator ()
[22m[39m15:57:35.547 [memory:mongodb:schema] info: applied schema validation to test_memory_jobs

[90mstdout[2m | src/mongodb-schema.test.ts[2m > [22m[2mschema constants[2m > [22m[2mmemory_quarantine collection is created with validator ()
[22m[39m15:57:35.548 [memory:mongodb:schema] info: applied schema validation to test_memory_quarantine

[90mstdout[2m | src/mongodb-schema.test.ts[2m > [22m[2mschema constants[2m > [22m[2mmemory_quarantine collection is created with validator ()
[22m[39m15:57:35.548 [memory:mongodb:schema] info: applied schema validation to test_files

[90mstdout[2m | src/mongodb-schema.test.ts[2m > [22m[2mschema constants[2m > [22m[2mevents schema includes bi-temporal validAt + invalidAt ()
[22m[39m15:57:35.548 [memory:mongodb:schema] info: created collection test_chunks

[90mstdout[2m | src/mongodb-schema.test.ts[2m > [22m[2mschema constants[2m > [22m[2mevents schema includes bi-temporal validAt + invalidAt ()
[22m[39m15:57:35.548 [memory:mongodb:schema] info: created collection test_files

[90mstdout[2m | src/mongodb-schema.test.ts[2m > [22m[2mschema constants[2m > [22m[2mevents schema includes bi-temporal validAt + invalidAt ()
[22m[39m15:57:35.548 [memory:mongodb:schema] info: created collection test_meta

[90mstdout[2m | src/mongodb-schema.test.ts[2m > [22m[2mschema constants[2m > [22m[2mevents schema includes bi-temporal validAt + invalidAt ()
[22m[39m15:57:35.548 [memory:mongodb:schema] info: created collection test_knowledge_base

[90mstdout[2m | src/mongodb-schema.test.ts[2m > [22m[2mschema constants[2m > [22m[2mevents schema includes bi-temporal validAt + invalidAt ()
[22m[39m15:57:35.548 [memory:mongodb:schema] info: created collection test_kb_chunks

[90mstdout[2m | src/mongodb-schema.test.ts[2m > [22m[2mschema constants[2m > [22m[2mevents schema includes bi-temporal validAt + invalidAt ()
[22m[39m15:57:35.548 [memory:mongodb:schema] info: created collection test_structured_mem

[90mstdout[2m | src/mongodb-schema.test.ts[2m > [22m[2mschema constants[2m > [22m[2mevents schema includes bi-temporal validAt + invalidAt ()
[22m[39m15:57:35.548 [memory:mongodb:schema] info: created collection test_structured_mem_revisions

[90mstdout[2m | src/mongodb-schema.test.ts[2m > [22m[2mschema constants[2m > [22m[2mevents schema includes bi-temporal validAt + invalidAt ()
[22m[39m15:57:35.548 [memory:mongodb:schema] info: created collection test_procedures

[90mstdout[2m | src/mongodb-schema.test.ts[2m > [22m[2mschema constants[2m > [22m[2mevents schema includes bi-temporal validAt + invalidAt ()
[22m[39m15:57:35.549 [memory:mongodb:schema] info: created collection test_procedure_revisions

[90mstdout[2m | src/mongodb-schema.test.ts[2m > [22m[2mschema constants[2m > [22m[2mevents schema includes bi-temporal validAt + invalidAt ()
[22m[39m15:57:35.549 [memory:mongodb:schema] info: created collection test_relevance_runs

[90mstdout[2m | src/mongodb-schema.test.ts[2m > [22m[2mschema constants[2m > [22m[2mevents schema includes bi-temporal validAt + invalidAt ()
[22m[39m15:57:35.549 [memory:mongodb:schema] info: created collection test_relevance_artifacts

[90mstdout[2m | src/mongodb-schema.test.ts[2m > [22m[2mschema constants[2m > [22m[2mevents schema includes bi-temporal validAt + invalidAt ()
[22m[39m15:57:35.549 [memory:mongodb:schema] info: created collection test_relevance_regressions

[90mstdout[2m | src/mongodb-schema.test.ts[2m > [22m[2mschema constants[2m > [22m[2mevents schema includes bi-temporal validAt + invalidAt ()
[22m[39m15:57:35.549 [memory:mongodb:schema] info: created collection test_events

[90mstdout[2m | src/mongodb-schema.test.ts[2m > [22m[2mschema constants[2m > [22m[2mevents schema includes bi-temporal validAt + invalidAt ()
[22m[39m15:57:35.549 [memory:mongodb:schema] info: created collection test_entities

[90mstdout[2m | src/mongodb-schema.test.ts[2m > [22m[2mschema constants[2m > [22m[2mevents schema includes bi-temporal validAt + invalidAt ()
[22m[39m15:57:35.549 [memory:mongodb:schema] info: created collection test_relations

[90mstdout[2m | src/mongodb-schema.test.ts[2m > [22m[2mschema constants[2m > [22m[2mevents schema includes bi-temporal validAt + invalidAt ()
[22m[39m15:57:35.549 [memory:mongodb:schema] info: created collection test_entity_links

[90mstdout[2m | src/mongodb-schema.test.ts[2m > [22m[2mschema constants[2m > [22m[2mevents schema includes bi-temporal validAt + invalidAt ()
[22m[39m15:57:35.549 [memory:mongodb:schema] info: created collection test_episodes

[90mstdout[2m | src/mongodb-schema.test.ts[2m > [22m[2mschema constants[2m > [22m[2mevents schema includes bi-temporal validAt + invalidAt ()
[22m[39m15:57:35.549 [memory:mongodb:schema] info: created collection test_ingest_runs

[90mstdout[2m | src/mongodb-schema.test.ts[2m > [22m[2mschema constants[2m > [22m[2mevents schema includes bi-temporal validAt + invalidAt ()
[22m[39m15:57:35.549 [memory:mongodb:schema] info: created collection test_projection_runs

[90mstdout[2m | src/mongodb-schema.test.ts[2m > [22m[2mschema constants[2m > [22m[2mevents schema includes bi-temporal validAt + invalidAt ()
[22m[39m15:57:35.549 [memory:mongodb:schema] info: created collection test_query_cache

[90mstdout[2m | src/mongodb-schema.test.ts[2m > [22m[2mschema constants[2m > [22m[2mevents schema includes bi-temporal validAt + invalidAt ()
[22m[39m15:57:35.549 [memory:mongodb:schema] info: created collection test_memory_mutations

[90mstdout[2m | src/mongodb-schema.test.ts[2m > [22m[2mschema constants[2m > [22m[2mevents schema includes bi-temporal validAt + invalidAt ()
[22m[39m15:57:35.549 [memory:mongodb:schema] info: created collection test_lane_coverage

[90mstdout[2m | src/mongodb-schema.test.ts[2m > [22m[2mschema constants[2m > [22m[2mevents schema includes bi-temporal validAt + invalidAt ()
[22m[39m15:57:35.549 [memory:mongodb:schema] info: created collection test_consolidation_runs

[90mstdout[2m | src/mongodb-schema.test.ts[2m > [22m[2mschema constants[2m > [22m[2mevents schema includes bi-temporal validAt + invalidAt ()
[22m[39m15:57:35.549 [memory:mongodb:schema] info: created collection test_recall_traces

[90mstdout[2m | src/mongodb-schema.test.ts[2m > [22m[2mschema constants[2m > [22m[2mevents schema includes bi-temporal validAt + invalidAt ()
[22m[39m15:57:35.549 [memory:mongodb:schema] info: created collection test_memory_jobs

[90mstdout[2m | src/mongodb-schema.test.ts[2m > [22m[2mschema constants[2m > [22m[2mevents schema includes bi-temporal validAt + invalidAt ()
[22m[39m15:57:35.550 [memory:mongodb:schema] info: created collection test_session_chunks

[90mstdout[2m | src/mongodb-schema.test.ts[2m > [22m[2mschema constants[2m > [22m[2mevents schema includes bi-temporal validAt + invalidAt ()
[22m[39m15:57:35.550 [memory:mongodb:schema] info: created collection test_memory_quarantine

[90mstdout[2m | src/mongodb-schema.test.ts[2m > [22m[2mschema constants[2m > [22m[2mevents schema includes bi-temporal validAt + invalidAt ()
[22m[39m15:57:35.550 [memory:mongodb:schema] info: created time series collection test_memory_telemetry

[90mstdout[2m | src/mongodb-schema.test.ts[2m > [22m[2mschema constants[2m > [22m[2mevents schema includes bi-temporal validAt + invalidAt ()
[22m[39m15:57:35.550 [memory:mongodb:schema] info: created telemetry collection test_memory_telemetry

[90mstdout[2m | src/mongodb-schema.test.ts[2m > [22m[2mschema constants[2m > [22m[2mevents schema includes bi-temporal validAt + invalidAt ()
[22m[39m15:57:35.550 [memory:mongodb:schema] info: created time series collection test_access_events

[90mstdout[2m | src/mongodb-schema.test.ts[2m > [22m[2mschema constants[2m > [22m[2mevents schema includes bi-temporal validAt + invalidAt ()
[22m[39m15:57:35.550 [memory:mongodb:schema] info: created access events collection test_access_events

[90mstdout[2m | src/mongodb-schema.test.ts[2m > [22m[2mschema constants[2m > [22m[2mevents schema includes bi-temporal validAt + invalidAt ()
[22m[39m15:57:35.550 [memory:mongodb:schema] info: applied schema validation to test_chunks

[90mstdout[2m | src/mongodb-schema.test.ts[2m > [22m[2mschema constants[2m > [22m[2mevents schema includes bi-temporal validAt + invalidAt ()
[22m[39m15:57:35.550 [memory:mongodb:schema] info: applied schema validation to test_knowledge_base

[90mstdout[2m | src/mongodb-schema.test.ts[2m > [22m[2mschema constants[2m > [22m[2mevents schema includes bi-temporal validAt + invalidAt ()
[22m[39m15:57:35.550 [memory:mongodb:schema] info: applied schema validation to test_kb_chunks

[90mstdout[2m | src/mongodb-schema.test.ts[2m > [22m[2mschema constants[2m > [22m[2mevents schema includes bi-temporal validAt + invalidAt ()
[22m[39m15:57:35.550 [memory:mongodb:schema] info: applied schema validation to test_structured_mem

[90mstdout[2m | src/mongodb-schema.test.ts[2m > [22m[2mschema constants[2m > [22m[2mevents schema includes bi-temporal validAt + invalidAt ()
[22m[39m15:57:35.550 [memory:mongodb:schema] info: applied schema validation to test_structured_mem_revisions

[90mstdout[2m | src/mongodb-schema.test.ts[2m > [22m[2mschema constants[2m > [22m[2mevents schema includes bi-temporal validAt + invalidAt ()
[22m[39m15:57:35.550 [memory:mongodb:schema] info: applied schema validation to test_procedures

[90mstdout[2m | src/mongodb-schema.test.ts[2m > [22m[2mschema constants[2m > [22m[2mevents schema includes bi-temporal validAt + invalidAt ()
[22m[39m15:57:35.550 [memory:mongodb:schema] info: applied schema validation to test_procedure_revisions

[90mstdout[2m | src/mongodb-schema.test.ts[2m > [22m[2mschema constants[2m > [22m[2mevents schema includes bi-temporal validAt + invalidAt ()
[22m[39m15:57:35.550 [memory:mongodb:schema] info: applied schema validation to test_relevance_runs

[90mstdout[2m | src/mongodb-schema.test.ts[2m > [22m[2mschema constants[2m > [22m[2mevents schema includes bi-temporal validAt + invalidAt ()
[22m[39m15:57:35.550 [memory:mongodb:schema] info: applied schema validation to test_relevance_artifacts

[90mstdout[2m | src/mongodb-schema.test.ts[2m > [22m[2mschema constants[2m > [22m[2mevents schema includes bi-temporal validAt + invalidAt ()
[22m[39m15:57:35.550 [memory:mongodb:schema] info: applied schema validation to test_relevance_regressions

[90mstdout[2m | src/mongodb-schema.test.ts[2m > [22m[2mschema constants[2m > [22m[2mevents schema includes bi-temporal validAt + invalidAt ()
[22m[39m15:57:35.550 [memory:mongodb:schema] info: applied schema validation to test_events

[90mstdout[2m | src/mongodb-schema.test.ts[2m > [22m[2mschema constants[2m > [22m[2mevents schema includes bi-temporal validAt + invalidAt ()
[22m[39m15:57:35.550 [memory:mongodb:schema] info: applied schema validation to test_entities

[90mstdout[2m | src/mongodb-schema.test.ts[2m > [22m[2mschema constants[2m > [22m[2mevents schema includes bi-temporal validAt + invalidAt ()
[22m[39m15:57:35.550 [memory:mongodb:schema] info: applied schema validation to test_relations

[90mstdout[2m | src/mongodb-schema.test.ts[2m > [22m[2mschema constants[2m > [22m[2mevents schema includes bi-temporal validAt + invalidAt ()
[22m[39m15:57:35.550 [memory:mongodb:schema] info: applied schema validation to test_entity_links

[90mstdout[2m | src/mongodb-schema.test.ts[2m > [22m[2mschema constants[2m > [22m[2mevents schema includes bi-temporal validAt + invalidAt ()
[22m[39m15:57:35.550 [memory:mongodb:schema] info: applied schema validation to test_episodes

[90mstdout[2m | src/mongodb-schema.test.ts[2m > [22m[2mschema constants[2m > [22m[2mevents schema includes bi-temporal validAt + invalidAt ()
[22m[39m15:57:35.550 [memory:mongodb:schema] info: applied schema validation to test_ingest_runs

[90mstdout[2m | src/mongodb-schema.test.ts[2m > [22m[2mschema constants[2m > [22m[2mevents schema includes bi-temporal validAt + invalidAt ()
[22m[39m15:57:35.550 [memory:mongodb:schema] info: applied schema validation to test_projection_runs

[90mstdout[2m | src/mongodb-schema.test.ts[2m > [22m[2mschema constants[2m > [22m[2mevents schema includes bi-temporal validAt + invalidAt ()
[22m[39m15:57:35.550 [memory:mongodb:schema] info: applied schema validation to test_query_cache

[90mstdout[2m | src/mongodb-schema.test.ts[2m > [22m[2mschema constants[2m > [22m[2mevents schema includes bi-temporal validAt + invalidAt ()
[22m[39m15:57:35.550 [memory:mongodb:schema] info: applied schema validation to test_memory_mutations

[90mstdout[2m | src/mongodb-schema.test.ts[2m > [22m[2mschema constants[2m > [22m[2mevents schema includes bi-temporal validAt + invalidAt ()
[22m[39m15:57:35.550 [memory:mongodb:schema] info: applied schema validation to test_recall_traces

[90mstdout[2m | src/mongodb-schema.test.ts[2m > [22m[2mschema constants[2m > [22m[2mevents schema includes bi-temporal validAt + invalidAt ()
[22m[39m15:57:35.550 [memory:mongodb:schema] info: applied schema validation to test_memory_jobs

[90mstdout[2m | src/mongodb-schema.test.ts[2m > [22m[2mschema constants[2m > [22m[2mevents schema includes bi-temporal validAt + invalidAt ()
[22m[39m15:57:35.550 [memory:mongodb:schema] info: applied schema validation to test_memory_quarantine

[90mstdout[2m | src/mongodb-schema.test.ts[2m > [22m[2mschema constants[2m > [22m[2mevents schema includes bi-temporal validAt + invalidAt ()
[22m[39m15:57:35.551 [memory:mongodb:schema] info: applied schema validation to test_files

[90mstdout[2m | src/mongodb-schema.test.ts[2m > [22m[2mschema constants[2m > [22m[2mchunks collection has polymorphic schema validation (F15)
[22m[39m15:57:35.551 [memory:mongodb:schema] info: created collection test_chunks

[90mstdout[2m | src/mongodb-schema.test.ts[2m > [22m[2mschema constants[2m > [22m[2mchunks collection has polymorphic schema validation (F15)
[22m[39m15:57:35.551 [memory:mongodb:schema] info: created collection test_files

[90mstdout[2m | src/mongodb-schema.test.ts[2m > [22m[2mschema constants[2m > [22m[2mchunks collection has polymorphic schema validation (F15)
[22m[39m15:57:35.551 [memory:mongodb:schema] info: created collection test_meta

[90mstdout[2m | src/mongodb-schema.test.ts[2m > [22m[2mschema constants[2m > [22m[2mchunks collection has polymorphic schema validation (F15)
[22m[39m15:57:35.551 [memory:mongodb:schema] info: created collection test_knowledge_base

[90mstdout[2m | src/mongodb-schema.test.ts[2m > [22m[2mschema constants[2m > [22m[2mchunks collection has polymorphic schema validation (F15)
[22m[39m15:57:35.551 [memory:mongodb:schema] info: created collection test_kb_chunks

[90mstdout[2m | src/mongodb-schema.test.ts[2m > [22m[2mschema constants[2m > [22m[2mchunks collection has polymorphic schema validation (F15)
[22m[39m15:57:35.551 [memory:mongodb:schema] info: created collection test_structured_mem

[90mstdout[2m | src/mongodb-schema.test.ts[2m > [22m[2mschema constants[2m > [22m[2mchunks collection has polymorphic schema validation (F15)
[22m[39m15:57:35.551 [memory:mongodb:schema] info: created collection test_structured_mem_revisions

[90mstdout[2m | src/mongodb-schema.test.ts[2m > [22m[2mschema constants[2m > [22m[2mchunks collection has polymorphic schema validation (F15)
[22m[39m15:57:35.552 [memory:mongodb:schema] info: created collection test_procedures

[90mstdout[2m | src/mongodb-schema.test.ts[2m > [22m[2mschema constants[2m > [22m[2mchunks collection has polymorphic schema validation (F15)
[22m[39m15:57:35.552 [memory:mongodb:schema] info: created collection test_procedure_revisions

[90mstdout[2m | src/mongodb-schema.test.ts[2m > [22m[2mschema constants[2m > [22m[2mchunks collection has polymorphic schema validation (F15)
[22m[39m15:57:35.552 [memory:mongodb:schema] info: created collection test_relevance_runs

[90mstdout[2m | src/mongodb-schema.test.ts[2m > [22m[2mschema constants[2m > [22m[2mchunks collection has polymorphic schema validation (F15)
[22m[39m15:57:35.552 [memory:mongodb:schema] info: created collection test_relevance_artifacts

[90mstdout[2m | src/mongodb-schema.test.ts[2m > [22m[2mschema constants[2m > [22m[2mchunks collection has polymorphic schema validation (F15)
[22m[39m15:57:35.553 [memory:mongodb:schema] info: created collection test_relevance_regressions

[90mstdout[2m | src/mongodb-schema.test.ts[2m > [22m[2mschema constants[2m > [22m[2mchunks collection has polymorphic schema validation (F15)
[22m[39m15:57:35.553 [memory:mongodb:schema] info: created collection test_events

[90mstdout[2m | src/mongodb-schema.test.ts[2m > [22m[2mschema constants[2m > [22m[2mchunks collection has polymorphic schema validation (F15)
[22m[39m15:57:35.553 [memory:mongodb:schema] info: created collection test_entities

[90mstdout[2m | src/mongodb-schema.test.ts[2m > [22m[2mschema constants[2m > [22m[2mchunks collection has polymorphic schema validation (F15)
[22m[39m15:57:35.553 [memory:mongodb:schema] info: created collection test_relations

[90mstdout[2m | src/mongodb-schema.test.ts[2m > [22m[2mschema constants[2m > [22m[2mchunks collection has polymorphic schema validation (F15)
[22m[39m15:57:35.554 [memory:mongodb:schema] info: created collection test_entity_links

[90mstdout[2m | src/mongodb-schema.test.ts[2m > [22m[2mschema constants[2m > [22m[2mchunks collection has polymorphic schema validation (F15)
[22m[39m15:57:35.554 [memory:mongodb:schema] info: created collection test_episodes

[90mstdout[2m | src/mongodb-schema.test.ts[2m > [22m[2mschema constants[2m > [22m[2mchunks collection has polymorphic schema validation (F15)
[22m[39m15:57:35.554 [memory:mongodb:schema] info: created collection test_ingest_runs

[90mstdout[2m | src/mongodb-schema.test.ts[2m > [22m[2mschema constants[2m > [22m[2mchunks collection has polymorphic schema validation (F15)
[22m[39m15:57:35.554 [memory:mongodb:schema] info: created collection test_projection_runs

[90mstdout[2m | src/mongodb-schema.test.ts[2m > [22m[2mschema constants[2m > [22m[2mchunks collection has polymorphic schema validation (F15)
[22m[39m15:57:35.554 [memory:mongodb:schema] info: created collection test_query_cache

[90mstdout[2m | src/mongodb-schema.test.ts[2m > [22m[2mschema constants[2m > [22m[2mchunks collection has polymorphic schema validation (F15)
[22m[39m15:57:35.554 [memory:mongodb:schema] info: created collection test_memory_mutations

[90mstdout[2m | src/mongodb-schema.test.ts[2m > [22m[2mschema constants[2m > [22m[2mchunks collection has polymorphic schema validation (F15)
[22m[39m15:57:35.554 [memory:mongodb:schema] info: created collection test_lane_coverage

[90mstdout[2m | src/mongodb-schema.test.ts[2m > [22m[2mschema constants[2m > [22m[2mchunks collection has polymorphic schema validation (F15)
[22m[39m15:57:35.554 [memory:mongodb:schema] info: created collection test_consolidation_runs

[90mstdout[2m | src/mongodb-schema.test.ts[2m > [22m[2mschema constants[2m > [22m[2mchunks collection has polymorphic schema validation (F15)
[22m[39m15:57:35.555 [memory:mongodb:schema] info: created collection test_recall_traces

[90mstdout[2m | src/mongodb-schema.test.ts[2m > [22m[2mschema constants[2m > [22m[2mchunks collection has polymorphic schema validation (F15)
[22m[39m15:57:35.555 [memory:mongodb:schema] info: created collection test_memory_jobs

[90mstdout[2m | src/mongodb-schema.test.ts[2m > [22m[2mschema constants[2m > [22m[2mchunks collection has polymorphic schema validation (F15)
[22m[39m15:57:35.555 [memory:mongodb:schema] info: created collection test_session_chunks

[90mstdout[2m | src/mongodb-schema.test.ts[2m > [22m[2mschema constants[2m > [22m[2mchunks collection has polymorphic schema validation (F15)
[22m[39m15:57:35.555 [memory:mongodb:schema] info: created collection test_memory_quarantine

[90mstdout[2m | src/mongodb-schema.test.ts[2m > [22m[2mschema constants[2m > [22m[2mchunks collection has polymorphic schema validation (F15)
[22m[39m15:57:35.555 [memory:mongodb:schema] info: created time series collection test_memory_telemetry

[90mstdout[2m | src/mongodb-schema.test.ts[2m > [22m[2mschema constants[2m > [22m[2mchunks collection has polymorphic schema validation (F15)
[22m[39m15:57:35.555 [memory:mongodb:schema] info: created telemetry collection test_memory_telemetry

[90mstdout[2m | src/mongodb-schema.test.ts[2m > [22m[2mschema constants[2m > [22m[2mchunks collection has polymorphic schema validation (F15)
[22m[39m15:57:35.555 [memory:mongodb:schema] info: created time series collection test_access_events

[90mstdout[2m | src/mongodb-schema.test.ts[2m > [22m[2mschema constants[2m > [22m[2mchunks collection has polymorphic schema validation (F15)
[22m[39m15:57:35.555 [memory:mongodb:schema] info: created access events collection test_access_events

[90mstdout[2m | src/mongodb-schema.test.ts[2m > [22m[2mschema constants[2m > [22m[2mchunks collection has polymorphic schema validation (F15)
[22m[39m15:57:35.555 [memory:mongodb:schema] info: applied schema validation to test_chunks

[90mstdout[2m | src/mongodb-schema.test.ts[2m > [22m[2mschema constants[2m > [22m[2mchunks collection has polymorphic schema validation (F15)
[22m[39m15:57:35.555 [memory:mongodb:schema] info: applied schema validation to test_knowledge_base

[90mstdout[2m | src/mongodb-schema.test.ts[2m > [22m[2mschema constants[2m > [22m[2mchunks collection has polymorphic schema validation (F15)
[22m[39m15:57:35.556 [memory:mongodb:schema] info: applied schema validation to test_kb_chunks

[90mstdout[2m | src/mongodb-schema.test.ts[2m > [22m[2mschema constants[2m > [22m[2mchunks collection has polymorphic schema validation (F15)
[22m[39m15:57:35.556 [memory:mongodb:schema] info: applied schema validation to test_structured_mem

[90mstdout[2m | src/mongodb-schema.test.ts[2m > [22m[2mschema constants[2m > [22m[2mchunks collection has polymorphic schema validation (F15)
[22m[39m15:57:35.557 [memory:mongodb:schema] info: applied schema validation to test_structured_mem_revisions

[90mstdout[2m | src/mongodb-schema.test.ts[2m > [22m[2mschema constants[2m > [22m[2mchunks collection has polymorphic schema validation (F15)
[22m[39m15:57:35.557 [memory:mongodb:schema] info: applied schema validation to test_procedures

[90mstdout[2m | src/mongodb-schema.test.ts[2m > [22m[2mschema constants[2m > [22m[2mchunks collection has polymorphic schema validation (F15)
[22m[39m15:57:35.557 [memory:mongodb:schema] info: applied schema validation to test_procedure_revisions

[90mstdout[2m | src/mongodb-schema.test.ts[2m > [22m[2mschema constants[2m > [22m[2mchunks collection has polymorphic schema validation (F15)
[22m[39m15:57:35.557 [memory:mongodb:schema] info: applied schema validation to test_relevance_runs

[90mstdout[2m | src/mongodb-schema.test.ts[2m > [22m[2mschema constants[2m > [22m[2mchunks collection has polymorphic schema validation (F15)
[22m[39m15:57:35.557 [memory:mongodb:schema] info: applied schema validation to test_relevance_artifacts

[90mstdout[2m | src/mongodb-schema.test.ts[2m > [22m[2mschema constants[2m > [22m[2mchunks collection has polymorphic schema validation (F15)
[22m[39m15:57:35.557 [memory:mongodb:schema] info: applied schema validation to test_relevance_regressions

[90mstdout[2m | src/mongodb-schema.test.ts[2m > [22m[2mschema constants[2m > [22m[2mchunks collection has polymorphic schema validation (F15)
[22m[39m15:57:35.557 [memory:mongodb:schema] info: applied schema validation to test_events

[90mstdout[2m | src/mongodb-schema.test.ts[2m > [22m[2mschema constants[2m > [22m[2mchunks collection has polymorphic schema validation (F15)
[22m[39m15:57:35.557 [memory:mongodb:schema] info: applied schema validation to test_entities

[90mstdout[2m | src/mongodb-schema.test.ts[2m > [22m[2mschema constants[2m > [22m[2mchunks collection has polymorphic schema validation (F15)
[22m[39m15:57:35.557 [memory:mongodb:schema] info: applied schema validation to test_relations

[90mstdout[2m | src/mongodb-schema.test.ts[2m > [22m[2mschema constants[2m > [22m[2mchunks collection has polymorphic schema validation (F15)
[22m[39m15:57:35.557 [memory:mongodb:schema] info: applied schema validation to test_entity_links

[90mstdout[2m | src/mongodb-schema.test.ts[2m > [22m[2mschema constants[2m > [22m[2mchunks collection has polymorphic schema validation (F15)
[22m[39m15:57:35.557 [memory:mongodb:schema] info: applied schema validation to test_episodes

[90mstdout[2m | src/mongodb-schema.test.ts[2m > [22m[2mschema constants[2m > [22m[2mchunks collection has polymorphic schema validation (F15)
[22m[39m15:57:35.557 [memory:mongodb:schema] info: applied schema validation to test_ingest_runs

[90mstdout[2m | src/mongodb-schema.test.ts[2m > [22m[2mschema constants[2m > [22m[2mchunks collection has polymorphic schema validation (F15)
[22m[39m15:57:35.557 [memory:mongodb:schema] info: applied schema validation to test_projection_runs

[90mstdout[2m | src/mongodb-schema.test.ts[2m > [22m[2mschema constants[2m > [22m[2mchunks collection has polymorphic schema validation (F15)
[22m[39m15:57:35.557 [memory:mongodb:schema] info: applied schema validation to test_query_cache

[90mstdout[2m | src/mongodb-schema.test.ts[2m > [22m[2mschema constants[2m > [22m[2mchunks collection has polymorphic schema validation (F15)
[22m[39m15:57:35.557 [memory:mongodb:schema] info: applied schema validation to test_memory_mutations

[90mstdout[2m | src/mongodb-schema.test.ts[2m > [22m[2mschema constants[2m > [22m[2mchunks collection has polymorphic schema validation (F15)
[22m[39m15:57:35.557 [memory:mongodb:schema] info: applied schema validation to test_recall_traces

[90mstdout[2m | src/mongodb-schema.test.ts[2m > [22m[2mschema constants[2m > [22m[2mchunks collection has polymorphic schema validation (F15)
[22m[39m15:57:35.557 [memory:mongodb:schema] info: applied schema validation to test_memory_jobs

[90mstdout[2m | src/mongodb-schema.test.ts[2m > [22m[2mschema constants[2m > [22m[2mchunks collection has polymorphic schema validation (F15)
[22m[39m15:57:35.557 [memory:mongodb:schema] info: applied schema validation to test_memory_quarantine

[90mstdout[2m | src/mongodb-schema.test.ts[2m > [22m[2mschema constants[2m > [22m[2mchunks collection has polymorphic schema validation (F15)
[22m[39m15:57:35.557 [memory:mongodb:schema] info: applied schema validation to test_files

[90mstdout[2m | src/mongodb-schema.test.ts[2m > [22m[2mensureCollections[2m > [22m[2mcreates all collections when none exist, including both time series collections
[22m[39m15:57:35.558 [memory:mongodb:schema] info: created collection test_chunks

[90mstdout[2m | src/mongodb-schema.test.ts[2m > [22m[2mensureCollections[2m > [22m[2mcreates all collections when none exist, including both time series collections
[22m[39m15:57:35.558 [memory:mongodb:schema] info: created collection test_files

[90mstdout[2m | src/mongodb-schema.test.ts[2m > [22m[2mensureCollections[2m > [22m[2mcreates all collections when none exist, including both time series collections
[22m[39m15:57:35.558 [memory:mongodb:schema] info: created collection test_meta

[90mstdout[2m | src/mongodb-schema.test.ts[2m > [22m[2mensureCollections[2m > [22m[2mcreates all collections when none exist, including both time series collections
[22m[39m15:57:35.558 [memory:mongodb:schema] info: created collection test_knowledge_base

[90mstdout[2m | src/mongodb-schema.test.ts[2m > [22m[2mensureCollections[2m > [22m[2mcreates all collections when none exist, including both time series collections
[22m[39m15:57:35.558 [memory:mongodb:schema] info: created collection test_kb_chunks

[90mstdout[2m | src/mongodb-schema.test.ts[2m > [22m[2mensureCollections[2m > [22m[2mcreates all collections when none exist, including both time series collections
[22m[39m15:57:35.558 [memory:mongodb:schema] info: created collection test_structured_mem

[90mstdout[2m | src/mongodb-schema.test.ts[2m > [22m[2mensureCollections[2m > [22m[2mcreates all collections when none exist, including both time series collections
[22m[39m15:57:35.558 [memory:mongodb:schema] info: created collection test_structured_mem_revisions

[90mstdout[2m | src/mongodb-schema.test.ts[2m > [22m[2mensureCollections[2m > [22m[2mcreates all collections when none exist, including both time series collections
[22m[39m15:57:35.559 [memory:mongodb:schema] info: created collection test_procedures

[90mstdout[2m | src/mongodb-schema.test.ts[2m > [22m[2mensureCollections[2m > [22m[2mcreates all collections when none exist, including both time series collections
[22m[39m15:57:35.559 [memory:mongodb:schema] info: created collection test_procedure_revisions

[90mstdout[2m | src/mongodb-schema.test.ts[2m > [22m[2mensureCollections[2m > [22m[2mcreates all collections when none exist, including both time series collections
[22m[39m15:57:35.559 [memory:mongodb:schema] info: created collection test_relevance_runs

[90mstdout[2m | src/mongodb-schema.test.ts[2m > [22m[2mensureCollections[2m > [22m[2mcreates all collections when none exist, including both time series collections
[22m[39m15:57:35.559 [memory:mongodb:schema] info: created collection test_relevance_artifacts

[90mstdout[2m | src/mongodb-schema.test.ts[2m > [22m[2mensureCollections[2m > [22m[2mcreates all collections when none exist, including both time series collections
[22m[39m15:57:35.559 [memory:mongodb:schema] info: created collection test_relevance_regressions

[90mstdout[2m | src/mongodb-schema.test.ts[2m > [22m[2mensureCollections[2m > [22m[2mcreates all collections when none exist, including both time series collections
[22m[39m15:57:35.559 [memory:mongodb:schema] info: created collection test_events

[90mstdout[2m | src/mongodb-schema.test.ts[2m > [22m[2mensureCollections[2m > [22m[2mcreates all collections when none exist, including both time series collections
[22m[39m15:57:35.559 [memory:mongodb:schema] info: created collection test_entities

[90mstdout[2m | src/mongodb-schema.test.ts[2m > [22m[2mensureCollections[2m > [22m[2mcreates all collections when none exist, including both time series collections
[22m[39m15:57:35.559 [memory:mongodb:schema] info: created collection test_relations

[90mstdout[2m | src/mongodb-schema.test.ts[2m > [22m[2mensureCollections[2m > [22m[2mcreates all collections when none exist, including both time series collections
[22m[39m15:57:35.559 [memory:mongodb:schema] info: created collection test_entity_links

[90mstdout[2m | src/mongodb-schema.test.ts[2m > [22m[2mensureCollections[2m > [22m[2mcreates all collections when none exist, including both time series collections
[22m[39m15:57:35.559 [memory:mongodb:schema] info: created collection test_episodes

[90mstdout[2m | src/mongodb-schema.test.ts[2m > [22m[2mensureCollections[2m > [22m[2mcreates all collections when none exist, including both time series collections
[22m[39m15:57:35.559 [memory:mongodb:schema] info: created collection test_ingest_runs

[90mstdout[2m | src/mongodb-schema.test.ts[2m > [22m[2mensureCollections[2m > [22m[2mcreates all collections when none exist, including both time series collections
[22m[39m15:57:35.559 [memory:mongodb:schema] info: created collection test_projection_runs

[90mstdout[2m | src/mongodb-schema.test.ts[2m > [22m[2mensureCollections[2m > [22m[2mcreates all collections when none exist, including both time series collections
[22m[39m15:57:35.559 [memory:mongodb:schema] info: created collection test_query_cache

[90mstdout[2m | src/mongodb-schema.test.ts[2m > [22m[2mensureCollections[2m > [22m[2mcreates all collections when none exist, including both time series collections
[22m[39m15:57:35.559 [memory:mongodb:schema] info: created collection test_memory_mutations

[90mstdout[2m | src/mongodb-schema.test.ts[2m > [22m[2mensureCollections[2m > [22m[2mcreates all collections when none exist, including both time series collections
[22m[39m15:57:35.559 [memory:mongodb:schema] info: created collection test_lane_coverage

[90mstdout[2m | src/mongodb-schema.test.ts[2m > [22m[2mensureCollections[2m > [22m[2mcreates all collections when none exist, including both time series collections
[22m[39m15:57:35.559 [memory:mongodb:schema] info: created collection test_consolidation_runs

[90mstdout[2m | src/mongodb-schema.test.ts[2m > [22m[2mensureCollections[2m > [22m[2mcreates all collections when none exist, including both time series collections
[22m[39m15:57:35.559 [memory:mongodb:schema] info: created collection test_recall_traces

[90mstdout[2m | src/mongodb-schema.test.ts[2m > [22m[2mensureCollections[2m > [22m[2mcreates all collections when none exist, including both time series collections
[22m[39m15:57:35.559 [memory:mongodb:schema] info: created collection test_memory_jobs

[90mstdout[2m | src/mongodb-schema.test.ts[2m > [22m[2mensureCollections[2m > [22m[2mcreates all collections when none exist, including both time series collections
[22m[39m15:57:35.559 [memory:mongodb:schema] info: created collection test_session_chunks

[90mstdout[2m | src/mongodb-schema.test.ts[2m > [22m[2mensureCollections[2m > [22m[2mcreates all collections when none exist, including both time series collections
[22m[39m15:57:35.559 [memory:mongodb:schema] info: created collection test_memory_quarantine

[90mstdout[2m | src/mongodb-schema.test.ts[2m > [22m[2mensureCollections[2m > [22m[2mcreates all collections when none exist, including both time series collections
[22m[39m15:57:35.559 [memory:mongodb:schema] info: created time series collection test_memory_telemetry

[90mstdout[2m | src/mongodb-schema.test.ts[2m > [22m[2mensureCollections[2m > [22m[2mcreates all collections when none exist, including both time series collections
[22m[39m15:57:35.559 [memory:mongodb:schema] info: created telemetry collection test_memory_telemetry

[90mstdout[2m | src/mongodb-schema.test.ts[2m > [22m[2mensureCollections[2m > [22m[2mcreates all collections when none exist, including both time series collections
[22m[39m15:57:35.560 [memory:mongodb:schema] info: created time series collection test_access_events

[90mstdout[2m | src/mongodb-schema.test.ts[2m > [22m[2mensureCollections[2m > [22m[2mcreates all collections when none exist, including both time series collections
[22m[39m15:57:35.560 [memory:mongodb:schema] info: created access events collection test_access_events

[90mstdout[2m | src/mongodb-schema.test.ts[2m > [22m[2mensureCollections[2m > [22m[2mcreates all collections when none exist, including both time series collections
[22m[39m15:57:35.560 [memory:mongodb:schema] info: applied schema validation to test_chunks

[90mstdout[2m | src/mongodb-schema.test.ts[2m > [22m[2mensureCollections[2m > [22m[2mcreates all collections when none exist, including both time series collections
[22m[39m15:57:35.560 [memory:mongodb:schema] info: applied schema validation to test_knowledge_base

[90mstdout[2m | src/mongodb-schema.test.ts[2m > [22m[2mensureCollections[2m > [22m[2mcreates all collections when none exist, including both time series collections
[22m[39m15:57:35.560 [memory:mongodb:schema] info: applied schema validation to test_kb_chunks

[90mstdout[2m | src/mongodb-schema.test.ts[2m > [22m[2mensureCollections[2m > [22m[2mcreates all collections when none exist, including both time series collections
[22m[39m15:57:35.560 [memory:mongodb:schema] info: applied schema validation to test_structured_mem

[90mstdout[2m | src/mongodb-schema.test.ts[2m > [22m[2mensureCollections[2m > [22m[2mcreates all collections when none exist, including both time series collections
[22m[39m15:57:35.560 [memory:mongodb:schema] info: applied schema validation to test_structured_mem_revisions

[90mstdout[2m | src/mongodb-schema.test.ts[2m > [22m[2mensureCollections[2m > [22m[2mcreates all collections when none exist, including both time series collections
[22m[39m15:57:35.560 [memory:mongodb:schema] info: applied schema validation to test_procedures

[90mstdout[2m | src/mongodb-schema.test.ts[2m > [22m[2mensureCollections[2m > [22m[2mcreates all collections when none exist, including both time series collections
[22m[39m15:57:35.560 [memory:mongodb:schema] info: applied schema validation to test_procedure_revisions

[90mstdout[2m | src/mongodb-schema.test.ts[2m > [22m[2mensureCollections[2m > [22m[2mcreates all collections when none exist, including both time series collections
[22m[39m15:57:35.560 [memory:mongodb:schema] info: applied schema validation to test_relevance_runs

[90mstdout[2m | src/mongodb-schema.test.ts[2m > [22m[2mensureCollections[2m > [22m[2mcreates all collections when none exist, including both time series collections
[22m[39m15:57:35.560 [memory:mongodb:schema] info: applied schema validation to test_relevance_artifacts

[90mstdout[2m | src/mongodb-schema.test.ts[2m > [22m[2mensureCollections[2m > [22m[2mcreates all collections when none exist, including both time series collections
[22m[39m15:57:35.560 [memory:mongodb:schema] info: applied schema validation to test_relevance_regressions

[90mstdout[2m | src/mongodb-schema.test.ts[2m > [22m[2mensureCollections[2m > [22m[2mcreates all collections when none exist, including both time series collections
[22m[39m15:57:35.560 [memory:mongodb:schema] info: applied schema validation to test_events

[90mstdout[2m | src/mongodb-schema.test.ts[2m > [22m[2mensureCollections[2m > [22m[2mcreates all collections when none exist, including both time series collections
[22m[39m15:57:35.560 [memory:mongodb:schema] info: applied schema validation to test_entities

[90mstdout[2m | src/mongodb-schema.test.ts[2m > [22m[2mensureCollections[2m > [22m[2mcreates all collections when none exist, including both time series collections
[22m[39m15:57:35.560 [memory:mongodb:schema] info: applied schema validation to test_relations

[90mstdout[2m | src/mongodb-schema.test.ts[2m > [22m[2mensureCollections[2m > [22m[2mcreates all collections when none exist, including both time series collections
[22m[39m15:57:35.560 [memory:mongodb:schema] info: applied schema validation to test_entity_links

[90mstdout[2m | src/mongodb-schema.test.ts[2m > [22m[2mensureCollections[2m > [22m[2mcreates all collections when none exist, including both time series collections
[22m[39m15:57:35.560 [memory:mongodb:schema] info: applied schema validation to test_episodes

[90mstdout[2m | src/mongodb-schema.test.ts[2m > [22m[2mensureCollections[2m > [22m[2mcreates all collections when none exist, including both time series collections
[22m[39m15:57:35.560 [memory:mongodb:schema] info: applied schema validation to test_ingest_runs

[90mstdout[2m | src/mongodb-schema.test.ts[2m > [22m[2mensureCollections[2m > [22m[2mcreates all collections when none exist, including both time series collections
[22m[39m15:57:35.560 [memory:mongodb:schema] info: applied schema validation to test_projection_runs

[90mstdout[2m | src/mongodb-schema.test.ts[2m > [22m[2mensureCollections[2m > [22m[2mcreates all collections when none exist, including both time series collections
[22m[39m15:57:35.560 [memory:mongodb:schema] info: applied schema validation to test_query_cache

[90mstdout[2m | src/mongodb-schema.test.ts[2m > [22m[2mensureCollections[2m > [22m[2mcreates all collections when none exist, including both time series collections
[22m[39m15:57:35.560 [memory:mongodb:schema] info: applied schema validation to test_memory_mutations

[90mstdout[2m | src/mongodb-schema.test.ts[2m > [22m[2mensureCollections[2m > [22m[2mcreates all collections when none exist, including both time series collections
[22m[39m15:57:35.560 [memory:mongodb:schema] info: applied schema validation to test_recall_traces

[90mstdout[2m | src/mongodb-schema.test.ts[2m > [22m[2mensureCollections[2m > [22m[2mcreates all collections when none exist, including both time series collections
[22m[39m15:57:35.560 [memory:mongodb:schema] info: applied schema validation to test_memory_jobs

[90mstdout[2m | src/mongodb-schema.test.ts[2m > [22m[2mensureCollections[2m > [22m[2mcreates all collections when none exist, including both time series collections
[22m[39m15:57:35.560 [memory:mongodb:schema] info: applied schema validation to test_memory_quarantine

[90mstdout[2m | src/mongodb-schema.test.ts[2m > [22m[2mensureCollections[2m > [22m[2mcreates all collections when none exist, including both time series collections
[22m[39m15:57:35.560 [memory:mongodb:schema] info: applied schema validation to test_files

[90mstdout[2m | src/mongodb-schema.test.ts[2m > [22m[2mensureCollections[2m > [22m[2mcreates memory_evidence only when the evidence mirror is enabled
[22m[39m15:57:35.561 [memory:mongodb:schema] info: created collection test_chunks

[90mstdout[2m | src/mongodb-schema.test.ts[2m > [22m[2mensureCollections[2m > [22m[2mcreates memory_evidence only when the evidence mirror is enabled
[22m[39m15:57:35.562 [memory:mongodb:schema] info: created collection test_files

[90mstdout[2m | src/mongodb-schema.test.ts[2m > [22m[2mensureCollections[2m > [22m[2mcreates memory_evidence only when the evidence mirror is enabled
[22m[39m15:57:35.562 [memory:mongodb:schema] info: created collection test_meta

[90mstdout[2m | src/mongodb-schema.test.ts[2m > [22m[2mensureCollections[2m > [22m[2mcreates memory_evidence only when the evidence mirror is enabled
[22m[39m15:57:35.562 [memory:mongodb:schema] info: created collection test_knowledge_base

[90mstdout[2m | src/mongodb-schema.test.ts[2m > [22m[2mensureCollections[2m > [22m[2mcreates memory_evidence only when the evidence mirror is enabled
[22m[39m15:57:35.563 [memory:mongodb:schema] info: created collection test_kb_chunks

[90mstdout[2m | src/mongodb-schema.test.ts[2m > [22m[2mensureCollections[2m > [22m[2mcreates memory_evidence only when the evidence mirror is enabled
[22m[39m15:57:35.563 [memory:mongodb:schema] info: created collection test_structured_mem

[90mstdout[2m | src/mongodb-schema.test.ts[2m > [22m[2mensureCollections[2m > [22m[2mcreates memory_evidence only when the evidence mirror is enabled
[22m[39m15:57:35.563 [memory:mongodb:schema] info: created collection test_structured_mem_revisions

[90mstdout[2m | src/mongodb-schema.test.ts[2m > [22m[2mensureCollections[2m > [22m[2mcreates memory_evidence only when the evidence mirror is enabled
[22m[39m15:57:35.563 [memory:mongodb:schema] info: created collection test_procedures

[90mstdout[2m | src/mongodb-schema.test.ts[2m > [22m[2mensureCollections[2m > [22m[2mcreates memory_evidence only when the evidence mirror is enabled
[22m[39m15:57:35.563 [memory:mongodb:schema] info: created collection test_procedure_revisions

[90mstdout[2m | src/mongodb-schema.test.ts[2m > [22m[2mensureCollections[2m > [22m[2mcreates memory_evidence only when the evidence mirror is enabled
[22m[39m15:57:35.563 [memory:mongodb:schema] info: created collection test_relevance_runs

[90mstdout[2m | src/mongodb-schema.test.ts[2m > [22m[2mensureCollections[2m > [22m[2mcreates memory_evidence only when the evidence mirror is enabled
[22m[39m15:57:35.563 [memory:mongodb:schema] info: created collection test_relevance_artifacts

[90mstdout[2m | src/mongodb-schema.test.ts[2m > [22m[2mensureCollections[2m > [22m[2mcreates memory_evidence only when the evidence mirror is enabled
[22m[39m15:57:35.563 [memory:mongodb:schema] info: created collection test_relevance_regressions

[90mstdout[2m | src/mongodb-schema.test.ts[2m > [22m[2mensureCollections[2m > [22m[2mcreates memory_evidence only when the evidence mirror is enabled
[22m[39m15:57:35.563 [memory:mongodb:schema] info: created collection test_events

[90mstdout[2m | src/mongodb-schema.test.ts[2m > [22m[2mensureCollections[2m > [22m[2mcreates memory_evidence only when the evidence mirror is enabled
[22m[39m15:57:35.563 [memory:mongodb:schema] info: created collection test_entities

[90mstdout[2m | src/mongodb-schema.test.ts[2m > [22m[2mensureCollections[2m > [22m[2mcreates memory_evidence only when the evidence mirror is enabled
[22m[39m15:57:35.563 [memory:mongodb:schema] info: created collection test_relations

[90mstdout[2m | src/mongodb-schema.test.ts[2m > [22m[2mensureCollections[2m > [22m[2mcreates memory_evidence only when the evidence mirror is enabled
[22m[39m15:57:35.563 [memory:mongodb:schema] info: created collection test_entity_links

[90mstdout[2m | src/mongodb-schema.test.ts[2m > [22m[2mensureCollections[2m > [22m[2mcreates memory_evidence only when the evidence mirror is enabled
[22m[39m15:57:35.563 [memory:mongodb:schema] info: created collection test_episodes

[90mstdout[2m | src/mongodb-schema.test.ts[2m > [22m[2mensureCollections[2m > [22m[2mcreates memory_evidence only when the evidence mirror is enabled
[22m[39m15:57:35.564 [memory:mongodb:schema] info: created collection test_ingest_runs

[90mstdout[2m | src/mongodb-schema.test.ts[2m > [22m[2mensureCollections[2m > [22m[2mcreates memory_evidence only when the evidence mirror is enabled
[22m[39m15:57:35.564 [memory:mongodb:schema] info: created collection test_projection_runs

[90mstdout[2m | src/mongodb-schema.test.ts[2m > [22m[2mensureCollections[2m > [22m[2mcreates memory_evidence only when the evidence mirror is enabled
[22m[39m15:57:35.564 [memory:mongodb:schema] info: created collection test_query_cache

[90mstdout[2m | src/mongodb-schema.test.ts[2m > [22m[2mensureCollections[2m > [22m[2mcreates memory_evidence only when the evidence mirror is enabled
[22m[39m15:57:35.564 [memory:mongodb:schema] info: created collection test_memory_mutations

[90mstdout[2m | src/mongodb-schema.test.ts[2m > [22m[2mensureCollections[2m > [22m[2mcreates memory_evidence only when the evidence mirror is enabled
[22m[39m15:57:35.564 [memory:mongodb:schema] info: created collection test_lane_coverage

[90mstdout[2m | src/mongodb-schema.test.ts[2m > [22m[2mensureCollections[2m > [22m[2mcreates memory_evidence only when the evidence mirror is enabled
[22m[39m15:57:35.564 [memory:mongodb:schema] info: created collection test_consolidation_runs

[90mstdout[2m | src/mongodb-schema.test.ts[2m > [22m[2mensureCollections[2m > [22m[2mcreates memory_evidence only when the evidence mirror is enabled
[22m[39m15:57:35.564 [memory:mongodb:schema] info: created collection test_recall_traces

[90mstdout[2m | src/mongodb-schema.test.ts[2m > [22m[2mensureCollections[2m > [22m[2mcreates memory_evidence only when the evidence mirror is enabled
[22m[39m15:57:35.564 [memory:mongodb:schema] info: created collection test_memory_jobs

[90mstdout[2m | src/mongodb-schema.test.ts[2m > [22m[2mensureCollections[2m > [22m[2mcreates memory_evidence only when the evidence mirror is enabled
[22m[39m15:57:35.564 [memory:mongodb:schema] info: created collection test_session_chunks

[90mstdout[2m | src/mongodb-schema.test.ts[2m > [22m[2mensureCollections[2m > [22m[2mcreates memory_evidence only when the evidence mirror is enabled
[22m[39m15:57:35.564 [memory:mongodb:schema] info: created collection test_memory_quarantine

[90mstdout[2m | src/mongodb-schema.test.ts[2m > [22m[2mensureCollections[2m > [22m[2mcreates memory_evidence only when the evidence mirror is enabled
[22m[39m15:57:35.564 [memory:mongodb:schema] info: created collection test_memory_evidence

[90mstdout[2m | src/mongodb-schema.test.ts[2m > [22m[2mensureCollections[2m > [22m[2mcreates memory_evidence only when the evidence mirror is enabled
[22m[39m15:57:35.564 [memory:mongodb:schema] info: created time series collection test_memory_telemetry

[90mstdout[2m | src/mongodb-schema.test.ts[2m > [22m[2mensureCollections[2m > [22m[2mcreates memory_evidence only when the evidence mirror is enabled
[22m[39m15:57:35.565 [memory:mongodb:schema] info: created telemetry collection test_memory_telemetry

[90mstdout[2m | src/mongodb-schema.test.ts[2m > [22m[2mensureCollections[2m > [22m[2mcreates memory_evidence only when the evidence mirror is enabled
[22m[39m15:57:35.565 [memory:mongodb:schema] info: created time series collection test_access_events

[90mstdout[2m | src/mongodb-schema.test.ts[2m > [22m[2mensureCollections[2m > [22m[2mcreates memory_evidence only when the evidence mirror is enabled
[22m[39m15:57:35.565 [memory:mongodb:schema] info: created access events collection test_access_events

[90mstdout[2m | src/mongodb-schema.test.ts[2m > [22m[2mensureCollections[2m > [22m[2mcreates memory_evidence only when the evidence mirror is enabled
[22m[39m15:57:35.565 [memory:mongodb:schema] info: applied schema validation to test_chunks

[90mstdout[2m | src/mongodb-schema.test.ts[2m > [22m[2mensureCollections[2m > [22m[2mcreates memory_evidence only when the evidence mirror is enabled
[22m[39m15:57:35.565 [memory:mongodb:schema] info: applied schema validation to test_knowledge_base

[90mstdout[2m | src/mongodb-schema.test.ts[2m > [22m[2mensureCollections[2m > [22m[2mcreates memory_evidence only when the evidence mirror is enabled
[22m[39m15:57:35.565 [memory:mongodb:schema] info: applied schema validation to test_kb_chunks

[90mstdout[2m | src/mongodb-schema.test.ts[2m > [22m[2mensureCollections[2m > [22m[2mcreates memory_evidence only when the evidence mirror is enabled
[22m[39m15:57:35.565 [memory:mongodb:schema] info: applied schema validation to test_structured_mem

[90mstdout[2m | src/mongodb-schema.test.ts[2m > [22m[2mensureCollections[2m > [22m[2mcreates memory_evidence only when the evidence mirror is enabled
[22m[39m15:57:35.565 [memory:mongodb:schema] info: applied schema validation to test_structured_mem_revisions

[90mstdout[2m | src/mongodb-schema.test.ts[2m > [22m[2mensureCollections[2m > [22m[2mcreates memory_evidence only when the evidence mirror is enabled
[22m[39m15:57:35.565 [memory:mongodb:schema] info: applied schema validation to test_procedures

[90mstdout[2m | src/mongodb-schema.test.ts[2m > [22m[2mensureCollections[2m > [22m[2mcreates memory_evidence only when the evidence mirror is enabled
[22m[39m15:57:35.565 [memory:mongodb:schema] info: applied schema validation to test_procedure_revisions

[90mstdout[2m | src/mongodb-schema.test.ts[2m > [22m[2mensureCollections[2m > [22m[2mcreates memory_evidence only when the evidence mirror is enabled
[22m[39m15:57:35.565 [memory:mongodb:schema] info: applied schema validation to test_relevance_runs

[90mstdout[2m | src/mongodb-schema.test.ts[2m > [22m[2mensureCollections[2m > [22m[2mcreates memory_evidence only when the evidence mirror is enabled
[22m[39m15:57:35.565 [memory:mongodb:schema] info: applied schema validation to test_relevance_artifacts

[90mstdout[2m | src/mongodb-schema.test.ts[2m > [22m[2mensureCollections[2m > [22m[2mcreates memory_evidence only when the evidence mirror is enabled
[22m[39m15:57:35.565 [memory:mongodb:schema] info: applied schema validation to test_relevance_regressions

[90mstdout[2m | src/mongodb-schema.test.ts[2m > [22m[2mensureCollections[2m > [22m[2mcreates memory_evidence only when the evidence mirror is enabled
[22m[39m15:57:35.565 [memory:mongodb:schema] info: applied schema validation to test_events

[90mstdout[2m | src/mongodb-schema.test.ts[2m > [22m[2mensureCollections[2m > [22m[2mcreates memory_evidence only when the evidence mirror is enabled
[22m[39m15:57:35.565 [memory:mongodb:schema] info: applied schema validation to test_entities

[90mstdout[2m | src/mongodb-schema.test.ts[2m > [22m[2mensureCollections[2m > [22m[2mcreates memory_evidence only when the evidence mirror is enabled
[22m[39m15:57:35.565 [memory:mongodb:schema] info: applied schema validation to test_relations

[90mstdout[2m | src/mongodb-schema.test.ts[2m > [22m[2mensureCollections[2m > [22m[2mcreates memory_evidence only when the evidence mirror is enabled
[22m[39m15:57:35.565 [memory:mongodb:schema] info: applied schema validation to test_entity_links

[90mstdout[2m | src/mongodb-schema.test.ts[2m > [22m[2mensureCollections[2m > [22m[2mcreates memory_evidence only when the evidence mirror is enabled
[22m[39m15:57:35.565 [memory:mongodb:schema] info: applied schema validation to test_episodes

[90mstdout[2m | src/mongodb-schema.test.ts[2m > [22m[2mensureCollections[2m > [22m[2mcreates memory_evidence only when the evidence mirror is enabled
[22m[39m15:57:35.565 [memory:mongodb:schema] info: applied schema validation to test_ingest_runs

[90mstdout[2m | src/mongodb-schema.test.ts[2m > [22m[2mensureCollections[2m > [22m[2mcreates memory_evidence only when the evidence mirror is enabled
[22m[39m15:57:35.565 [memory:mongodb:schema] info: applied schema validation to test_projection_runs

[90mstdout[2m | src/mongodb-schema.test.ts[2m > [22m[2mensureCollections[2m > [22m[2mcreates memory_evidence only when the evidence mirror is enabled
[22m[39m15:57:35.565 [memory:mongodb:schema] info: applied schema validation to test_query_cache

[90mstdout[2m | src/mongodb-schema.test.ts[2m > [22m[2mensureCollections[2m > [22m[2mcreates memory_evidence only when the evidence mirror is enabled
[22m[39m15:57:35.565 [memory:mongodb:schema] info: applied schema validation to test_memory_mutations

[90mstdout[2m | src/mongodb-schema.test.ts[2m > [22m[2mensureCollections[2m > [22m[2mcreates memory_evidence only when the evidence mirror is enabled
[22m[39m15:57:35.565 [memory:mongodb:schema] info: applied schema validation to test_recall_traces

[90mstdout[2m | src/mongodb-schema.test.ts[2m > [22m[2mensureCollections[2m > [22m[2mcreates memory_evidence only when the evidence mirror is enabled
[22m[39m15:57:35.565 [memory:mongodb:schema] info: applied schema validation to test_memory_jobs

[90mstdout[2m | src/mongodb-schema.test.ts[2m > [22m[2mensureCollections[2m > [22m[2mcreates memory_evidence only when the evidence mirror is enabled
[22m[39m15:57:35.565 [memory:mongodb:schema] info: applied schema validation to test_memory_quarantine

[90mstdout[2m | src/mongodb-schema.test.ts[2m > [22m[2mensureCollections[2m > [22m[2mcreates memory_evidence only when the evidence mirror is enabled
[22m[39m15:57:35.565 [memory:mongodb:schema] info: applied schema validation to test_memory_evidence

[90mstdout[2m | src/mongodb-schema.test.ts[2m > [22m[2mensureCollections[2m > [22m[2mcreates memory_evidence only when the evidence mirror is enabled
[22m[39m15:57:35.565 [memory:mongodb:schema] info: applied schema validation to test_files

[90mstdout[2m | src/mongodb-schema.test.ts[2m > [22m[2mensureCollections[2m > [22m[2mdoes not refresh memory_evidence validation when the evidence mirror is disabled
[22m[39m15:57:35.566 [memory:mongodb:schema] info: created collection test_chunks

[90mstdout[2m | src/mongodb-schema.test.ts[2m > [22m[2mensureCollections[2m > [22m[2mdoes not refresh memory_evidence validation when the evidence mirror is disabled
[22m[39m15:57:35.566 [memory:mongodb:schema] info: created collection test_files

[90mstdout[2m | src/mongodb-schema.test.ts[2m > [22m[2mensureCollections[2m > [22m[2mdoes not refresh memory_evidence validation when the evidence mirror is disabled
[22m[39m15:57:35.567 [memory:mongodb:schema] info: created collection test_meta

[90mstdout[2m | src/mongodb-schema.test.ts[2m > [22m[2mensureCollections[2m > [22m[2mdoes not refresh memory_evidence validation when the evidence mirror is disabled
[22m[39m15:57:35.567 [memory:mongodb:schema] info: created collection test_knowledge_base

[90mstdout[2m | src/mongodb-schema.test.ts[2m > [22m[2mensureCollections[2m > [22m[2mdoes not refresh memory_evidence validation when the evidence mirror is disabled
[22m[39m15:57:35.567 [memory:mongodb:schema] info: created collection test_kb_chunks

[90mstdout[2m | src/mongodb-schema.test.ts[2m > [22m[2mensureCollections[2m > [22m[2mdoes not refresh memory_evidence validation when the evidence mirror is disabled
[22m[39m15:57:35.567 [memory:mongodb:schema] info: created collection test_structured_mem

[90mstdout[2m | src/mongodb-schema.test.ts[2m > [22m[2mensureCollections[2m > [22m[2mdoes not refresh memory_evidence validation when the evidence mirror is disabled
[22m[39m15:57:35.567 [memory:mongodb:schema] info: created collection test_structured_mem_revisions

[90mstdout[2m | src/mongodb-schema.test.ts[2m > [22m[2mensureCollections[2m > [22m[2mdoes not refresh memory_evidence validation when the evidence mirror is disabled
[22m[39m15:57:35.567 [memory:mongodb:schema] info: created collection test_procedures

[90mstdout[2m | src/mongodb-schema.test.ts[2m > [22m[2mensureCollections[2m > [22m[2mdoes not refresh memory_evidence validation when the evidence mirror is disabled
[22m[39m15:57:35.567 [memory:mongodb:schema] info: created collection test_procedure_revisions

[90mstdout[2m | src/mongodb-schema.test.ts[2m > [22m[2mensureCollections[2m > [22m[2mdoes not refresh memory_evidence validation when the evidence mirror is disabled
[22m[39m15:57:35.567 [memory:mongodb:schema] info: created collection test_relevance_runs

[90mstdout[2m | src/mongodb-schema.test.ts[2m > [22m[2mensureCollections[2m > [22m[2mdoes not refresh memory_evidence validation when the evidence mirror is disabled
[22m[39m15:57:35.567 [memory:mongodb:schema] info: created collection test_relevance_artifacts

[90mstdout[2m | src/mongodb-schema.test.ts[2m > [22m[2mensureCollections[2m > [22m[2mdoes not refresh memory_evidence validation when the evidence mirror is disabled
[22m[39m15:57:35.568 [memory:mongodb:schema] info: created collection test_relevance_regressions

[90mstdout[2m | src/mongodb-schema.test.ts[2m > [22m[2mensureCollections[2m > [22m[2mdoes not refresh memory_evidence validation when the evidence mirror is disabled
[22m[39m15:57:35.568 [memory:mongodb:schema] info: created collection test_events

[90mstdout[2m | src/mongodb-schema.test.ts[2m > [22m[2mensureCollections[2m > [22m[2mdoes not refresh memory_evidence validation when the evidence mirror is disabled
[22m[39m15:57:35.568 [memory:mongodb:schema] info: created collection test_entities

[90mstdout[2m | src/mongodb-schema.test.ts[2m > [22m[2mensureCollections[2m > [22m[2mdoes not refresh memory_evidence validation when the evidence mirror is disabled
[22m[39m15:57:35.568 [memory:mongodb:schema] info: created collection test_relations

[90mstdout[2m | src/mongodb-schema.test.ts[2m > [22m[2mensureCollections[2m > [22m[2mdoes not refresh memory_evidence validation when the evidence mirror is disabled
[22m[39m15:57:35.568 [memory:mongodb:schema] info: created collection test_entity_links

[90mstdout[2m | src/mongodb-schema.test.ts[2m > [22m[2mensureCollections[2m > [22m[2mdoes not refresh memory_evidence validation when the evidence mirror is disabled
[22m[39m15:57:35.568 [memory:mongodb:schema] info: created collection test_episodes

[90mstdout[2m | src/mongodb-schema.test.ts[2m > [22m[2mensureCollections[2m > [22m[2mdoes not refresh memory_evidence validation when the evidence mirror is disabled
[22m[39m15:57:35.568 [memory:mongodb:schema] info: created collection test_ingest_runs

[90mstdout[2m | src/mongodb-schema.test.ts[2m > [22m[2mensureCollections[2m > [22m[2mdoes not refresh memory_evidence validation when the evidence mirror is disabled
[22m[39m15:57:35.568 [memory:mongodb:schema] info: created collection test_projection_runs

[90mstdout[2m | src/mongodb-schema.test.ts[2m > [22m[2mensureCollections[2m > [22m[2mdoes not refresh memory_evidence validation when the evidence mirror is disabled
[22m[39m15:57:35.568 [memory:mongodb:schema] info: created collection test_query_cache

[90mstdout[2m | src/mongodb-schema.test.ts[2m > [22m[2mensureCollections[2m > [22m[2mdoes not refresh memory_evidence validation when the evidence mirror is disabled
[22m[39m15:57:35.568 [memory:mongodb:schema] info: created collection test_memory_mutations

[90mstdout[2m | src/mongodb-schema.test.ts[2m > [22m[2mensureCollections[2m > [22m[2mdoes not refresh memory_evidence validation when the evidence mirror is disabled
[22m[39m15:57:35.568 [memory:mongodb:schema] info: created collection test_lane_coverage

[90mstdout[2m | src/mongodb-schema.test.ts[2m > [22m[2mensureCollections[2m > [22m[2mdoes not refresh memory_evidence validation when the evidence mirror is disabled
[22m[39m15:57:35.569 [memory:mongodb:schema] info: created collection test_consolidation_runs

[90mstdout[2m | src/mongodb-schema.test.ts[2m > [22m[2mensureCollections[2m > [22m[2mdoes not refresh memory_evidence validation when the evidence mirror is disabled
[22m[39m15:57:35.569 [memory:mongodb:schema] info: created collection test_recall_traces

[90mstdout[2m | src/mongodb-schema.test.ts[2m > [22m[2mensureCollections[2m > [22m[2mdoes not refresh memory_evidence validation when the evidence mirror is disabled
[22m[39m15:57:35.569 [memory:mongodb:schema] info: created collection test_memory_jobs

[90mstdout[2m | src/mongodb-schema.test.ts[2m > [22m[2mensureCollections[2m > [22m[2mdoes not refresh memory_evidence validation when the evidence mirror is disabled
[22m[39m15:57:35.569 [memory:mongodb:schema] info: created collection test_session_chunks

[90mstdout[2m | src/mongodb-schema.test.ts[2m > [22m[2mensureCollections[2m > [22m[2mdoes not refresh memory_evidence validation when the evidence mirror is disabled
[22m[39m15:57:35.569 [memory:mongodb:schema] info: created collection test_memory_quarantine

[90mstdout[2m | src/mongodb-schema.test.ts[2m > [22m[2mensureCollections[2m > [22m[2mdoes not refresh memory_evidence validation when the evidence mirror is disabled
[22m[39m15:57:35.569 [memory:mongodb:schema] info: created time series collection test_memory_telemetry

[90mstdout[2m | src/mongodb-schema.test.ts[2m > [22m[2mensureCollections[2m > [22m[2mdoes not refresh memory_evidence validation when the evidence mirror is disabled
[22m[39m15:57:35.569 [memory:mongodb:schema] info: created telemetry collection test_memory_telemetry

[90mstdout[2m | src/mongodb-schema.test.ts[2m > [22m[2mensureCollections[2m > [22m[2mdoes not refresh memory_evidence validation when the evidence mirror is disabled
[22m[39m15:57:35.569 [memory:mongodb:schema] info: created time series collection test_access_events

[90mstdout[2m | src/mongodb-schema.test.ts[2m > [22m[2mensureCollections[2m > [22m[2mdoes not refresh memory_evidence validation when the evidence mirror is disabled
[22m[39m15:57:35.569 [memory:mongodb:schema] info: created access events collection test_access_events

[90mstdout[2m | src/mongodb-schema.test.ts[2m > [22m[2mensureCollections[2m > [22m[2mdoes not refresh memory_evidence validation when the evidence mirror is disabled
[22m[39m15:57:35.570 [memory:mongodb:schema] info: applied schema validation to test_chunks

[90mstdout[2m | src/mongodb-schema.test.ts[2m > [22m[2mensureCollections[2m > [22m[2mdoes not refresh memory_evidence validation when the evidence mirror is disabled
[22m[39m15:57:35.570 [memory:mongodb:schema] info: applied schema validation to test_knowledge_base

[90mstdout[2m | src/mongodb-schema.test.ts[2m > [22m[2mensureCollections[2m > [22m[2mdoes not refresh memory_evidence validation when the evidence mirror is disabled
[22m[39m15:57:35.570 [memory:mongodb:schema] info: applied schema validation to test_kb_chunks

[90mstdout[2m | src/mongodb-schema.test.ts[2m > [22m[2mensureCollections[2m > [22m[2mdoes not refresh memory_evidence validation when the evidence mirror is disabled
[22m[39m15:57:35.570 [memory:mongodb:schema] info: applied schema validation to test_structured_mem

[90mstdout[2m | src/mongodb-schema.test.ts[2m > [22m[2mensureCollections[2m > [22m[2mdoes not refresh memory_evidence validation when the evidence mirror is disabled
[22m[39m15:57:35.570 [memory:mongodb:schema] info: applied schema validation to test_structured_mem_revisions

[90mstdout[2m | src/mongodb-schema.test.ts[2m > [22m[2mensureCollections[2m > [22m[2mdoes not refresh memory_evidence validation when the evidence mirror is disabled
[22m[39m15:57:35.570 [memory:mongodb:schema] info: applied schema validation to test_procedures

[90mstdout[2m | src/mongodb-schema.test.ts[2m > [22m[2mensureCollections[2m > [22m[2mdoes not refresh memory_evidence validation when the evidence mirror is disabled
[22m[39m15:57:35.570 [memory:mongodb:schema] info: applied schema validation to test_procedure_revisions

[90mstdout[2m | src/mongodb-schema.test.ts[2m > [22m[2mensureCollections[2m > [22m[2mdoes not refresh memory_evidence validation when the evidence mirror is disabled
[22m[39m15:57:35.570 [memory:mongodb:schema] info: applied schema validation to test_relevance_runs

[90mstdout[2m | src/mongodb-schema.test.ts[2m > [22m[2mensureCollections[2m > [22m[2mdoes not refresh memory_evidence validation when the evidence mirror is disabled
[22m[39m15:57:35.570 [memory:mongodb:schema] info: applied schema validation to test_relevance_artifacts

[90mstdout[2m | src/mongodb-schema.test.ts[2m > [22m[2mensureCollections[2m > [22m[2mdoes not refresh memory_evidence validation when the evidence mirror is disabled
[22m[39m15:57:35.570 [memory:mongodb:schema] info: applied schema validation to test_relevance_regressions

[90mstdout[2m | src/mongodb-schema.test.ts[2m > [22m[2mensureCollections[2m > [22m[2mdoes not refresh memory_evidence validation when the evidence mirror is disabled
[22m[39m15:57:35.570 [memory:mongodb:schema] info: applied schema validation to test_events

[90mstdout[2m | src/mongodb-schema.test.ts[2m > [22m[2mensureCollections[2m > [22m[2mdoes not refresh memory_evidence validation when the evidence mirror is disabled
[22m[39m15:57:35.570 [memory:mongodb:schema] info: applied schema validation to test_entities

[90mstdout[2m | src/mongodb-schema.test.ts[2m > [22m[2mensureCollections[2m > [22m[2mdoes not refresh memory_evidence validation when the evidence mirror is disabled
[22m[39m15:57:35.570 [memory:mongodb:schema] info: applied schema validation to test_relations

[90mstdout[2m | src/mongodb-schema.test.ts[2m > [22m[2mensureCollections[2m > [22m[2mdoes not refresh memory_evidence validation when the evidence mirror is disabled
[22m[39m15:57:35.570 [memory:mongodb:schema] info: applied schema validation to test_entity_links

[90mstdout[2m | src/mongodb-schema.test.ts[2m > [22m[2mensureCollections[2m > [22m[2mdoes not refresh memory_evidence validation when the evidence mirror is disabled
[22m[39m15:57:35.570 [memory:mongodb:schema] info: applied schema validation to test_episodes

[90mstdout[2m | src/mongodb-schema.test.ts[2m > [22m[2mensureCollections[2m > [22m[2mdoes not refresh memory_evidence validation when the evidence mirror is disabled
[22m[39m15:57:35.570 [memory:mongodb:schema] info: applied schema validation to test_ingest_runs

[90mstdout[2m | src/mongodb-schema.test.ts[2m > [22m[2mensureCollections[2m > [22m[2mdoes not refresh memory_evidence validation when the evidence mirror is disabled
[22m[39m15:57:35.570 [memory:mongodb:schema] info: applied schema validation to test_projection_runs

[90mstdout[2m | src/mongodb-schema.test.ts[2m > [22m[2mensureCollections[2m > [22m[2mdoes not refresh memory_evidence validation when the evidence mirror is disabled
[22m[39m15:57:35.570 [memory:mongodb:schema] info: applied schema validation to test_query_cache

[90mstdout[2m | src/mongodb-schema.test.ts[2m > [22m[2mensureCollections[2m > [22m[2mdoes not refresh memory_evidence validation when the evidence mirror is disabled
[22m[39m15:57:35.570 [memory:mongodb:schema] info: applied schema validation to test_memory_mutations

[90mstdout[2m | src/mongodb-schema.test.ts[2m > [22m[2mensureCollections[2m > [22m[2mdoes not refresh memory_evidence validation when the evidence mirror is disabled
[22m[39m15:57:35.570 [memory:mongodb:schema] info: applied schema validation to test_recall_traces

[90mstdout[2m | src/mongodb-schema.test.ts[2m > [22m[2mensureCollections[2m > [22m[2mdoes not refresh memory_evidence validation when the evidence mirror is disabled
[22m[39m15:57:35.570 [memory:mongodb:schema] info: applied schema validation to test_memory_jobs

[90mstdout[2m | src/mongodb-schema.test.ts[2m > [22m[2mensureCollections[2m > [22m[2mdoes not refresh memory_evidence validation when the evidence mirror is disabled
[22m[39m15:57:35.570 [memory:mongodb:schema] info: applied schema validation to test_memory_quarantine

[90mstdout[2m | src/mongodb-schema.test.ts[2m > [22m[2mensureCollections[2m > [22m[2mdoes not refresh memory_evidence validation when the evidence mirror is disabled
[22m[39m15:57:35.570 [memory:mongodb:schema] info: applied schema validation to test_files

[90mstdout[2m | src/mongodb-schema.test.ts[2m > [22m[2mensureCollections[2m > [22m[2mskips already-existing collections
[22m[39m15:57:35.574 [memory:mongodb:schema] info: created collection test_meta

[90mstdout[2m | src/mongodb-schema.test.ts[2m > [22m[2mensureCollections[2m > [22m[2mskips already-existing collections
[22m[39m15:57:35.574 [memory:mongodb:schema] info: created collection test_knowledge_base

[90mstdout[2m | src/mongodb-schema.test.ts[2m > [22m[2mensureCollections[2m > [22m[2mskips already-existing collections
[22m[39m15:57:35.574 [memory:mongodb:schema] info: created collection test_kb_chunks

[90mstdout[2m | src/mongodb-schema.test.ts[2m > [22m[2mensureCollections[2m > [22m[2mskips already-existing collections
[22m[39m15:57:35.574 [memory:mongodb:schema] info: created collection test_structured_mem

[90mstdout[2m | src/mongodb-schema.test.ts[2m > [22m[2mensureCollections[2m > [22m[2mskips already-existing collections
[22m[39m15:57:35.574 [memory:mongodb:schema] info: created collection test_structured_mem_revisions

[90mstdout[2m | src/mongodb-schema.test.ts[2m > [22m[2mensureCollections[2m > [22m[2mskips already-existing collections
[22m[39m15:57:35.574 [memory:mongodb:schema] info: created collection test_procedures

[90mstdout[2m | src/mongodb-schema.test.ts[2m > [22m[2mensureCollections[2m > [22m[2mskips already-existing collections
[22m[39m15:57:35.574 [memory:mongodb:schema] info: created collection test_procedure_revisions

[90mstdout[2m | src/mongodb-schema.test.ts[2m > [22m[2mensureCollections[2m > [22m[2mskips already-existing collections
[22m[39m15:57:35.574 [memory:mongodb:schema] info: created collection test_relevance_runs

[90mstdout[2m | src/mongodb-schema.test.ts[2m > [22m[2mensureCollections[2m > [22m[2mskips already-existing collections
[22m[39m15:57:35.574 [memory:mongodb:schema] info: created collection test_relevance_artifacts

[90mstdout[2m | src/mongodb-schema.test.ts[2m > [22m[2mensureCollections[2m > [22m[2mskips already-existing collections
[22m[39m15:57:35.574 [memory:mongodb:schema] info: created collection test_relevance_regressions

[90mstdout[2m | src/mongodb-schema.test.ts[2m > [22m[2mensureCollections[2m > [22m[2mskips already-existing collections
[22m[39m15:57:35.574 [memory:mongodb:schema] info: created collection test_events

[90mstdout[2m | src/mongodb-schema.test.ts[2m > [22m[2mensureCollections[2m > [22m[2mskips already-existing collections
[22m[39m15:57:35.574 [memory:mongodb:schema] info: created collection test_entities

[90mstdout[2m | src/mongodb-schema.test.ts[2m > [22m[2mensureCollections[2m > [22m[2mskips already-existing collections
[22m[39m15:57:35.574 [memory:mongodb:schema] info: created collection test_relations

[90mstdout[2m | src/mongodb-schema.test.ts[2m > [22m[2mensureCollections[2m > [22m[2mskips already-existing collections
[22m[39m15:57:35.574 [memory:mongodb:schema] info: created collection test_entity_links

[90mstdout[2m | src/mongodb-schema.test.ts[2m > [22m[2mensureCollections[2m > [22m[2mskips already-existing collections
[22m[39m15:57:35.574 [memory:mongodb:schema] info: created collection test_episodes

[90mstdout[2m | src/mongodb-schema.test.ts[2m > [22m[2mensureCollections[2m > [22m[2mskips already-existing collections
[22m[39m15:57:35.574 [memory:mongodb:schema] info: created collection test_ingest_runs

[90mstdout[2m | src/mongodb-schema.test.ts[2m > [22m[2mensureCollections[2m > [22m[2mskips already-existing collections
[22m[39m15:57:35.574 [memory:mongodb:schema] info: created collection test_projection_runs

[90mstdout[2m | src/mongodb-schema.test.ts[2m > [22m[2mensureCollections[2m > [22m[2mskips already-existing collections
[22m[39m15:57:35.574 [memory:mongodb:schema] info: created collection test_query_cache

[90mstdout[2m | src/mongodb-schema.test.ts[2m > [22m[2mensureCollections[2m > [22m[2mskips already-existing collections
[22m[39m15:57:35.574 [memory:mongodb:schema] info: created collection test_memory_mutations

[90mstdout[2m | src/mongodb-schema.test.ts[2m > [22m[2mensureCollections[2m > [22m[2mskips already-existing collections
[22m[39m15:57:35.574 [memory:mongodb:schema] info: created collection test_lane_coverage

[90mstdout[2m | src/mongodb-schema.test.ts[2m > [22m[2mensureCollections[2m > [22m[2mskips already-existing collections
[22m[39m15:57:35.574 [memory:mongodb:schema] info: created collection test_consolidation_runs

[90mstdout[2m | src/mongodb-schema.test.ts[2m > [22m[2mensureCollections[2m > [22m[2mskips already-existing collections
[22m[39m15:57:35.574 [memory:mongodb:schema] info: created collection test_recall_traces

[90mstdout[2m | src/mongodb-schema.test.ts[2m > [22m[2mensureCollections[2m > [22m[2mskips already-existing collections
[22m[39m15:57:35.575 [memory:mongodb:schema] info: created collection test_memory_jobs

[90mstdout[2m | src/mongodb-schema.test.ts[2m > [22m[2mensureCollections[2m > [22m[2mskips already-existing collections
[22m[39m15:57:35.575 [memory:mongodb:schema] info: created collection test_session_chunks

[90mstdout[2m | src/mongodb-schema.test.ts[2m > [22m[2mensureCollections[2m > [22m[2mskips already-existing collections
[22m[39m15:57:35.575 [memory:mongodb:schema] info: created collection test_memory_quarantine

[90mstdout[2m | src/mongodb-schema.test.ts[2m > [22m[2mensureCollections[2m > [22m[2mskips already-existing collections
[22m[39m15:57:35.575 [memory:mongodb:schema] info: created time series collection test_memory_telemetry

[90mstdout[2m | src/mongodb-schema.test.ts[2m > [22m[2mensureCollections[2m > [22m[2mskips already-existing collections
[22m[39m15:57:35.575 [memory:mongodb:schema] info: created telemetry collection test_memory_telemetry

[90mstdout[2m | src/mongodb-schema.test.ts[2m > [22m[2mensureCollections[2m > [22m[2mskips already-existing collections
[22m[39m15:57:35.575 [memory:mongodb:schema] info: created time series collection test_access_events

[90mstdout[2m | src/mongodb-schema.test.ts[2m > [22m[2mensureCollections[2m > [22m[2mskips already-existing collections
[22m[39m15:57:35.575 [memory:mongodb:schema] info: created access events collection test_access_events

[90mstdout[2m | src/mongodb-schema.test.ts[2m > [22m[2mensureCollections[2m > [22m[2mskips already-existing collections
[22m[39m15:57:35.575 [memory:mongodb:schema] info: applied schema validation to test_chunks

[90mstdout[2m | src/mongodb-schema.test.ts[2m > [22m[2mensureCollections[2m > [22m[2mskips already-existing collections
[22m[39m15:57:35.575 [memory:mongodb:schema] info: applied schema validation to test_knowledge_base

[90mstdout[2m | src/mongodb-schema.test.ts[2m > [22m[2mensureCollections[2m > [22m[2mskips already-existing collections
[22m[39m15:57:35.575 [memory:mongodb:schema] info: applied schema validation to test_kb_chunks

[90mstdout[2m | src/mongodb-schema.test.ts[2m > [22m[2mensureCollections[2m > [22m[2mskips already-existing collections
[22m[39m15:57:35.575 [memory:mongodb:schema] info: applied schema validation to test_structured_mem

[90mstdout[2m | src/mongodb-schema.test.ts[2m > [22m[2mensureCollections[2m > [22m[2mskips already-existing collections
[22m[39m15:57:35.575 [memory:mongodb:schema] info: applied schema validation to test_structured_mem_revisions

[90mstdout[2m | src/mongodb-schema.test.ts[2m > [22m[2mensureCollections[2m > [22m[2mskips already-existing collections
[22m[39m15:57:35.575 [memory:mongodb:schema] info: applied schema validation to test_procedures

[90mstdout[2m | src/mongodb-schema.test.ts[2m > [22m[2mensureCollections[2m > [22m[2mskips already-existing collections
[22m[39m15:57:35.575 [memory:mongodb:schema] info: applied schema validation to test_procedure_revisions

[90mstdout[2m | src/mongodb-schema.test.ts[2m > [22m[2mensureCollections[2m > [22m[2mskips already-existing collections
[22m[39m15:57:35.575 [memory:mongodb:schema] info: applied schema validation to test_relevance_runs

[90mstdout[2m | src/mongodb-schema.test.ts[2m > [22m[2mensureCollections[2m > [22m[2mskips already-existing collections
[22m[39m15:57:35.575 [memory:mongodb:schema] info: applied schema validation to test_relevance_artifacts

[90mstdout[2m | src/mongodb-schema.test.ts[2m > [22m[2mensureCollections[2m > [22m[2mskips already-existing collections
[22m[39m15:57:35.575 [memory:mongodb:schema] info: applied schema validation to test_relevance_regressions

[90mstdout[2m | src/mongodb-schema.test.ts[2m > [22m[2mensureCollections[2m > [22m[2mskips already-existing collections
[22m[39m15:57:35.575 [memory:mongodb:schema] info: applied schema validation to test_events

[90mstdout[2m | src/mongodb-schema.test.ts[2m > [22m[2mensureCollections[2m > [22m[2mskips already-existing collections
[22m[39m15:57:35.575 [memory:mongodb:schema] info: applied schema validation to test_entities

[90mstdout[2m | src/mongodb-schema.test.ts[2m > [22m[2mensureCollections[2m > [22m[2mskips already-existing collections
[22m[39m15:57:35.575 [memory:mongodb:schema] info: applied schema validation to test_relations

[90mstdout[2m | src/mongodb-schema.test.ts[2m > [22m[2mensureCollections[2m > [22m[2mskips already-existing collections
[22m[39m15:57:35.575 [memory:mongodb:schema] info: applied schema validation to test_entity_links

[90mstdout[2m | src/mongodb-schema.test.ts[2m > [22m[2mensureCollections[2m > [22m[2mskips already-existing collections
[22m[39m15:57:35.575 [memory:mongodb:schema] info: applied schema validation to test_episodes

[90mstdout[2m | src/mongodb-schema.test.ts[2m > [22m[2mensureCollections[2m > [22m[2mskips already-existing collections
[22m[39m15:57:35.575 [memory:mongodb:schema] info: applied schema validation to test_ingest_runs

[90mstdout[2m | src/mongodb-schema.test.ts[2m > [22m[2mensureCollections[2m > [22m[2mskips already-existing collections
[22m[39m15:57:35.575 [memory:mongodb:schema] info: applied schema validation to test_projection_runs

[90mstdout[2m | src/mongodb-schema.test.ts[2m > [22m[2mensureCollections[2m > [22m[2mskips already-existing collections
[22m[39m15:57:35.575 [memory:mongodb:schema] info: applied schema validation to test_query_cache

[90mstdout[2m | src/mongodb-schema.test.ts[2m > [22m[2mensureCollections[2m > [22m[2mskips already-existing collections
[22m[39m15:57:35.575 [memory:mongodb:schema] info: applied schema validation to test_memory_mutations

[90mstdout[2m | src/mongodb-schema.test.ts[2m > [22m[2mensureCollections[2m > [22m[2mskips already-existing collections
[22m[39m15:57:35.575 [memory:mongodb:schema] info: applied schema validation to test_recall_traces

[90mstdout[2m | src/mongodb-schema.test.ts[2m > [22m[2mensureCollections[2m > [22m[2mskips already-existing collections
[22m[39m15:57:35.575 [memory:mongodb:schema] info: applied schema validation to test_memory_jobs

[90mstdout[2m | src/mongodb-schema.test.ts[2m > [22m[2mensureCollections[2m > [22m[2mskips already-existing collections
[22m[39m15:57:35.575 [memory:mongodb:schema] info: applied schema validation to test_memory_quarantine

[90mstdout[2m | src/mongodb-schema.test.ts[2m > [22m[2mensureCollections[2m > [22m[2mskips already-existing collections
[22m[39m15:57:35.575 [memory:mongodb:schema] info: applied schema validation to test_files

[90mstdout[2m | src/mongodb-schema.test.ts[2m > [22m[2mensureCollections[2m > [22m[2mdoes nothing when all collections exist
[22m[39m15:57:35.576 [memory:mongodb:schema] info: applied schema validation to oc_chunks

[90mstdout[2m | src/mongodb-schema.test.ts[2m > [22m[2mensureCollections[2m > [22m[2mdoes nothing when all collections exist
[22m[39m15:57:35.576 [memory:mongodb:schema] info: applied schema validation to oc_knowledge_base

[90mstdout[2m | src/mongodb-schema.test.ts[2m > [22m[2mensureCollections[2m > [22m[2mdoes nothing when all collections exist
[22m[39m15:57:35.576 [memory:mongodb:schema] info: applied schema validation to oc_kb_chunks

[90mstdout[2m | src/mongodb-schema.test.ts[2m > [22m[2mensureCollections[2m > [22m[2mdoes nothing when all collections exist
[22m[39m15:57:35.576 [memory:mongodb:schema] info: applied schema validation to oc_structured_mem

[90mstdout[2m | src/mongodb-schema.test.ts[2m > [22m[2mensureCollections[2m > [22m[2mdoes nothing when all collections exist
[22m[39m15:57:35.576 [memory:mongodb:schema] info: applied schema validation to oc_structured_mem_revisions

[90mstdout[2m | src/mongodb-schema.test.ts[2m > [22m[2mensureCollections[2m > [22m[2mdoes nothing when all collections exist
[22m[39m15:57:35.576 [memory:mongodb:schema] info: applied schema validation to oc_procedures

[90mstdout[2m | src/mongodb-schema.test.ts[2m > [22m[2mensureCollections[2m > [22m[2mdoes nothing when all collections exist
[22m[39m15:57:35.576 [memory:mongodb:schema] info: applied schema validation to oc_procedure_revisions

[90mstdout[2m | src/mongodb-schema.test.ts[2m > [22m[2mensureCollections[2m > [22m[2mdoes nothing when all collections exist
[22m[39m15:57:35.576 [memory:mongodb:schema] info: applied schema validation to oc_relevance_runs

[90mstdout[2m | src/mongodb-schema.test.ts[2m > [22m[2mensureCollections[2m > [22m[2mdoes nothing when all collections exist
[22m[39m15:57:35.576 [memory:mongodb:schema] info: applied schema validation to oc_relevance_artifacts

[90mstdout[2m | src/mongodb-schema.test.ts[2m > [22m[2mensureCollections[2m > [22m[2mdoes nothing when all collections exist
[22m[39m15:57:35.576 [memory:mongodb:schema] info: applied schema validation to oc_relevance_regressions

[90mstdout[2m | src/mongodb-schema.test.ts[2m > [22m[2mensureCollections[2m > [22m[2mdoes nothing when all collections exist
[22m[39m15:57:35.576 [memory:mongodb:schema] info: applied schema validation to oc_events

[90mstdout[2m | src/mongodb-schema.test.ts[2m > [22m[2mensureCollections[2m > [22m[2mdoes nothing when all collections exist
[22m[39m15:57:35.576 [memory:mongodb:schema] info: applied schema validation to oc_entities

[90mstdout[2m | src/mongodb-schema.test.ts[2m > [22m[2mensureCollections[2m > [22m[2mdoes nothing when all collections exist
[22m[39m15:57:35.576 [memory:mongodb:schema] info: applied schema validation to oc_relations

[90mstdout[2m | src/mongodb-schema.test.ts[2m > [22m[2mensureCollections[2m > [22m[2mdoes nothing when all collections exist
[22m[39m15:57:35.576 [memory:mongodb:schema] info: applied schema validation to oc_entity_links

[90mstdout[2m | src/mongodb-schema.test.ts[2m > [22m[2mensureCollections[2m > [22m[2mdoes nothing when all collections exist
[22m[39m15:57:35.576 [memory:mongodb:schema] info: applied schema validation to oc_episodes

[90mstdout[2m | src/mongodb-schema.test.ts[2m > [22m[2mensureCollections[2m > [22m[2mdoes nothing when all collections exist
[22m[39m15:57:35.576 [memory:mongodb:schema] info: applied schema validation to oc_ingest_runs

[90mstdout[2m | src/mongodb-schema.test.ts[2m > [22m[2mensureCollections[2m > [22m[2mdoes nothing when all collections exist
[22m[39m15:57:35.576 [memory:mongodb:schema] info: applied schema validation to oc_projection_runs

[90mstdout[2m | src/mongodb-schema.test.ts[2m > [22m[2mensureCollections[2m > [22m[2mdoes nothing when all collections exist
[22m[39m15:57:35.576 [memory:mongodb:schema] info: applied schema validation to oc_query_cache

[90mstdout[2m | src/mongodb-schema.test.ts[2m > [22m[2mensureCollections[2m > [22m[2mdoes nothing when all collections exist
[22m[39m15:57:35.576 [memory:mongodb:schema] info: applied schema validation to oc_memory_mutations

[90mstdout[2m | src/mongodb-schema.test.ts[2m > [22m[2mensureCollections[2m > [22m[2mdoes nothing when all collections exist
[22m[39m15:57:35.576 [memory:mongodb:schema] info: applied schema validation to oc_recall_traces

[90mstdout[2m | src/mongodb-schema.test.ts[2m > [22m[2mensureCollections[2m > [22m[2mdoes nothing when all collections exist
[22m[39m15:57:35.576 [memory:mongodb:schema] info: applied schema validation to oc_memory_jobs

[90mstdout[2m | src/mongodb-schema.test.ts[2m > [22m[2mensureCollections[2m > [22m[2mdoes nothing when all collections exist
[22m[39m15:57:35.576 [memory:mongodb:schema] info: applied schema validation to oc_memory_quarantine

[90mstdout[2m | src/mongodb-schema.test.ts[2m > [22m[2mensureCollections[2m > [22m[2mdoes nothing when all collections exist
[22m[39m15:57:35.576 [memory:mongodb:schema] info: applied schema validation to oc_files

[90mstdout[2m | src/mongodb-schema.test.ts[2m > [22m[2mensureStandardIndexes[2m > [22m[2mcreates all standard indexes on chunks, KB, and structured_mem
[22m[39m15:57:35.579 [memory:mongodb:schema] info: ensured 41 standard indexes

[90mstdout[2m | src/mongodb-schema.test.ts[2m > [22m[2mensureStandardIndexes[2m > [22m[2mcreates memory_evidence indexes only when the evidence mirror is enabled
[22m[39m15:57:35.580 [memory:mongodb:schema] info: ensured 45 standard indexes

[90mstdout[2m | src/mongodb-schema.test.ts[2m > [22m[2mensureStandardIndexes[2m > [22m[2mcreates bi-temporal compound index on events ()
[22m[39m15:57:35.581 [memory:mongodb:schema] info: ensured 41 standard indexes

[90mstdout[2m | src/mongodb-schema.test.ts[2m > [22m[2mensureStandardIndexes[2m > [22m[2mcreates a defensive $text index on text field
[22m[39m15:57:35.582 [memory:mongodb:schema] info: ensured 41 standard indexes

[90mstderr[2m | src/mongodb-schema.test.ts[2m > [22m[2mensureStandardIndexes[2m > [22m[2mcreates TTL index on files collection when memoryTtlDays is set
[22m[39m15:57:35.582 [memory:mongodb:schema] warn: created TTL index on files: 90 days — old memory files will be auto-deleted

[90mstdout[2m | src/mongodb-schema.test.ts[2m > [22m[2mensureStandardIndexes[2m > [22m[2mcreates TTL index on files collection when memoryTtlDays is set
[22m[39m15:57:35.584 [memory:mongodb:schema] info: ensured 41 standard indexes

[90mstdout[2m | src/mongodb-schema.test.ts[2m > [22m[2mensureStandardIndexes[2m > [22m[2mskips files TTL index when memoryTtlDays is 0
[22m[39m15:57:35.584 [memory:mongodb:schema] info: ensured 41 standard indexes

[90mstdout[2m | src/mongodb-schema.test.ts[2m > [22m[2mensureStandardIndexes[2m > [22m[2mindex count includes relevance telemetry indexes and v2 collection indexes
[22m[39m15:57:35.585 [memory:mongodb:schema] info: ensured 41 standard indexes

[90mstdout[2m | src/mongodb-schema.test.ts[2m > [22m[2mensureStandardIndexes[2m > [22m[2mcreates relevance TTL indexes when relevanceRetentionDays is set
[22m[39m15:57:35.586 [memory:mongodb:schema] info: ensured 41 standard indexes

[90mstdout[2m | src/mongodb-schema.test.ts[2m > [22m[2mensureStandardIndexes[2m > [22m[2mcreates a structured-revisions TTL index only when revisionRetentionDays is set (#32)
[22m[39m15:57:35.586 [memory:mongodb:schema] info: ensured 41 standard indexes

[90mstdout[2m | src/mongodb-schema.test.ts[2m > [22m[2mensureStandardIndexes[2m > [22m[2mcreates a structured-revisions TTL index only when revisionRetentionDays is set (#32)
[22m[39m15:57:35.587 [memory:mongodb:schema] info: ensured 42 standard indexes

[90mstdout[2m | src/mongodb-schema.test.ts[2m > [22m[2mensureStandardIndexes[2m > [22m[2mcreates the memory_quarantine review-lifecycle indexes (C-004)
[22m[39m15:57:35.594 [memory:mongodb:schema] info: ensured 41 standard indexes

[90mstdout[2m | src/mongodb-schema.test.ts[2m > [22m[2mensureStandardIndexes[2m > [22m[2mhonors quarantineRetentionDays override and explicit 0 disables the TTL (C-004)
[22m[39m15:57:35.602 [memory:mongodb:schema] info: ensured 41 standard indexes

[90mstdout[2m | src/mongodb-schema.test.ts[2m > [22m[2mensureStandardIndexes[2m > [22m[2mhonors quarantineRetentionDays override and explicit 0 disables the TTL (C-004)
[22m[39m15:57:35.603 [memory:mongodb:schema] info: ensured 40 standard indexes

[90mstdout[2m | src/mongodb-schema.test.ts[2m > [22m[2mP3.8 index hygiene[2m > [22m[2mdrops the three strict-prefix-redundant indexes and never recreates them
[22m[39m15:57:35.605 [memory:mongodb:schema] info: ensured 41 standard indexes

[90mstdout[2m | src/mongodb-schema.test.ts[2m > [22m[2mP3.8 index hygiene[2m > [22m[2mcreates the chunk ESR compound {agentId, path, startLine}
[22m[39m15:57:35.607 [memory:mongodb:schema] info: ensured 41 standard indexes

[90mstdout[2m | src/mongodb-schema.test.ts[2m > [22m[2mP3.8 index hygiene[2m > [22m[2mcreates the episode ESR compound {agentId, type, updatedAt desc}
[22m[39m15:57:35.608 [memory:mongodb:schema] info: ensured 41 standard indexes

[90mstdout[2m | src/mongodb-schema.test.ts[2m > [22m[2mP3.8 index hygiene[2m > [22m[2mcreates the entity ESR compound {agentId, updatedAt desc}
[22m[39m15:57:35.609 [memory:mongodb:schema] info: ensured 41 standard indexes

[90mstdout[2m | src/mongodb-schema.test.ts[2m > [22m[2mP3.8 index hygiene[2m > [22m[2mcreates the relationId locator index on relations
[22m[39m15:57:35.610 [memory:mongodb:schema] info: ensured 41 standard indexes

[90mstdout[2m | src/mongodb-schema.test.ts[2m > [22m[2mP3.8 index hygiene[2m > [22m[2mcreates all six $text fallback indexes by default
[22m[39m15:57:35.613 [memory:mongodb:schema] info: ensured 41 standard indexes

[90mstdout[2m | src/mongodb-schema.test.ts[2m > [22m[2mP3.8 index hygiene[2m > [22m[2mskips all six $text fallback indexes when textFallbackIndexes is false
[22m[39m15:57:35.614 [memory:mongodb:schema] info: ensured 40 standard indexes

[90mstdout[2m | src/mongodb-schema.test.ts[2m > [22m[2mP3.8 index hygiene[2m > [22m[2mcreates the episode_autocomplete search index alongside entity_autocomplete
[22m[39m15:57:35.615 [memory:mongodb:schema] info: created chunks text search index

[90mstdout[2m | src/mongodb-schema.test.ts[2m > [22m[2mP3.8 index hygiene[2m > [22m[2mcreates the episode_autocomplete search index alongside entity_autocomplete
[22m[39m15:57:35.616 [memory:mongodb:schema] info: created chunks vector search index

[90mstdout[2m | src/mongodb-schema.test.ts[2m > [22m[2mP3.8 index hygiene[2m > [22m[2mcreates the episode_autocomplete search index alongside entity_autocomplete
[22m[39m15:57:35.616 [memory:mongodb:schema] info: created kb_chunks text search index

[90mstdout[2m | src/mongodb-schema.test.ts[2m > [22m[2mP3.8 index hygiene[2m > [22m[2mcreates the episode_autocomplete search index alongside entity_autocomplete
[22m[39m15:57:35.616 [memory:mongodb:schema] info: created kb_chunks vector search index

[90mstdout[2m | src/mongodb-schema.test.ts[2m > [22m[2mP3.8 index hygiene[2m > [22m[2mcreates the episode_autocomplete search index alongside entity_autocomplete
[22m[39m15:57:35.616 [memory:mongodb:schema] info: created structured_mem text search index

[90mstdout[2m | src/mongodb-schema.test.ts[2m > [22m[2mP3.8 index hygiene[2m > [22m[2mcreates the episode_autocomplete search index alongside entity_autocomplete
[22m[39m15:57:35.616 [memory:mongodb:schema] info: created structured_mem vector search index

[90mstdout[2m | src/mongodb-schema.test.ts[2m > [22m[2mP3.8 index hygiene[2m > [22m[2mcreates the episode_autocomplete search index alongside entity_autocomplete
[22m[39m15:57:35.616 [memory:mongodb:schema] info: created procedures text search index

[90mstdout[2m | src/mongodb-schema.test.ts[2m > [22m[2mP3.8 index hygiene[2m > [22m[2mcreates the episode_autocomplete search index alongside entity_autocomplete
[22m[39m15:57:35.616 [memory:mongodb:schema] info: created procedures vector search index

[90mstdout[2m | src/mongodb-schema.test.ts[2m > [22m[2mP3.8 index hygiene[2m > [22m[2mcreates the episode_autocomplete search index alongside entity_autocomplete
[22m[39m15:57:35.616 [memory:mongodb:schema] info: created events text search index

[90mstdout[2m | src/mongodb-schema.test.ts[2m > [22m[2mP3.8 index hygiene[2m > [22m[2mcreates the episode_autocomplete search index alongside entity_autocomplete
[22m[39m15:57:35.617 [memory:mongodb:schema] info: created events vector search index

[90mstdout[2m | src/mongodb-schema.test.ts[2m > [22m[2mP3.8 index hygiene[2m > [22m[2mcreates the episode_autocomplete search index alongside entity_autocomplete
[22m[39m15:57:35.617 [memory:mongodb:schema] info: created query_cache vector search index

[90mstdout[2m | src/mongodb-schema.test.ts[2m > [22m[2mP3.8 index hygiene[2m > [22m[2mcreates the episode_autocomplete search index alongside entity_autocomplete
[22m[39m15:57:35.617 [memory:mongodb:schema] info: created session_chunks text search index

[90mstdout[2m | src/mongodb-schema.test.ts[2m > [22m[2mP3.8 index hygiene[2m > [22m[2mcreates the episode_autocomplete search index alongside entity_autocomplete
[22m[39m15:57:35.617 [memory:mongodb:schema] info: created session_chunks vector search index

[90mstdout[2m | src/mongodb-schema.test.ts[2m > [22m[2mP3.8 index hygiene[2m > [22m[2mcreates the episode_autocomplete search index alongside entity_autocomplete
[22m[39m15:57:35.617 [memory:mongodb:schema] info: created entity autocomplete search index

[90mstdout[2m | src/mongodb-schema.test.ts[2m > [22m[2mP3.8 index hygiene[2m > [22m[2mcreates the episode_autocomplete search index alongside entity_autocomplete
[22m[39m15:57:35.617 [memory:mongodb:schema] info: created episode autocomplete search index

[90mstdout[2m | src/mongodb-schema.test.ts[2m > [22m[2mP4.4.1 TTL expiration indexes[2m > [22m[2mcreates the partial TTL index on events with expireAfterSeconds 0
[22m[39m15:57:35.618 [memory:mongodb:schema] info: ensured 41 standard indexes

[90mstdout[2m | src/mongodb-schema.test.ts[2m > [22m[2mP4.4.1 TTL expiration indexes[2m > [22m[2mcreates the partial TTL index on structured_mem with expireAfterSeconds 0
[22m[39m15:57:35.619 [memory:mongodb:schema] info: ensured 41 standard indexes

[90mstdout[2m | src/mongodb-schema.test.ts[2m > [22m[2mvalidationAction version gate (P3.5)[2m > [22m[2muses errorAndLog on MongoDB 8.1+ when creating collections
[22m[39m15:57:35.620 [memory:mongodb:schema] info: created collection test_chunks

[90mstdout[2m | src/mongodb-schema.test.ts[2m > [22m[2mvalidationAction version gate (P3.5)[2m > [22m[2muses errorAndLog on MongoDB 8.1+ when creating collections
[22m[39m15:57:35.620 [memory:mongodb:schema] info: created collection test_files

[90mstdout[2m | src/mongodb-schema.test.ts[2m > [22m[2mvalidationAction version gate (P3.5)[2m > [22m[2muses errorAndLog on MongoDB 8.1+ when creating collections
[22m[39m15:57:35.620 [memory:mongodb:schema] info: created collection test_meta

[90mstdout[2m | src/mongodb-schema.test.ts[2m > [22m[2mvalidationAction version gate (P3.5)[2m > [22m[2muses errorAndLog on MongoDB 8.1+ when creating collections
[22m[39m15:57:35.620 [memory:mongodb:schema] info: created collection test_knowledge_base

[90mstdout[2m | src/mongodb-schema.test.ts[2m > [22m[2mvalidationAction version gate (P3.5)[2m > [22m[2muses errorAndLog on MongoDB 8.1+ when creating collections
[22m[39m15:57:35.620 [memory:mongodb:schema] info: created collection test_kb_chunks

[90mstdout[2m | src/mongodb-schema.test.ts[2m > [22m[2mvalidationAction version gate (P3.5)[2m > [22m[2muses errorAndLog on MongoDB 8.1+ when creating collections
[22m[39m15:57:35.620 [memory:mongodb:schema] info: created collection test_structured_mem

[90mstdout[2m | src/mongodb-schema.test.ts[2m > [22m[2mvalidationAction version gate (P3.5)[2m > [22m[2muses errorAndLog on MongoDB 8.1+ when creating collections
[22m[39m15:57:35.620 [memory:mongodb:schema] info: created collection test_structured_mem_revisions

[90mstdout[2m | src/mongodb-schema.test.ts[2m > [22m[2mvalidationAction version gate (P3.5)[2m > [22m[2muses errorAndLog on MongoDB 8.1+ when creating collections
[22m[39m15:57:35.620 [memory:mongodb:schema] info: created collection test_procedures

[90mstdout[2m | src/mongodb-schema.test.ts[2m > [22m[2mvalidationAction version gate (P3.5)[2m > [22m[2muses errorAndLog on MongoDB 8.1+ when creating collections
[22m[39m15:57:35.620 [memory:mongodb:schema] info: created collection test_procedure_revisions

[90mstdout[2m | src/mongodb-schema.test.ts[2m > [22m[2mvalidationAction version gate (P3.5)[2m > [22m[2muses errorAndLog on MongoDB 8.1+ when creating collections
[22m[39m15:57:35.620 [memory:mongodb:schema] info: created collection test_relevance_runs

[90mstdout[2m | src/mongodb-schema.test.ts[2m > [22m[2mvalidationAction version gate (P3.5)[2m > [22m[2muses errorAndLog on MongoDB 8.1+ when creating collections
[22m[39m15:57:35.620 [memory:mongodb:schema] info: created collection test_relevance_artifacts

[90mstdout[2m | src/mongodb-schema.test.ts[2m > [22m[2mvalidationAction version gate (P3.5)[2m > [22m[2muses errorAndLog on MongoDB 8.1+ when creating collections
[22m[39m15:57:35.620 [memory:mongodb:schema] info: created collection test_relevance_regressions

[90mstdout[2m | src/mongodb-schema.test.ts[2m > [22m[2mvalidationAction version gate (P3.5)[2m > [22m[2muses errorAndLog on MongoDB 8.1+ when creating collections
[22m[39m15:57:35.620 [memory:mongodb:schema] info: created collection test_events

[90mstdout[2m | src/mongodb-schema.test.ts[2m > [22m[2mvalidationAction version gate (P3.5)[2m > [22m[2muses errorAndLog on MongoDB 8.1+ when creating collections
[22m[39m15:57:35.620 [memory:mongodb:schema] info: created collection test_entities

[90mstdout[2m | src/mongodb-schema.test.ts[2m > [22m[2mvalidationAction version gate (P3.5)[2m > [22m[2muses errorAndLog on MongoDB 8.1+ when creating collections
[22m[39m15:57:35.620 [memory:mongodb:schema] info: created collection test_relations

[90mstdout[2m | src/mongodb-schema.test.ts[2m > [22m[2mvalidationAction version gate (P3.5)[2m > [22m[2muses errorAndLog on MongoDB 8.1+ when creating collections
[22m[39m15:57:35.620 [memory:mongodb:schema] info: created collection test_entity_links

[90mstdout[2m | src/mongodb-schema.test.ts[2m > [22m[2mvalidationAction version gate (P3.5)[2m > [22m[2muses errorAndLog on MongoDB 8.1+ when creating collections
[22m[39m15:57:35.620 [memory:mongodb:schema] info: created collection test_episodes

[90mstdout[2m | src/mongodb-schema.test.ts[2m > [22m[2mvalidationAction version gate (P3.5)[2m > [22m[2muses errorAndLog on MongoDB 8.1+ when creating collections
[22m[39m15:57:35.620 [memory:mongodb:schema] info: created collection test_ingest_runs

[90mstdout[2m | src/mongodb-schema.test.ts[2m > [22m[2mvalidationAction version gate (P3.5)[2m > [22m[2muses errorAndLog on MongoDB 8.1+ when creating collections
[22m[39m15:57:35.620 [memory:mongodb:schema] info: created collection test_projection_runs

[90mstdout[2m | src/mongodb-schema.test.ts[2m > [22m[2mvalidationAction version gate (P3.5)[2m > [22m[2muses errorAndLog on MongoDB 8.1+ when creating collections
[22m[39m15:57:35.620 [memory:mongodb:schema] info: created collection test_query_cache

[90mstdout[2m | src/mongodb-schema.test.ts[2m > [22m[2mvalidationAction version gate (P3.5)[2m > [22m[2muses errorAndLog on MongoDB 8.1+ when creating collections
[22m[39m15:57:35.620 [memory:mongodb:schema] info: created collection test_memory_mutations

[90mstdout[2m | src/mongodb-schema.test.ts[2m > [22m[2mvalidationAction version gate (P3.5)[2m > [22m[2muses errorAndLog on MongoDB 8.1+ when creating collections
[22m[39m15:57:35.620 [memory:mongodb:schema] info: created collection test_lane_coverage

[90mstdout[2m | src/mongodb-schema.test.ts[2m > [22m[2mvalidationAction version gate (P3.5)[2m > [22m[2muses errorAndLog on MongoDB 8.1+ when creating collections
[22m[39m15:57:35.620 [memory:mongodb:schema] info: created collection test_consolidation_runs

[90mstdout[2m | src/mongodb-schema.test.ts[2m > [22m[2mvalidationAction version gate (P3.5)[2m > [22m[2muses errorAndLog on MongoDB 8.1+ when creating collections
[22m[39m15:57:35.620 [memory:mongodb:schema] info: created collection test_recall_traces

[90mstdout[2m | src/mongodb-schema.test.ts[2m > [22m[2mvalidationAction version gate (P3.5)[2m > [22m[2muses errorAndLog on MongoDB 8.1+ when creating collections
[22m[39m15:57:35.620 [memory:mongodb:schema] info: created collection test_memory_jobs

[90mstdout[2m | src/mongodb-schema.test.ts[2m > [22m[2mvalidationAction version gate (P3.5)[2m > [22m[2muses errorAndLog on MongoDB 8.1+ when creating collections
[22m[39m15:57:35.621 [memory:mongodb:schema] info: created collection test_session_chunks

[90mstdout[2m | src/mongodb-schema.test.ts[2m > [22m[2mvalidationAction version gate (P3.5)[2m > [22m[2muses errorAndLog on MongoDB 8.1+ when creating collections
[22m[39m15:57:35.621 [memory:mongodb:schema] info: created collection test_memory_quarantine

[90mstdout[2m | src/mongodb-schema.test.ts[2m > [22m[2mvalidationAction version gate (P3.5)[2m > [22m[2muses errorAndLog on MongoDB 8.1+ when creating collections
[22m[39m15:57:35.621 [memory:mongodb:schema] info: created time series collection test_memory_telemetry

[90mstdout[2m | src/mongodb-schema.test.ts[2m > [22m[2mvalidationAction version gate (P3.5)[2m > [22m[2muses errorAndLog on MongoDB 8.1+ when creating collections
[22m[39m15:57:35.621 [memory:mongodb:schema] info: created telemetry collection test_memory_telemetry

[90mstdout[2m | src/mongodb-schema.test.ts[2m > [22m[2mvalidationAction version gate (P3.5)[2m > [22m[2muses errorAndLog on MongoDB 8.1+ when creating collections
[22m[39m15:57:35.621 [memory:mongodb:schema] info: created time series collection test_access_events

[90mstdout[2m | src/mongodb-schema.test.ts[2m > [22m[2mvalidationAction version gate (P3.5)[2m > [22m[2muses errorAndLog on MongoDB 8.1+ when creating collections
[22m[39m15:57:35.621 [memory:mongodb:schema] info: created access events collection test_access_events

[90mstdout[2m | src/mongodb-schema.test.ts[2m > [22m[2mvalidationAction version gate (P3.5)[2m > [22m[2muses errorAndLog on MongoDB 8.1+ when creating collections
[22m[39m15:57:35.621 [memory:mongodb:schema] info: applied schema validation to test_chunks

[90mstdout[2m | src/mongodb-schema.test.ts[2m > [22m[2mvalidationAction version gate (P3.5)[2m > [22m[2muses errorAndLog on MongoDB 8.1+ when creating collections
[22m[39m15:57:35.621 [memory:mongodb:schema] info: applied schema validation to test_knowledge_base

[90mstdout[2m | src/mongodb-schema.test.ts[2m > [22m[2mvalidationAction version gate (P3.5)[2m > [22m[2muses errorAndLog on MongoDB 8.1+ when creating collections
[22m[39m15:57:35.621 [memory:mongodb:schema] info: applied schema validation to test_kb_chunks

[90mstdout[2m | src/mongodb-schema.test.ts[2m > [22m[2mvalidationAction version gate (P3.5)[2m > [22m[2muses errorAndLog on MongoDB 8.1+ when creating collections
[22m[39m15:57:35.621 [memory:mongodb:schema] info: applied schema validation to test_structured_mem

[90mstdout[2m | src/mongodb-schema.test.ts[2m > [22m[2mvalidationAction version gate (P3.5)[2m > [22m[2muses errorAndLog on MongoDB 8.1+ when creating collections
[22m[39m15:57:35.621 [memory:mongodb:schema] info: applied schema validation to test_structured_mem_revisions

[90mstdout[2m | src/mongodb-schema.test.ts[2m > [22m[2mvalidationAction version gate (P3.5)[2m > [22m[2muses errorAndLog on MongoDB 8.1+ when creating collections
[22m[39m15:57:35.621 [memory:mongodb:schema] info: applied schema validation to test_procedures

[90mstdout[2m | src/mongodb-schema.test.ts[2m > [22m[2mvalidationAction version gate (P3.5)[2m > [22m[2muses errorAndLog on MongoDB 8.1+ when creating collections
[22m[39m15:57:35.621 [memory:mongodb:schema] info: applied schema validation to test_procedure_revisions

[90mstdout[2m | src/mongodb-schema.test.ts[2m > [22m[2mvalidationAction version gate (P3.5)[2m > [22m[2muses errorAndLog on MongoDB 8.1+ when creating collections
[22m[39m15:57:35.621 [memory:mongodb:schema] info: applied schema validation to test_relevance_runs

[90mstdout[2m | src/mongodb-schema.test.ts[2m > [22m[2mvalidationAction version gate (P3.5)[2m > [22m[2muses errorAndLog on MongoDB 8.1+ when creating collections
[22m[39m15:57:35.621 [memory:mongodb:schema] info: applied schema validation to test_relevance_artifacts

[90mstdout[2m | src/mongodb-schema.test.ts[2m > [22m[2mvalidationAction version gate (P3.5)[2m > [22m[2muses errorAndLog on MongoDB 8.1+ when creating collections
[22m[39m15:57:35.621 [memory:mongodb:schema] info: applied schema validation to test_relevance_regressions

[90mstdout[2m | src/mongodb-schema.test.ts[2m > [22m[2mvalidationAction version gate (P3.5)[2m > [22m[2muses errorAndLog on MongoDB 8.1+ when creating collections
[22m[39m15:57:35.621 [memory:mongodb:schema] info: applied schema validation to test_events

[90mstdout[2m | src/mongodb-schema.test.ts[2m > [22m[2mvalidationAction version gate (P3.5)[2m > [22m[2muses errorAndLog on MongoDB 8.1+ when creating collections
[22m[39m15:57:35.621 [memory:mongodb:schema] info: applied schema validation to test_entities

[90mstdout[2m | src/mongodb-schema.test.ts[2m > [22m[2mvalidationAction version gate (P3.5)[2m > [22m[2muses errorAndLog on MongoDB 8.1+ when creating collections
[22m[39m15:57:35.621 [memory:mongodb:schema] info: applied schema validation to test_relations

[90mstdout[2m | src/mongodb-schema.test.ts[2m > [22m[2mvalidationAction version gate (P3.5)[2m > [22m[2muses errorAndLog on MongoDB 8.1+ when creating collections
[22m[39m15:57:35.621 [memory:mongodb:schema] info: applied schema validation to test_entity_links

[90mstdout[2m | src/mongodb-schema.test.ts[2m > [22m[2mvalidationAction version gate (P3.5)[2m > [22m[2muses errorAndLog on MongoDB 8.1+ when creating collections
[22m[39m15:57:35.621 [memory:mongodb:schema] info: applied schema validation to test_episodes

[90mstdout[2m | src/mongodb-schema.test.ts[2m > [22m[2mvalidationAction version gate (P3.5)[2m > [22m[2muses errorAndLog on MongoDB 8.1+ when creating collections
[22m[39m15:57:35.621 [memory:mongodb:schema] info: applied schema validation to test_ingest_runs

[90mstdout[2m | src/mongodb-schema.test.ts[2m > [22m[2mvalidationAction version gate (P3.5)[2m > [22m[2muses errorAndLog on MongoDB 8.1+ when creating collections
[22m[39m15:57:35.621 [memory:mongodb:schema] info: applied schema validation to test_projection_runs

[90mstdout[2m | src/mongodb-schema.test.ts[2m > [22m[2mvalidationAction version gate (P3.5)[2m > [22m[2muses errorAndLog on MongoDB 8.1+ when creating collections
[22m[39m15:57:35.621 [memory:mongodb:schema] info: applied schema validation to test_query_cache

[90mstdout[2m | src/mongodb-schema.test.ts[2m > [22m[2mvalidationAction version gate (P3.5)[2m > [22m[2muses errorAndLog on MongoDB 8.1+ when creating collections
[22m[39m15:57:35.621 [memory:mongodb:schema] info: applied schema validation to test_memory_mutations

[90mstdout[2m | src/mongodb-schema.test.ts[2m > [22m[2mvalidationAction version gate (P3.5)[2m > [22m[2muses errorAndLog on MongoDB 8.1+ when creating collections
[22m[39m15:57:35.621 [memory:mongodb:schema] info: applied schema validation to test_recall_traces

[90mstdout[2m | src/mongodb-schema.test.ts[2m > [22m[2mvalidationAction version gate (P3.5)[2m > [22m[2muses errorAndLog on MongoDB 8.1+ when creating collections
[22m[39m15:57:35.621 [memory:mongodb:schema] info: applied schema validation to test_memory_jobs

[90mstdout[2m | src/mongodb-schema.test.ts[2m > [22m[2mvalidationAction version gate (P3.5)[2m > [22m[2muses errorAndLog on MongoDB 8.1+ when creating collections
[22m[39m15:57:35.621 [memory:mongodb:schema] info: applied schema validation to test_memory_quarantine

[90mstdout[2m | src/mongodb-schema.test.ts[2m > [22m[2mvalidationAction version gate (P3.5)[2m > [22m[2muses errorAndLog on MongoDB 8.1+ when creating collections
[22m[39m15:57:35.621 [memory:mongodb:schema] info: applied schema validation to test_files

[90mstdout[2m | src/mongodb-schema.test.ts[2m > [22m[2mvalidationAction version gate (P3.5)[2m > [22m[2mkeeps error below MongoDB 8.1 when creating collections
[22m[39m15:57:35.622 [memory:mongodb:schema] info: created collection test_chunks

[90mstdout[2m | src/mongodb-schema.test.ts[2m > [22m[2mvalidationAction version gate (P3.5)[2m > [22m[2mkeeps error below MongoDB 8.1 when creating collections
[22m[39m15:57:35.622 [memory:mongodb:schema] info: created collection test_files

[90mstdout[2m | src/mongodb-schema.test.ts[2m > [22m[2mvalidationAction version gate (P3.5)[2m > [22m[2mkeeps error below MongoDB 8.1 when creating collections
[22m[39m15:57:35.622 [memory:mongodb:schema] info: created collection test_meta

[90mstdout[2m | src/mongodb-schema.test.ts[2m > [22m[2mvalidationAction version gate (P3.5)[2m > [22m[2mkeeps error below MongoDB 8.1 when creating collections
[22m[39m15:57:35.622 [memory:mongodb:schema] info: created collection test_knowledge_base

[90mstdout[2m | src/mongodb-schema.test.ts[2m > [22m[2mvalidationAction version gate (P3.5)[2m > [22m[2mkeeps error below MongoDB 8.1 when creating collections
[22m[39m15:57:35.622 [memory:mongodb:schema] info: created collection test_kb_chunks

[90mstdout[2m | src/mongodb-schema.test.ts[2m > [22m[2mvalidationAction version gate (P3.5)[2m > [22m[2mkeeps error below MongoDB 8.1 when creating collections
[22m[39m15:57:35.622 [memory:mongodb:schema] info: created collection test_structured_mem

[90mstdout[2m | src/mongodb-schema.test.ts[2m > [22m[2mvalidationAction version gate (P3.5)[2m > [22m[2mkeeps error below MongoDB 8.1 when creating collections
[22m[39m15:57:35.622 [memory:mongodb:schema] info: created collection test_structured_mem_revisions

[90mstdout[2m | src/mongodb-schema.test.ts[2m > [22m[2mvalidationAction version gate (P3.5)[2m > [22m[2mkeeps error below MongoDB 8.1 when creating collections
[22m[39m15:57:35.622 [memory:mongodb:schema] info: created collection test_procedures

[90mstdout[2m | src/mongodb-schema.test.ts[2m > [22m[2mvalidationAction version gate (P3.5)[2m > [22m[2mkeeps error below MongoDB 8.1 when creating collections
[22m[39m15:57:35.622 [memory:mongodb:schema] info: created collection test_procedure_revisions

[90mstdout[2m | src/mongodb-schema.test.ts[2m > [22m[2mvalidationAction version gate (P3.5)[2m > [22m[2mkeeps error below MongoDB 8.1 when creating collections
[22m[39m15:57:35.622 [memory:mongodb:schema] info: created collection test_relevance_runs

[90mstdout[2m | src/mongodb-schema.test.ts[2m > [22m[2mvalidationAction version gate (P3.5)[2m > [22m[2mkeeps error below MongoDB 8.1 when creating collections
[22m[39m15:57:35.622 [memory:mongodb:schema] info: created collection test_relevance_artifacts

[90mstdout[2m | src/mongodb-schema.test.ts[2m > [22m[2mvalidationAction version gate (P3.5)[2m > [22m[2mkeeps error below MongoDB 8.1 when creating collections
[22m[39m15:57:35.622 [memory:mongodb:schema] info: created collection test_relevance_regressions

[90mstdout[2m | src/mongodb-schema.test.ts[2m > [22m[2mvalidationAction version gate (P3.5)[2m > [22m[2mkeeps error below MongoDB 8.1 when creating collections
[22m[39m15:57:35.622 [memory:mongodb:schema] info: created collection test_events

[90mstdout[2m | src/mongodb-schema.test.ts[2m > [22m[2mvalidationAction version gate (P3.5)[2m > [22m[2mkeeps error below MongoDB 8.1 when creating collections
[22m[39m15:57:35.622 [memory:mongodb:schema] info: created collection test_entities

[90mstdout[2m | src/mongodb-schema.test.ts[2m > [22m[2mvalidationAction version gate (P3.5)[2m > [22m[2mkeeps error below MongoDB 8.1 when creating collections
[22m[39m15:57:35.622 [memory:mongodb:schema] info: created collection test_relations

[90mstdout[2m | src/mongodb-schema.test.ts[2m > [22m[2mvalidationAction version gate (P3.5)[2m > [22m[2mkeeps error below MongoDB 8.1 when creating collections
[22m[39m15:57:35.622 [memory:mongodb:schema] info: created collection test_entity_links

[90mstdout[2m | src/mongodb-schema.test.ts[2m > [22m[2mvalidationAction version gate (P3.5)[2m > [22m[2mkeeps error below MongoDB 8.1 when creating collections
[22m[39m15:57:35.623 [memory:mongodb:schema] info: created collection test_episodes

[90mstdout[2m | src/mongodb-schema.test.ts[2m > [22m[2mvalidationAction version gate (P3.5)[2m > [22m[2mkeeps error below MongoDB 8.1 when creating collections
[22m[39m15:57:35.623 [memory:mongodb:schema] info: created collection test_ingest_runs

[90mstdout[2m | src/mongodb-schema.test.ts[2m > [22m[2mvalidationAction version gate (P3.5)[2m > [22m[2mkeeps error below MongoDB 8.1 when creating collections
[22m[39m15:57:35.623 [memory:mongodb:schema] info: created collection test_projection_runs

[90mstdout[2m | src/mongodb-schema.test.ts[2m > [22m[2mvalidationAction version gate (P3.5)[2m > [22m[2mkeeps error below MongoDB 8.1 when creating collections
[22m[39m15:57:35.623 [memory:mongodb:schema] info: created collection test_query_cache

[90mstdout[2m | src/mongodb-schema.test.ts[2m > [22m[2mvalidationAction version gate (P3.5)[2m > [22m[2mkeeps error below MongoDB 8.1 when creating collections
[22m[39m15:57:35.623 [memory:mongodb:schema] info: created collection test_memory_mutations

[90mstdout[2m | src/mongodb-schema.test.ts[2m > [22m[2mvalidationAction version gate (P3.5)[2m > [22m[2mkeeps error below MongoDB 8.1 when creating collections
[22m[39m15:57:35.623 [memory:mongodb:schema] info: created collection test_lane_coverage

[90mstdout[2m | src/mongodb-schema.test.ts[2m > [22m[2mvalidationAction version gate (P3.5)[2m > [22m[2mkeeps error below MongoDB 8.1 when creating collections
[22m[39m15:57:35.623 [memory:mongodb:schema] info: created collection test_consolidation_runs

[90mstdout[2m | src/mongodb-schema.test.ts[2m > [22m[2mvalidationAction version gate (P3.5)[2m > [22m[2mkeeps error below MongoDB 8.1 when creating collections
[22m[39m15:57:35.623 [memory:mongodb:schema] info: created collection test_recall_traces

[90mstdout[2m | src/mongodb-schema.test.ts[2m > [22m[2mvalidationAction version gate (P3.5)[2m > [22m[2mkeeps error below MongoDB 8.1 when creating collections
[22m[39m15:57:35.623 [memory:mongodb:schema] info: created collection test_memory_jobs

[90mstdout[2m | src/mongodb-schema.test.ts[2m > [22m[2mvalidationAction version gate (P3.5)[2m > [22m[2mkeeps error below MongoDB 8.1 when creating collections
[22m[39m15:57:35.623 [memory:mongodb:schema] info: created collection test_session_chunks

[90mstdout[2m | src/mongodb-schema.test.ts[2m > [22m[2mvalidationAction version gate (P3.5)[2m > [22m[2mkeeps error below MongoDB 8.1 when creating collections
[22m[39m15:57:35.623 [memory:mongodb:schema] info: created collection test_memory_quarantine

[90mstdout[2m | src/mongodb-schema.test.ts[2m > [22m[2mvalidationAction version gate (P3.5)[2m > [22m[2mkeeps error below MongoDB 8.1 when creating collections
[22m[39m15:57:35.623 [memory:mongodb:schema] info: created time series collection test_memory_telemetry

[90mstdout[2m | src/mongodb-schema.test.ts[2m > [22m[2mvalidationAction version gate (P3.5)[2m > [22m[2mkeeps error below MongoDB 8.1 when creating collections
[22m[39m15:57:35.623 [memory:mongodb:schema] info: created telemetry collection test_memory_telemetry

[90mstdout[2m | src/mongodb-schema.test.ts[2m > [22m[2mvalidationAction version gate (P3.5)[2m > [22m[2mkeeps error below MongoDB 8.1 when creating collections
[22m[39m15:57:35.623 [memory:mongodb:schema] info: created time series collection test_access_events

[90mstdout[2m | src/mongodb-schema.test.ts[2m > [22m[2mvalidationAction version gate (P3.5)[2m > [22m[2mkeeps error below MongoDB 8.1 when creating collections
[22m[39m15:57:35.623 [memory:mongodb:schema] info: created access events collection test_access_events

[90mstdout[2m | src/mongodb-schema.test.ts[2m > [22m[2mvalidationAction version gate (P3.5)[2m > [22m[2mkeeps error below MongoDB 8.1 when creating collections
[22m[39m15:57:35.623 [memory:mongodb:schema] info: applied schema validation to test_chunks

[90mstdout[2m | src/mongodb-schema.test.ts[2m > [22m[2mvalidationAction version gate (P3.5)[2m > [22m[2mkeeps error below MongoDB 8.1 when creating collections
[22m[39m15:57:35.623 [memory:mongodb:schema] info: applied schema validation to test_knowledge_base

[90mstdout[2m | src/mongodb-schema.test.ts[2m > [22m[2mvalidationAction version gate (P3.5)[2m > [22m[2mkeeps error below MongoDB 8.1 when creating collections
[22m[39m15:57:35.623 [memory:mongodb:schema] info: applied schema validation to test_kb_chunks

[90mstdout[2m | src/mongodb-schema.test.ts[2m > [22m[2mvalidationAction version gate (P3.5)[2m > [22m[2mkeeps error below MongoDB 8.1 when creating collections
[22m[39m15:57:35.623 [memory:mongodb:schema] info: applied schema validation to test_structured_mem

[90mstdout[2m | src/mongodb-schema.test.ts[2m > [22m[2mvalidationAction version gate (P3.5)[2m > [22m[2mkeeps error below MongoDB 8.1 when creating collections
[22m[39m15:57:35.623 [memory:mongodb:schema] info: applied schema validation to test_structured_mem_revisions

[90mstdout[2m | src/mongodb-schema.test.ts[2m > [22m[2mvalidationAction version gate (P3.5)[2m > [22m[2mkeeps error below MongoDB 8.1 when creating collections
[22m[39m15:57:35.623 [memory:mongodb:schema] info: applied schema validation to test_procedures

[90mstdout[2m | src/mongodb-schema.test.ts[2m > [22m[2mvalidationAction version gate (P3.5)[2m > [22m[2mkeeps error below MongoDB 8.1 when creating collections
[22m[39m15:57:35.623 [memory:mongodb:schema] info: applied schema validation to test_procedure_revisions

[90mstdout[2m | src/mongodb-schema.test.ts[2m > [22m[2mvalidationAction version gate (P3.5)[2m > [22m[2mkeeps error below MongoDB 8.1 when creating collections
[22m[39m15:57:35.623 [memory:mongodb:schema] info: applied schema validation to test_relevance_runs

[90mstdout[2m | src/mongodb-schema.test.ts[2m > [22m[2mvalidationAction version gate (P3.5)[2m > [22m[2mkeeps error below MongoDB 8.1 when creating collections
[22m[39m15:57:35.623 [memory:mongodb:schema] info: applied schema validation to test_relevance_artifacts

[90mstdout[2m | src/mongodb-schema.test.ts[2m > [22m[2mvalidationAction version gate (P3.5)[2m > [22m[2mkeeps error below MongoDB 8.1 when creating collections
[22m[39m15:57:35.623 [memory:mongodb:schema] info: applied schema validation to test_relevance_regressions

[90mstdout[2m | src/mongodb-schema.test.ts[2m > [22m[2mvalidationAction version gate (P3.5)[2m > [22m[2mkeeps error below MongoDB 8.1 when creating collections
[22m[39m15:57:35.623 [memory:mongodb:schema] info: applied schema validation to test_events

[90mstdout[2m | src/mongodb-schema.test.ts[2m > [22m[2mvalidationAction version gate (P3.5)[2m > [22m[2mkeeps error below MongoDB 8.1 when creating collections
[22m[39m15:57:35.623 [memory:mongodb:schema] info: applied schema validation to test_entities

[90mstdout[2m | src/mongodb-schema.test.ts[2m > [22m[2mvalidationAction version gate (P3.5)[2m > [22m[2mkeeps error below MongoDB 8.1 when creating collections
[22m[39m15:57:35.623 [memory:mongodb:schema] info: applied schema validation to test_relations

[90mstdout[2m | src/mongodb-schema.test.ts[2m > [22m[2mvalidationAction version gate (P3.5)[2m > [22m[2mkeeps error below MongoDB 8.1 when creating collections
[22m[39m15:57:35.623 [memory:mongodb:schema] info: applied schema validation to test_entity_links

[90mstdout[2m | src/mongodb-schema.test.ts[2m > [22m[2mvalidationAction version gate (P3.5)[2m > [22m[2mkeeps error below MongoDB 8.1 when creating collections
[22m[39m15:57:35.623 [memory:mongodb:schema] info: applied schema validation to test_episodes

[90mstdout[2m | src/mongodb-schema.test.ts[2m > [22m[2mvalidationAction version gate (P3.5)[2m > [22m[2mkeeps error below MongoDB 8.1 when creating collections
[22m[39m15:57:35.623 [memory:mongodb:schema] info: applied schema validation to test_ingest_runs

[90mstdout[2m | src/mongodb-schema.test.ts[2m > [22m[2mvalidationAction version gate (P3.5)[2m > [22m[2mkeeps error below MongoDB 8.1 when creating collections
[22m[39m15:57:35.623 [memory:mongodb:schema] info: applied schema validation to test_projection_runs

[90mstdout[2m | src/mongodb-schema.test.ts[2m > [22m[2mvalidationAction version gate (P3.5)[2m > [22m[2mkeeps error below MongoDB 8.1 when creating collections
[22m[39m15:57:35.623 [memory:mongodb:schema] info: applied schema validation to test_query_cache

[90mstdout[2m | src/mongodb-schema.test.ts[2m > [22m[2mvalidationAction version gate (P3.5)[2m > [22m[2mkeeps error below MongoDB 8.1 when creating collections
[22m[39m15:57:35.623 [memory:mongodb:schema] info: applied schema validation to test_memory_mutations

[90mstdout[2m | src/mongodb-schema.test.ts[2m > [22m[2mvalidationAction version gate (P3.5)[2m > [22m[2mkeeps error below MongoDB 8.1 when creating collections
[22m[39m15:57:35.623 [memory:mongodb:schema] info: applied schema validation to test_recall_traces

[90mstdout[2m | src/mongodb-schema.test.ts[2m > [22m[2mvalidationAction version gate (P3.5)[2m > [22m[2mkeeps error below MongoDB 8.1 when creating collections
[22m[39m15:57:35.623 [memory:mongodb:schema] info: applied schema validation to test_memory_jobs

[90mstdout[2m | src/mongodb-schema.test.ts[2m > [22m[2mvalidationAction version gate (P3.5)[2m > [22m[2mkeeps error below MongoDB 8.1 when creating collections
[22m[39m15:57:35.624 [memory:mongodb:schema] info: applied schema validation to test_memory_quarantine

[90mstdout[2m | src/mongodb-schema.test.ts[2m > [22m[2mvalidationAction version gate (P3.5)[2m > [22m[2mkeeps error below MongoDB 8.1 when creating collections
[22m[39m15:57:35.624 [memory:mongodb:schema] info: applied schema validation to test_files

[90mstdout[2m | src/mongodb-schema.test.ts[2m > [22m[2mvalidationAction version gate (P3.5)[2m > [22m[2mkeeps error when the server version is unknown
[22m[39m15:57:35.624 [memory:mongodb:schema] info: created collection test_chunks

[90mstdout[2m | src/mongodb-schema.test.ts[2m > [22m[2mvalidationAction version gate (P3.5)[2m > [22m[2mkeeps error when the server version is unknown
[22m[39m15:57:35.624 [memory:mongodb:schema] info: created collection test_files

[90mstdout[2m | src/mongodb-schema.test.ts[2m > [22m[2mvalidationAction version gate (P3.5)[2m > [22m[2mkeeps error when the server version is unknown
[22m[39m15:57:35.624 [memory:mongodb:schema] info: created collection test_meta

[90mstdout[2m | src/mongodb-schema.test.ts[2m > [22m[2mvalidationAction version gate (P3.5)[2m > [22m[2mkeeps error when the server version is unknown
[22m[39m15:57:35.624 [memory:mongodb:schema] info: created collection test_knowledge_base

[90mstdout[2m | src/mongodb-schema.test.ts[2m > [22m[2mvalidationAction version gate (P3.5)[2m > [22m[2mkeeps error when the server version is unknown
[22m[39m15:57:35.624 [memory:mongodb:schema] info: created collection test_kb_chunks

[90mstdout[2m | src/mongodb-schema.test.ts[2m > [22m[2mvalidationAction version gate (P3.5)[2m > [22m[2mkeeps error when the server version is unknown
[22m[39m15:57:35.624 [memory:mongodb:schema] info: created collection test_structured_mem

[90mstdout[2m | src/mongodb-schema.test.ts[2m > [22m[2mvalidationAction version gate (P3.5)[2m > [22m[2mkeeps error when the server version is unknown
[22m[39m15:57:35.624 [memory:mongodb:schema] info: created collection test_structured_mem_revisions

[90mstdout[2m | src/mongodb-schema.test.ts[2m > [22m[2mvalidationAction version gate (P3.5)[2m > [22m[2mkeeps error when the server version is unknown
[22m[39m15:57:35.624 [memory:mongodb:schema] info: created collection test_procedures

[90mstdout[2m | src/mongodb-schema.test.ts[2m > [22m[2mvalidationAction version gate (P3.5)[2m > [22m[2mkeeps error when the server version is unknown
[22m[39m15:57:35.624 [memory:mongodb:schema] info: created collection test_procedure_revisions

[90mstdout[2m | src/mongodb-schema.test.ts[2m > [22m[2mvalidationAction version gate (P3.5)[2m > [22m[2mkeeps error when the server version is unknown
[22m[39m15:57:35.624 [memory:mongodb:schema] info: created collection test_relevance_runs

[90mstdout[2m | src/mongodb-schema.test.ts[2m > [22m[2mvalidationAction version gate (P3.5)[2m > [22m[2mkeeps error when the server version is unknown
[22m[39m15:57:35.624 [memory:mongodb:schema] info: created collection test_relevance_artifacts

[90mstdout[2m | src/mongodb-schema.test.ts[2m > [22m[2mvalidationAction version gate (P3.5)[2m > [22m[2mkeeps error when the server version is unknown
[22m[39m15:57:35.624 [memory:mongodb:schema] info: created collection test_relevance_regressions

[90mstdout[2m | src/mongodb-schema.test.ts[2m > [22m[2mvalidationAction version gate (P3.5)[2m > [22m[2mkeeps error when the server version is unknown
[22m[39m15:57:35.624 [memory:mongodb:schema] info: created collection test_events

[90mstdout[2m | src/mongodb-schema.test.ts[2m > [22m[2mvalidationAction version gate (P3.5)[2m > [22m[2mkeeps error when the server version is unknown
[22m[39m15:57:35.624 [memory:mongodb:schema] info: created collection test_entities

[90mstdout[2m | src/mongodb-schema.test.ts[2m > [22m[2mvalidationAction version gate (P3.5)[2m > [22m[2mkeeps error when the server version is unknown
[22m[39m15:57:35.625 [memory:mongodb:schema] info: created collection test_relations

[90mstdout[2m | src/mongodb-schema.test.ts[2m > [22m[2mvalidationAction version gate (P3.5)[2m > [22m[2mkeeps error when the server version is unknown
[22m[39m15:57:35.625 [memory:mongodb:schema] info: created collection test_entity_links

[90mstdout[2m | src/mongodb-schema.test.ts[2m > [22m[2mvalidationAction version gate (P3.5)[2m > [22m[2mkeeps error when the server version is unknown
[22m[39m15:57:35.625 [memory:mongodb:schema] info: created collection test_episodes

[90mstdout[2m | src/mongodb-schema.test.ts[2m > [22m[2mvalidationAction version gate (P3.5)[2m > [22m[2mkeeps error when the server version is unknown
[22m[39m15:57:35.625 [memory:mongodb:schema] info: created collection test_ingest_runs

[90mstdout[2m | src/mongodb-schema.test.ts[2m > [22m[2mvalidationAction version gate (P3.5)[2m > [22m[2mkeeps error when the server version is unknown
[22m[39m15:57:35.625 [memory:mongodb:schema] info: created collection test_projection_runs

[90mstdout[2m | src/mongodb-schema.test.ts[2m > [22m[2mvalidationAction version gate (P3.5)[2m > [22m[2mkeeps error when the server version is unknown
[22m[39m15:57:35.625 [memory:mongodb:schema] info: created collection test_query_cache

[90mstdout[2m | src/mongodb-schema.test.ts[2m > [22m[2mvalidationAction version gate (P3.5)[2m > [22m[2mkeeps error when the server version is unknown
[22m[39m15:57:35.625 [memory:mongodb:schema] info: created collection test_memory_mutations

[90mstdout[2m | src/mongodb-schema.test.ts[2m > [22m[2mvalidationAction version gate (P3.5)[2m > [22m[2mkeeps error when the server version is unknown
[22m[39m15:57:35.625 [memory:mongodb:schema] info: created collection test_lane_coverage

[90mstdout[2m | src/mongodb-schema.test.ts[2m > [22m[2mvalidationAction version gate (P3.5)[2m > [22m[2mkeeps error when the server version is unknown
[22m[39m15:57:35.625 [memory:mongodb:schema] info: created collection test_consolidation_runs

[90mstdout[2m | src/mongodb-schema.test.ts[2m > [22m[2mvalidationAction version gate (P3.5)[2m > [22m[2mkeeps error when the server version is unknown
[22m[39m15:57:35.625 [memory:mongodb:schema] info: created collection test_recall_traces

[90mstdout[2m | src/mongodb-schema.test.ts[2m > [22m[2mvalidationAction version gate (P3.5)[2m > [22m[2mkeeps error when the server version is unknown
[22m[39m15:57:35.625 [memory:mongodb:schema] info: created collection test_memory_jobs

[90mstdout[2m | src/mongodb-schema.test.ts[2m > [22m[2mvalidationAction version gate (P3.5)[2m > [22m[2mkeeps error when the server version is unknown
[22m[39m15:57:35.625 [memory:mongodb:schema] info: created collection test_session_chunks

[90mstdout[2m | src/mongodb-schema.test.ts[2m > [22m[2mvalidationAction version gate (P3.5)[2m > [22m[2mkeeps error when the server version is unknown
[22m[39m15:57:35.625 [memory:mongodb:schema] info: created collection test_memory_quarantine

[90mstdout[2m | src/mongodb-schema.test.ts[2m > [22m[2mvalidationAction version gate (P3.5)[2m > [22m[2mkeeps error when the server version is unknown
[22m[39m15:57:35.625 [memory:mongodb:schema] info: created time series collection test_memory_telemetry

[90mstdout[2m | src/mongodb-schema.test.ts[2m > [22m[2mvalidationAction version gate (P3.5)[2m > [22m[2mkeeps error when the server version is unknown
[22m[39m15:57:35.625 [memory:mongodb:schema] info: created telemetry collection test_memory_telemetry

[90mstdout[2m | src/mongodb-schema.test.ts[2m > [22m[2mvalidationAction version gate (P3.5)[2m > [22m[2mkeeps error when the server version is unknown
[22m[39m15:57:35.625 [memory:mongodb:schema] info: created time series collection test_access_events

[90mstdout[2m | src/mongodb-schema.test.ts[2m > [22m[2mvalidationAction version gate (P3.5)[2m > [22m[2mkeeps error when the server version is unknown
[22m[39m15:57:35.625 [memory:mongodb:schema] info: created access events collection test_access_events

[90mstdout[2m | src/mongodb-schema.test.ts[2m > [22m[2mvalidationAction version gate (P3.5)[2m > [22m[2mkeeps error when the server version is unknown
[22m[39m15:57:35.625 [memory:mongodb:schema] info: applied schema validation to test_chunks

[90mstdout[2m | src/mongodb-schema.test.ts[2m > [22m[2mvalidationAction version gate (P3.5)[2m > [22m[2mkeeps error when the server version is unknown
[22m[39m15:57:35.625 [memory:mongodb:schema] info: applied schema validation to test_knowledge_base

[90mstdout[2m | src/mongodb-schema.test.ts[2m > [22m[2mvalidationAction version gate (P3.5)[2m > [22m[2mkeeps error when the server version is unknown
[22m[39m15:57:35.625 [memory:mongodb:schema] info: applied schema validation to test_kb_chunks

[90mstdout[2m | src/mongodb-schema.test.ts[2m > [22m[2mvalidationAction version gate (P3.5)[2m > [22m[2mkeeps error when the server version is unknown
[22m[39m15:57:35.625 [memory:mongodb:schema] info: applied schema validation to test_structured_mem

[90mstdout[2m | src/mongodb-schema.test.ts[2m > [22m[2mvalidationAction version gate (P3.5)[2m > [22m[2mkeeps error when the server version is unknown
[22m[39m15:57:35.625 [memory:mongodb:schema] info: applied schema validation to test_structured_mem_revisions

[90mstdout[2m | src/mongodb-schema.test.ts[2m > [22m[2mvalidationAction version gate (P3.5)[2m > [22m[2mkeeps error when the server version is unknown
[22m[39m15:57:35.625 [memory:mongodb:schema] info: applied schema validation to test_procedures

[90mstdout[2m | src/mongodb-schema.test.ts[2m > [22m[2mvalidationAction version gate (P3.5)[2m > [22m[2mkeeps error when the server version is unknown
[22m[39m15:57:35.625 [memory:mongodb:schema] info: applied schema validation to test_procedure_revisions

[90mstdout[2m | src/mongodb-schema.test.ts[2m > [22m[2mvalidationAction version gate (P3.5)[2m > [22m[2mkeeps error when the server version is unknown
[22m[39m15:57:35.625 [memory:mongodb:schema] info: applied schema validation to test_relevance_runs

[90mstdout[2m | src/mongodb-schema.test.ts[2m > [22m[2mvalidationAction version gate (P3.5)[2m > [22m[2mkeeps error when the server version is unknown
[22m[39m15:57:35.625 [memory:mongodb:schema] info: applied schema validation to test_relevance_artifacts

[90mstdout[2m | src/mongodb-schema.test.ts[2m > [22m[2mvalidationAction version gate (P3.5)[2m > [22m[2mkeeps error when the server version is unknown
[22m[39m15:57:35.625 [memory:mongodb:schema] info: applied schema validation to test_relevance_regressions

[90mstdout[2m | src/mongodb-schema.test.ts[2m > [22m[2mvalidationAction version gate (P3.5)[2m > [22m[2mkeeps error when the server version is unknown
[22m[39m15:57:35.625 [memory:mongodb:schema] info: applied schema validation to test_events

[90mstdout[2m | src/mongodb-schema.test.ts[2m > [22m[2mvalidationAction version gate (P3.5)[2m > [22m[2mkeeps error when the server version is unknown
[22m[39m15:57:35.625 [memory:mongodb:schema] info: applied schema validation to test_entities

[90mstdout[2m | src/mongodb-schema.test.ts[2m > [22m[2mvalidationAction version gate (P3.5)[2m > [22m[2mkeeps error when the server version is unknown
[22m[39m15:57:35.625 [memory:mongodb:schema] info: applied schema validation to test_relations

[90mstdout[2m | src/mongodb-schema.test.ts[2m > [22m[2mvalidationAction version gate (P3.5)[2m > [22m[2mkeeps error when the server version is unknown
[22m[39m15:57:35.625 [memory:mongodb:schema] info: applied schema validation to test_entity_links

[90mstdout[2m | src/mongodb-schema.test.ts[2m > [22m[2mvalidationAction version gate (P3.5)[2m > [22m[2mkeeps error when the server version is unknown
[22m[39m15:57:35.625 [memory:mongodb:schema] info: applied schema validation to test_episodes

[90mstdout[2m | src/mongodb-schema.test.ts[2m > [22m[2mvalidationAction version gate (P3.5)[2m > [22m[2mkeeps error when the server version is unknown
[22m[39m15:57:35.625 [memory:mongodb:schema] info: applied schema validation to test_ingest_runs

[90mstdout[2m | src/mongodb-schema.test.ts[2m > [22m[2mvalidationAction version gate (P3.5)[2m > [22m[2mkeeps error when the server version is unknown
[22m[39m15:57:35.625 [memory:mongodb:schema] info: applied schema validation to test_projection_runs

[90mstdout[2m | src/mongodb-schema.test.ts[2m > [22m[2mvalidationAction version gate (P3.5)[2m > [22m[2mkeeps error when the server version is unknown
[22m[39m15:57:35.625 [memory:mongodb:schema] info: applied schema validation to test_query_cache

[90mstdout[2m | src/mongodb-schema.test.ts[2m > [22m[2mvalidationAction version gate (P3.5)[2m > [22m[2mkeeps error when the server version is unknown
[22m[39m15:57:35.625 [memory:mongodb:schema] info: applied schema validation to test_memory_mutations

[90mstdout[2m | src/mongodb-schema.test.ts[2m > [22m[2mvalidationAction version gate (P3.5)[2m > [22m[2mkeeps error when the server version is unknown
[22m[39m15:57:35.625 [memory:mongodb:schema] info: applied schema validation to test_recall_traces

[90mstdout[2m | src/mongodb-schema.test.ts[2m > [22m[2mvalidationAction version gate (P3.5)[2m > [22m[2mkeeps error when the server version is unknown
[22m[39m15:57:35.625 [memory:mongodb:schema] info: applied schema validation to test_memory_jobs

[90mstdout[2m | src/mongodb-schema.test.ts[2m > [22m[2mvalidationAction version gate (P3.5)[2m > [22m[2mkeeps error when the server version is unknown
[22m[39m15:57:35.625 [memory:mongodb:schema] info: applied schema validation to test_memory_quarantine

[90mstdout[2m | src/mongodb-schema.test.ts[2m > [22m[2mvalidationAction version gate (P3.5)[2m > [22m[2mkeeps error when the server version is unknown
[22m[39m15:57:35.626 [memory:mongodb:schema] info: applied schema validation to test_files

[90mstdout[2m | src/mongodb-schema.test.ts[2m > [22m[2mvalidationAction version gate (P3.5)[2m > [22m[2muses errorAndLog on MongoDB 8.1+ for collMod schema validation
[22m[39m15:57:35.626 [memory:mongodb:schema] info: applied schema validation to test_chunks

[90mstdout[2m | src/mongodb-schema.test.ts[2m > [22m[2mvalidationAction version gate (P3.5)[2m > [22m[2muses errorAndLog on MongoDB 8.1+ for collMod schema validation
[22m[39m15:57:35.626 [memory:mongodb:schema] info: applied schema validation to test_knowledge_base

[90mstdout[2m | src/mongodb-schema.test.ts[2m > [22m[2mvalidationAction version gate (P3.5)[2m > [22m[2muses errorAndLog on MongoDB 8.1+ for collMod schema validation
[22m[39m15:57:35.626 [memory:mongodb:schema] info: applied schema validation to test_kb_chunks

[90mstdout[2m | src/mongodb-schema.test.ts[2m > [22m[2mvalidationAction version gate (P3.5)[2m > [22m[2muses errorAndLog on MongoDB 8.1+ for collMod schema validation
[22m[39m15:57:35.626 [memory:mongodb:schema] info: applied schema validation to test_structured_mem

[90mstdout[2m | src/mongodb-schema.test.ts[2m > [22m[2mvalidationAction version gate (P3.5)[2m > [22m[2muses errorAndLog on MongoDB 8.1+ for collMod schema validation
[22m[39m15:57:35.626 [memory:mongodb:schema] info: applied schema validation to test_structured_mem_revisions

[90mstdout[2m | src/mongodb-schema.test.ts[2m > [22m[2mvalidationAction version gate (P3.5)[2m > [22m[2muses errorAndLog on MongoDB 8.1+ for collMod schema validation
[22m[39m15:57:35.626 [memory:mongodb:schema] info: applied schema validation to test_procedures

[90mstdout[2m | src/mongodb-schema.test.ts[2m > [22m[2mvalidationAction version gate (P3.5)[2m > [22m[2muses errorAndLog on MongoDB 8.1+ for collMod schema validation
[22m[39m15:57:35.626 [memory:mongodb:schema] info: applied schema validation to test_procedure_revisions

[90mstdout[2m | src/mongodb-schema.test.ts[2m > [22m[2mvalidationAction version gate (P3.5)[2m > [22m[2muses errorAndLog on MongoDB 8.1+ for collMod schema validation
[22m[39m15:57:35.626 [memory:mongodb:schema] info: applied schema validation to test_relevance_runs

[90mstdout[2m | src/mongodb-schema.test.ts[2m > [22m[2mvalidationAction version gate (P3.5)[2m > [22m[2muses errorAndLog on MongoDB 8.1+ for collMod schema validation
[22m[39m15:57:35.626 [memory:mongodb:schema] info: applied schema validation to test_relevance_artifacts

[90mstdout[2m | src/mongodb-schema.test.ts[2m > [22m[2mvalidationAction version gate (P3.5)[2m > [22m[2muses errorAndLog on MongoDB 8.1+ for collMod schema validation
[22m[39m15:57:35.626 [memory:mongodb:schema] info: applied schema validation to test_relevance_regressions

[90mstdout[2m | src/mongodb-schema.test.ts[2m > [22m[2mvalidationAction version gate (P3.5)[2m > [22m[2muses errorAndLog on MongoDB 8.1+ for collMod schema validation
[22m[39m15:57:35.626 [memory:mongodb:schema] info: applied schema validation to test_events

[90mstdout[2m | src/mongodb-schema.test.ts[2m > [22m[2mvalidationAction version gate (P3.5)[2m > [22m[2muses errorAndLog on MongoDB 8.1+ for collMod schema validation
[22m[39m15:57:35.626 [memory:mongodb:schema] info: applied schema validation to test_entities

[90mstdout[2m | src/mongodb-schema.test.ts[2m > [22m[2mvalidationAction version gate (P3.5)[2m > [22m[2muses errorAndLog on MongoDB 8.1+ for collMod schema validation
[22m[39m15:57:35.626 [memory:mongodb:schema] info: applied schema validation to test_relations

[90mstdout[2m | src/mongodb-schema.test.ts[2m > [22m[2mvalidationAction version gate (P3.5)[2m > [22m[2muses errorAndLog on MongoDB 8.1+ for collMod schema validation
[22m[39m15:57:35.626 [memory:mongodb:schema] info: applied schema validation to test_entity_links

[90mstdout[2m | src/mongodb-schema.test.ts[2m > [22m[2mvalidationAction version gate (P3.5)[2m > [22m[2muses errorAndLog on MongoDB 8.1+ for collMod schema validation
[22m[39m15:57:35.626 [memory:mongodb:schema] info: applied schema validation to test_episodes

[90mstdout[2m | src/mongodb-schema.test.ts[2m > [22m[2mvalidationAction version gate (P3.5)[2m > [22m[2muses errorAndLog on MongoDB 8.1+ for collMod schema validation
[22m[39m15:57:35.626 [memory:mongodb:schema] info: applied schema validation to test_ingest_runs

[90mstdout[2m | src/mongodb-schema.test.ts[2m > [22m[2mvalidationAction version gate (P3.5)[2m > [22m[2muses errorAndLog on MongoDB 8.1+ for collMod schema validation
[22m[39m15:57:35.626 [memory:mongodb:schema] info: applied schema validation to test_projection_runs

[90mstdout[2m | src/mongodb-schema.test.ts[2m > [22m[2mvalidationAction version gate (P3.5)[2m > [22m[2muses errorAndLog on MongoDB 8.1+ for collMod schema validation
[22m[39m15:57:35.626 [memory:mongodb:schema] info: applied schema validation to test_query_cache

[90mstdout[2m | src/mongodb-schema.test.ts[2m > [22m[2mvalidationAction version gate (P3.5)[2m > [22m[2muses errorAndLog on MongoDB 8.1+ for collMod schema validation
[22m[39m15:57:35.626 [memory:mongodb:schema] info: applied schema validation to test_memory_mutations

[90mstdout[2m | src/mongodb-schema.test.ts[2m > [22m[2mvalidationAction version gate (P3.5)[2m > [22m[2muses errorAndLog on MongoDB 8.1+ for collMod schema validation
[22m[39m15:57:35.626 [memory:mongodb:schema] info: applied schema validation to test_recall_traces

[90mstdout[2m | src/mongodb-schema.test.ts[2m > [22m[2mvalidationAction version gate (P3.5)[2m > [22m[2muses errorAndLog on MongoDB 8.1+ for collMod schema validation
[22m[39m15:57:35.626 [memory:mongodb:schema] info: applied schema validation to test_memory_jobs

[90mstdout[2m | src/mongodb-schema.test.ts[2m > [22m[2mvalidationAction version gate (P3.5)[2m > [22m[2muses errorAndLog on MongoDB 8.1+ for collMod schema validation
[22m[39m15:57:35.626 [memory:mongodb:schema] info: applied schema validation to test_memory_quarantine

[90mstdout[2m | src/mongodb-schema.test.ts[2m > [22m[2mvalidationAction version gate (P3.5)[2m > [22m[2muses errorAndLog on MongoDB 8.1+ for collMod schema validation
[22m[39m15:57:35.626 [memory:mongodb:schema] info: applied schema validation to test_files

[90mstdout[2m | src/mongodb-schema.test.ts[2m > [22m[2mvalidationAction version gate (P3.5)[2m > [22m[2mkeeps error below MongoDB 8.1 for collMod schema validation
[22m[39m15:57:35.626 [memory:mongodb:schema] info: applied schema validation to test_chunks

[90mstdout[2m | src/mongodb-schema.test.ts[2m > [22m[2mvalidationAction version gate (P3.5)[2m > [22m[2mkeeps error below MongoDB 8.1 for collMod schema validation
[22m[39m15:57:35.626 [memory:mongodb:schema] info: applied schema validation to test_knowledge_base

[90mstdout[2m | src/mongodb-schema.test.ts[2m > [22m[2mvalidationAction version gate (P3.5)[2m > [22m[2mkeeps error below MongoDB 8.1 for collMod schema validation
[22m[39m15:57:35.626 [memory:mongodb:schema] info: applied schema validation to test_kb_chunks

[90mstdout[2m | src/mongodb-schema.test.ts[2m > [22m[2mvalidationAction version gate (P3.5)[2m > [22m[2mkeeps error below MongoDB 8.1 for collMod schema validation
[22m[39m15:57:35.626 [memory:mongodb:schema] info: applied schema validation to test_structured_mem

[90mstdout[2m | src/mongodb-schema.test.ts[2m > [22m[2mvalidationAction version gate (P3.5)[2m > [22m[2mkeeps error below MongoDB 8.1 for collMod schema validation
[22m[39m15:57:35.626 [memory:mongodb:schema] info: applied schema validation to test_structured_mem_revisions

[90mstdout[2m | src/mongodb-schema.test.ts[2m > [22m[2mvalidationAction version gate (P3.5)[2m > [22m[2mkeeps error below MongoDB 8.1 for collMod schema validation
[22m[39m15:57:35.626 [memory:mongodb:schema] info: applied schema validation to test_procedures

[90mstdout[2m | src/mongodb-schema.test.ts[2m > [22m[2mvalidationAction version gate (P3.5)[2m > [22m[2mkeeps error below MongoDB 8.1 for collMod schema validation
[22m[39m15:57:35.627 [memory:mongodb:schema] info: applied schema validation to test_procedure_revisions

[90mstdout[2m | src/mongodb-schema.test.ts[2m > [22m[2mvalidationAction version gate (P3.5)[2m > [22m[2mkeeps error below MongoDB 8.1 for collMod schema validation
[22m[39m15:57:35.627 [memory:mongodb:schema] info: applied schema validation to test_relevance_runs

[90mstdout[2m | src/mongodb-schema.test.ts[2m > [22m[2mvalidationAction version gate (P3.5)[2m > [22m[2mkeeps error below MongoDB 8.1 for collMod schema validation
[22m[39m15:57:35.627 [memory:mongodb:schema] info: applied schema validation to test_relevance_artifacts

[90mstdout[2m | src/mongodb-schema.test.ts[2m > [22m[2mvalidationAction version gate (P3.5)[2m > [22m[2mkeeps error below MongoDB 8.1 for collMod schema validation
[22m[39m15:57:35.627 [memory:mongodb:schema] info: applied schema validation to test_relevance_regressions

[90mstdout[2m | src/mongodb-schema.test.ts[2m > [22m[2mvalidationAction version gate (P3.5)[2m > [22m[2mkeeps error below MongoDB 8.1 for collMod schema validation
[22m[39m15:57:35.627 [memory:mongodb:schema] info: applied schema validation to test_events

[90mstdout[2m | src/mongodb-schema.test.ts[2m > [22m[2mvalidationAction version gate (P3.5)[2m > [22m[2mkeeps error below MongoDB 8.1 for collMod schema validation
[22m[39m15:57:35.627 [memory:mongodb:schema] info: applied schema validation to test_entities

[90mstdout[2m | src/mongodb-schema.test.ts[2m > [22m[2mvalidationAction version gate (P3.5)[2m > [22m[2mkeeps error below MongoDB 8.1 for collMod schema validation
[22m[39m15:57:35.627 [memory:mongodb:schema] info: applied schema validation to test_relations

[90mstdout[2m | src/mongodb-schema.test.ts[2m > [22m[2mvalidationAction version gate (P3.5)[2m > [22m[2mkeeps error below MongoDB 8.1 for collMod schema validation
[22m[39m15:57:35.627 [memory:mongodb:schema] info: applied schema validation to test_entity_links

[90mstdout[2m | src/mongodb-schema.test.ts[2m > [22m[2mvalidationAction version gate (P3.5)[2m > [22m[2mkeeps error below MongoDB 8.1 for collMod schema validation
[22m[39m15:57:35.627 [memory:mongodb:schema] info: applied schema validation to test_episodes

[90mstdout[2m | src/mongodb-schema.test.ts[2m > [22m[2mvalidationAction version gate (P3.5)[2m > [22m[2mkeeps error below MongoDB 8.1 for collMod schema validation
[22m[39m15:57:35.627 [memory:mongodb:schema] info: applied schema validation to test_ingest_runs

[90mstdout[2m | src/mongodb-schema.test.ts[2m > [22m[2mvalidationAction version gate (P3.5)[2m > [22m[2mkeeps error below MongoDB 8.1 for collMod schema validation
[22m[39m15:57:35.627 [memory:mongodb:schema] info: applied schema validation to test_projection_runs

[90mstdout[2m | src/mongodb-schema.test.ts[2m > [22m[2mvalidationAction version gate (P3.5)[2m > [22m[2mkeeps error below MongoDB 8.1 for collMod schema validation
[22m[39m15:57:35.627 [memory:mongodb:schema] info: applied schema validation to test_query_cache

[90mstdout[2m | src/mongodb-schema.test.ts[2m > [22m[2mvalidationAction version gate (P3.5)[2m > [22m[2mkeeps error below MongoDB 8.1 for collMod schema validation
[22m[39m15:57:35.627 [memory:mongodb:schema] info: applied schema validation to test_memory_mutations

[90mstdout[2m | src/mongodb-schema.test.ts[2m > [22m[2mvalidationAction version gate (P3.5)[2m > [22m[2mkeeps error below MongoDB 8.1 for collMod schema validation
[22m[39m15:57:35.627 [memory:mongodb:schema] info: applied schema validation to test_recall_traces

[90mstdout[2m | src/mongodb-schema.test.ts[2m > [22m[2mvalidationAction version gate (P3.5)[2m > [22m[2mkeeps error below MongoDB 8.1 for collMod schema validation
[22m[39m15:57:35.627 [memory:mongodb:schema] info: applied schema validation to test_memory_jobs

[90mstdout[2m | src/mongodb-schema.test.ts[2m > [22m[2mvalidationAction version gate (P3.5)[2m > [22m[2mkeeps error below MongoDB 8.1 for collMod schema validation
[22m[39m15:57:35.627 [memory:mongodb:schema] info: applied schema validation to test_memory_quarantine

[90mstdout[2m | src/mongodb-schema.test.ts[2m > [22m[2mvalidationAction version gate (P3.5)[2m > [22m[2mkeeps error below MongoDB 8.1 for collMod schema validation
[22m[39m15:57:35.627 [memory:mongodb:schema] info: applied schema validation to test_files

 [31m❯[39m src/mongodb-schema.test.ts [2m([22m[2m57 tests[22m[2m | [22m[31m1 failed[39m[2m)[22m[32m 105[2mms[22m[39m
     [32m✓[39m chunksCollection returns prefixed collection[32m 2[2mms[22m[39m
     [32m✓[39m filesCollection returns prefixed collection[32m 0[2mms[22m[39m
     [32m✓[39m metaCollection returns prefixed collection[32m 0[2mms[22m[39m
     [32m✓[39m kbCollection returns prefixed collection[32m 0[2mms[22m[39m
     [32m✓[39m kbChunksCollection returns prefixed collection[32m 0[2mms[22m[39m
     [32m✓[39m structuredMemCollection returns prefixed collection[32m 0[2mms[22m[39m
     [32m✓[39m relevanceRunsCollection returns prefixed collection[32m 0[2mms[22m[39m
     [32m✓[39m relevanceArtifactsCollection returns prefixed collection[32m 0[2mms[22m[39m
     [32m✓[39m relevanceRegressionsCollection returns prefixed collection[32m 0[2mms[22m[39m
     [32m✓[39m eventsCollection returns prefixed collection[32m 0[2mms[22m[39m
     [32m✓[39m entitiesCollection returns prefixed collection[32m 0[2mms[22m[39m
     [32m✓[39m relationsCollection returns prefixed collection[32m 0[2mms[22m[39m
     [32m✓[39m entityLinksCollection returns prefixed collection[32m 0[2mms[22m[39m
     [32m✓[39m episodesCollection returns prefixed collection[32m 0[2mms[22m[39m
     [32m✓[39m ingestRunsCollection returns prefixed collection[32m 0[2mms[22m[39m
     [32m✓[39m projectionRunsCollection returns prefixed collection[32m 0[2mms[22m[39m
     [32m✓[39m kb_chunks schema uses string docId, not objectId (F9)[32m 6[2mms[22m[39m
     [32m✓[39m kb_chunks schema includes source field (F14)[32m 2[2mms[22m[39m
     [32m✓[39m KB source.type enum uses 'manual' not 'text' (F16)[32m 5[2mms[22m[39m
     [32m✓[39m VALIDATED_COLLECTIONS includes all 7 new v2 collection schemas[32m 2[2mms[22m[39m
     [32m✓[39m events schema has required scope enum field[32m 2[2mms[22m[39m
     [32m✓[39m memory_quarantine collection is created with validator ()[32m 3[2mms[22m[39m
     [32m✓[39m events schema includes bi-temporal validAt + invalidAt ()[32m 3[2mms[22m[39m
     [32m✓[39m chunks collection has polymorphic schema validation (F15)[32m 7[2mms[22m[39m
     [32m✓[39m creates all collections when none exist, including both time series collections[32m 3[2mms[22m[39m
     [32m✓[39m creates memory_evidence only when the evidence mirror is enabled[32m 5[2mms[22m[39m
     [32m✓[39m does not refresh memory_evidence validation when the evidence mirror is disabled[32m 5[2mms[22m[39m
     [32m✓[39m skips already-existing collections[32m 4[2mms[22m[39m
     [32m✓[39m does nothing when all collections exist[32m 1[2mms[22m[39m
     [32m✓[39m creates all standard indexes on chunks, KB, and structured_mem[32m 3[2mms[22m[39m
     [32m✓[39m creates memory_evidence indexes only when the evidence mirror is enabled[32m 1[2mms[22m[39m
     [32m✓[39m creates bi-temporal compound index on events ()[32m 1[2mms[22m[39m
     [32m✓[39m creates a defensive $text index on text field[32m 1[2mms[22m[39m
     [32m✓[39m creates TTL index on files collection when memoryTtlDays is set[32m 2[2mms[22m[39m
     [32m✓[39m skips files TTL index when memoryTtlDays is 0[32m 1[2mms[22m[39m
     [32m✓[39m index count includes relevance telemetry indexes and v2 collection indexes[32m 1[2mms[22m[39m
     [32m✓[39m creates relevance TTL indexes when relevanceRetentionDays is set[32m 1[2mms[22m[39m
     [32m✓[39m creates a structured-revisions TTL index only when revisionRetentionDays is set (#32)[32m 2[2mms[22m[39m
[31m     [31m×[31m creates the memory_quarantine review-lifecycle indexes (C-004)[39m[32m 13[2mms[22m[39m
     [32m✓[39m honors quarantineRetentionDays override and explicit 0 disables the TTL (C-004)[32m 3[2mms[22m[39m
     [32m✓[39m decides BSON text fallbacks from serving readiness, not management API availability[32m 0[2mms[22m[39m
     [32m✓[39m drops the three strict-prefix-redundant indexes and never recreates them[32m 2[2mms[22m[39m
     [32m✓[39m creates the chunk ESR compound {agentId, path, startLine}[32m 1[2mms[22m[39m
     [32m✓[39m creates the episode ESR compound {agentId, type, updatedAt desc}[32m 1[2mms[22m[39m
     [32m✓[39m creates the entity ESR compound {agentId, updatedAt desc}[32m 1[2mms[22m[39m
     [32m✓[39m creates the relationId locator index on relations[32m 1[2mms[22m[39m
     [32m✓[39m creates all six $text fallback indexes by default[32m 3[2mms[22m[39m
     [32m✓[39m skips all six $text fallback indexes when textFallbackIndexes is false[32m 1[2mms[22m[39m
     [32m✓[39m creates the episode_autocomplete search index alongside entity_autocomplete[32m 3[2mms[22m[39m
     [32m✓[39m plans the episode_autocomplete target in the default search index list[32m 0[2mms[22m[39m
     [32m✓[39m creates the partial TTL index on events with expireAfterSeconds 0[32m 1[2mms[22m[39m
     [32m✓[39m creates the partial TTL index on structured_mem with expireAfterSeconds 0[32m 1[2mms[22m[39m
     [32m✓[39m uses errorAndLog on MongoDB 8.1+ when creating collections[32m 2[2mms[22m[39m
     [32m✓[39m keeps error below MongoDB 8.1 when creating collections[32m 2[2mms[22m[39m
     [32m✓[39m keeps error when the server version is unknown[32m 2[2mms[22m[39m
     [32m✓[39m uses errorAndLog on MongoDB 8.1+ for collMod schema validation[32m 1[2mms[22m[39m
     [32m✓[39m keeps error below MongoDB 8.1 for collMod schema validation[32m 1[2mms[22m[39m

[31m⎯⎯⎯⎯⎯⎯⎯[39m[1m[41m Failed Tests 1 [49m[22m[31m⎯⎯⎯⎯⎯⎯⎯[39m

[41m[1m FAIL [22m[49m src/mongodb-schema.test.ts[2m > [22mensureStandardIndexes[2m > [22mcreates the memory_quarantine review-lifecycle indexes (C-004)
[31m[1mAssertionError[22m: expected "vi.fn()" to be called with arguments: [ { createdAt: 1 }, { …(3) } ][90m

Received:

[1m  1st vi.fn() call:

[22m[2m  [[22m
[2m    {[22m
[32m-     "createdAt": 1,[90m
[31m+     "quarantineId": 1,[90m
[2m    },[22m
[2m    {[22m
[32m-     "expireAfterSeconds": 2592000,[90m
[32m-     "name": "idx_memory_quarantine_ttl_pending",[90m
[32m-     "partialFilterExpression": {[90m
[32m-       "status": "pending-review",[90m
[32m-     },[90m
[31m+     "name": "uq_memory_quarantine_quarantineid",[90m
[31m+     "unique": true,[90m
[2m    },[22m
[2m  ][22m

[1m  2nd vi.fn() call:

[22m[2m  [[22m
[2m    {[22m
[31m+     "agentId": 1,[90m
[2m      "createdAt": 1,[22m
[31m+     "status": 1,[90m
[2m    },[22m
[2m    {[22m
[32m-     "expireAfterSeconds": 2592000,[90m
[32m-     "name": "idx_memory_quarantine_ttl_pending",[90m
[32m-     "partialFilterExpression": {[90m
[32m-       "status": "pending-review",[90m
[32m-     },[90m
[31m+     "name": "idx_memory_quarantine_agent_status_created",[90m
[2m    },[22m
[2m  ][22m

[1m  3rd vi.fn() call:

[22m[33m@@ -3,10 +3,7 @@[90m
[2m      "createdAt": 1,[22m
[2m    },[22m
[2m    {[22m
[2m      "expireAfterSeconds": 2592000,[22m
[2m      "name": "idx_memory_quarantine_ttl_pending",[22m
[32m-     "partialFilterExpression": {[90m
[32m-       "status": "pending-review",[90m
[32m-     },[90m
[2m    },[22m
[2m  ][22m
[31m[90m

Number of calls: [1m3[22m
[31m[39m
[36m [2m❯[22m src/mongodb-schema.test.ts:[2m894:34[22m[39m
    [90m892|[39m   // Retention cap on UNREVIEWED entries only, 30-day default. Partial…
    [90m893|[39m   [90m// status so promote/reject decisions (the audit trail) never expire.[39m
    [90m894|[39m   [34mexpect[39m(quarantine[33m.[39mcreateIndex)[33m.[39m[34mtoHaveBeenCalledWith[39m(
    [90m   |[39m                                  [31m^[39m
    [90m895|[39m    { createdAt[33m:[39m [34m1[39m }[33m,[39m
    [90m896|[39m    {

[31m[2m⎯⎯⎯⎯⎯⎯⎯⎯⎯⎯⎯⎯⎯⎯⎯⎯⎯⎯⎯⎯⎯⎯⎯⎯[1/1]⎯[22m[39m


[2m Test Files [22m [1m[31m1 failed[39m[22m[90m (1)[39m
[2m      Tests [22m [1m[31m1 failed[39m[22m[2m | [22m[1m[32m56 passed[39m[22m[90m (57)[39m
[2m   Start at [22m 15:57:35
[2m   Duration [22m 473ms[2m (transform 192ms, setup 0ms, import 241ms, tests 105ms, environment 0ms)[22m

mutation_a_test_exit=1 expected_nonzero=true
mutation_a_restore_cmp_exit=0
mutation_a_restored_sha256=cf63a968ecd0691e3d6e0f88d2fb86f75c19515326223834f96a6142b3a1e239
--- mutation b: reverse list order to newest-first ---
mutated_sha256=0b0fbc8e1926ebca6d0184b0c0279cba6cede7a7958f3f68c700984066eaf1a1

[1m[30m[46m RUN [49m[39m[22m [36mv4.1.10 [39m[90m/Users/rom.iluz/Dev/memongo/packages/memory-engine[39m

[90mstdout[2m | src/mongodb-quarantine-review.test.ts[2m > [22m[2mpromoteQuarantined — classifier overrule (C-004)[2m > [22m[2mwrites structured memory via the consolidator's extraction and records the decision
[22m[39m15:57:37.380 [memory:mongodb:structured] info: structured memory created: type=preference key=*** over spaces in TypeScript files revision=1

[90mstdout[2m | src/mongodb-quarantine-review.test.ts[2m > [22m[2mMongoDBMemoryManager — facade wiring (C-004)[2m > [22m[2mdelegates list/promote/reject through the ops collaborators
[22m[39m15:57:37.387 [memory:mongodb:structured] info: structured memory created: type=preference key=*** over spaces in TypeScript files revision=1

 [31m❯[39m src/mongodb-quarantine-review.test.ts [2m([22m[2m9 tests[22m[2m | [22m[31m1 failed[39m[2m)[22m[32m 16[2mms[22m[39m
[31m     [31m×[31m lists an agent's entries oldest-first and isolates other tenants[39m[32m 5[2mms[22m[39m
     [32m✓[39m filters by status and clamps the limit[32m 1[2mms[22m[39m
     [32m✓[39m writes structured memory via the consolidator's extraction and records the decision[32m 4[2mms[22m[39m
     [32m✓[39m fails loudly when the content matches no memory pattern[32m 1[2mms[22m[39m
     [32m✓[39m rejects unknown ids and already-reviewed rows without side effects[32m 1[2mms[22m[39m
     [32m✓[39m reverts the status claim when the structured write fails[32m 1[2mms[22m[39m
     [32m✓[39m marks the row rejected with decision metadata and an audit record[32m 0[2mms[22m[39m
     [32m✓[39m rejects unknown ids, cross-tenant ids, and already-reviewed rows[32m 0[2mms[22m[39m
     [32m✓[39m delegates list/promote/reject through the ops collaborators[32m 2[2mms[22m[39m

[31m⎯⎯⎯⎯⎯⎯⎯[39m[1m[41m Failed Tests 1 [49m[22m[31m⎯⎯⎯⎯⎯⎯⎯[39m

[41m[1m FAIL [22m[49m src/mongodb-quarantine-review.test.ts[2m > [22mlistQuarantined — review queue listing (C-004)[2m > [22mlists an agent's entries oldest-first and isolates other tenants
[31m[1mAssertionError[22m: expected [ …(2) ] to deeply equal [ …(2) ][39m

[32m- Expected[39m
[31m+ Received[39m

[2m  [[22m
[32m-   "907fea5c-2048-4482-b430-c0f469b58ccd",[39m
[2m    "6b67639c-26f1-4508-a9f7-52e0ba7d8d09",[22m
[31m+   "907fea5c-2048-4482-b430-c0f469b58ccd",[39m
[2m  ][22m

[36m [2m❯[22m src/mongodb-quarantine-review.test.ts:[2m77:54[22m[39m
    [90m 75|[39m   })
    [90m 76|[39m
    [90m 77|[39m   expect(entries.map((entry) => entry.quarantineId)).toEqual([older, n…
    [90m   |[39m                                                      [31m^[39m
    [90m 78|[39m   [34mexpect[39m(entries[33m.[39m[34mevery[39m((entry) [33m=>[39m entry[33m.[39magentId [33m===[39m [33mAGENT[39m))[33m.[39m[34mtoBe[39m([35mtrue[39m)
    [90m 79|[39m   [34mexpect[39m(entries[[34m0[39m])[33m.[39m[34mtoMatchObject[39m({

[31m[2m⎯⎯⎯⎯⎯⎯⎯⎯⎯⎯⎯⎯⎯⎯⎯⎯⎯⎯⎯⎯⎯⎯⎯⎯[1/1]⎯[22m[39m


[2m Test Files [22m [1m[31m1 failed[39m[22m[90m (1)[39m
[2m      Tests [22m [1m[31m1 failed[39m[22m[2m | [22m[1m[32m8 passed[39m[22m[90m (9)[39m
[2m   Start at [22m 15:57:36
[2m   Duration [22m 1.37s[2m (transform 963ms, setup 0ms, import 1.23s, tests 16ms, environment 0ms)[22m

mutation_b_test_exit=1 expected_nonzero=true
mutation_b_restore_cmp_exit=0
mutation_b_restored_sha256=c95549e7ae119d4a223e919a086df37589a0329e3fb546158a4d95e8099bbe68
--- mutation c: replace structured-memory write with bare promoted status flip ---
mutated_sha256=c7cb1a452690b2c884bbdd82f3b21c52d51c130fd477c6fd660bb265afe97bda

[1m[30m[46m RUN [49m[39m[22m [36mv4.1.10 [39m[90m/Users/rom.iluz/Dev/memongo/packages/memory-engine[39m

 [31m❯[39m src/mongodb-quarantine-review.test.ts [2m([22m[2m9 tests[22m[2m | [22m[31m3 failed[39m[2m)[22m[32m 27[2mms[22m[39m
     [32m✓[39m lists an agent's entries oldest-first and isolates other tenants[32m 5[2mms[22m[39m
     [32m✓[39m filters by status and clamps the limit[32m 3[2mms[22m[39m
[31m     [31m×[31m writes structured memory via the consolidator's extraction and records the decision[39m[32m 6[2mms[22m[39m
     [32m✓[39m fails loudly when the content matches no memory pattern[32m 2[2mms[22m[39m
     [32m✓[39m rejects unknown ids and already-reviewed rows without side effects[32m 1[2mms[22m[39m
[31m     [31m×[31m reverts the status claim when the structured write fails[39m[32m 5[2mms[22m[39m
     [32m✓[39m marks the row rejected with decision metadata and an audit record[32m 1[2mms[22m[39m
     [32m✓[39m rejects unknown ids, cross-tenant ids, and already-reviewed rows[32m 1[2mms[22m[39m
[31m     [31m×[31m delegates list/promote/reject through the ops collaborators[39m[32m 2[2mms[22m[39m

[31m⎯⎯⎯⎯⎯⎯⎯[39m[1m[41m Failed Tests 3 [49m[22m[31m⎯⎯⎯⎯⎯⎯⎯[39m

[41m[1m FAIL [22m[49m src/mongodb-quarantine-review.test.ts[2m > [22mpromoteQuarantined — classifier overrule (C-004)[2m > [22mwrites structured memory via the consolidator's extraction and records the decision
[31m[1mAssertionError[22m: expected null to match object { …(9) }[39m

[32m- Expected:[39m
{
  "agentId": "agent-1",
  "key": "tabs over spaces in TypeScript files",
  "provenance": {
    "matchedPatterns": [
      "instruction-override",
    ],
    "originalClassification": "injection-likely",
    "promotedByReview": true,
    "quarantineId": "fe5597f6-072a-4338-8197-4cf02c3eff8c",
  },
  "scope": "user",
  "scopeRef": "user-42",
  "source": "agent",
  "sourceAgent": {
    "id": "agent-1",
    "name": "quarantine-review",
  },
  "sourceEventIds": [
    "event-1",
  ],
  "value": "I prefer tabs over spaces in TypeScript files",
}

[31m+ Received:[39m
null

[36m [2m❯[22m src/mongodb-quarantine-review.test.ts:[2m168:18[22m[39m
    [90m166|[39m    type[33m:[39m [32m"preference"[39m[33m,[39m
    [90m167|[39m   })
    [90m168|[39m   [34mexpect[39m(memory)[33m.[39m[34mtoMatchObject[39m({
    [90m   |[39m                  [31m^[39m
    [90m169|[39m    key[33m:[39m [32m"tabs over spaces in TypeScript files"[39m[33m,[39m
    [90m170|[39m    value[33m:[39m [33mPREFER_CONTENT[39m[33m,[39m

[31m[2m⎯⎯⎯⎯⎯⎯⎯⎯⎯⎯⎯⎯⎯⎯⎯⎯⎯⎯⎯⎯⎯⎯⎯⎯[1/3]⎯[22m[39m

[41m[1m FAIL [22m[49m src/mongodb-quarantine-review.test.ts[2m > [22mpromoteQuarantined — classifier overrule (C-004)[2m > [22mreverts the status claim when the structured write fails
[31m[1mAssertionError[22m: promise resolved "{ …(6) }" instead of rejecting[39m

[32m- Expected[39m
[31m+ Received[39m

[32m- Error {[39m
[32m-   "message": "rejected promise",[39m
[31m+ {[39m
[31m+   "agentId": "agent-1",[39m
[31m+   "memoryId": "bare-status-flip",[39m
[31m+   "mutationId": "d73a2ba6-86de-4aa6-ac6d-e3ba7dcf237e",[39m
[31m+   "quarantineId": "aaa46ef8-1c66-42ac-964e-75f466588e72",[39m
[31m+   "reviewedAt": 2026-09-03T12:57:39.014Z,[39m
[31m+   "status": "promoted",[39m
[2m  }[22m

[36m [2m❯[22m src/mongodb-quarantine-review.test.ts:[2m279:4[22m[39m
    [90m277|[39m     embeddingMode[33m:[39m [32m"automated"[39m[33m,[39m
    [90m278|[39m    })[33m,[39m
    [90m279|[39m   )[33m.[39mrejects[33m.[39m[34mtoThrow[39m([36m/structured write failed/[39m)
    [90m   |[39m    [31m^[39m
    [90m280|[39m
    [90m281|[39m   // Compensating revert: the row is back in the queue, decision metad…

[31m[2m⎯⎯⎯⎯⎯⎯⎯⎯⎯⎯⎯⎯⎯⎯⎯⎯⎯⎯⎯⎯⎯⎯⎯⎯[2/3]⎯[22m[39m

[41m[1m FAIL [22m[49m src/mongodb-quarantine-review.test.ts[2m > [22mMongoDBMemoryManager — facade wiring (C-004)[2m > [22mdelegates list/promote/reject through the ops collaborators
[31m[1mAssertionError[22m: expected null to match object { Object (provenance) }[39m

[32m- Expected:[39m
{
  "provenance": {
    "quarantineId": "f99fee34-1177-4ae0-99c3-4f73df43ac5d",
  },
}

[31m+ Received:[39m
null

[36m [2m❯[22m src/mongodb-quarantine-review.test.ts:[2m383:62[22m[39m
    [90m381|[39m   })
    [90m382|[39m   [34mexpect[39m(promoted[33m.[39mstatus)[33m.[39m[34mtoBe[39m([32m"promoted"[39m)
    [90m383|[39m   expect(fake.findDoc("structured_mem", { agentId: AGENT })).toMatchOb…
    [90m   |[39m                                                              [31m^[39m
    [90m384|[39m    provenance[33m:[39m { quarantineId }[33m,[39m
    [90m385|[39m   })

[31m[2m⎯⎯⎯⎯⎯⎯⎯⎯⎯⎯⎯⎯⎯⎯⎯⎯⎯⎯⎯⎯⎯⎯⎯⎯[3/3]⎯[22m[39m


[2m Test Files [22m [1m[31m1 failed[39m[22m[90m (1)[39m
[2m      Tests [22m [1m[31m3 failed[39m[22m[2m | [22m[1m[32m6 passed[39m[22m[90m (9)[39m
[2m   Start at [22m 15:57:37
[2m   Duration [22m 1.17s[2m (transform 781ms, setup 0ms, import 1.01s, tests 27ms, environment 0ms)[22m

mutation_c_test_exit=1 expected_nonzero=true
mutation_c_restore_cmp_exit=0
mutation_c_restored_sha256=c95549e7ae119d4a223e919a086df37589a0329e3fb546158a4d95e8099bbe68
--- mutation d1: drop reviewerId/reviewNotes decision metadata from both decisions ---
mutated_sha256=ab2aa1849be8b6950a906aa222deeab6dffc1a4cd1794a097cffef5a9fc9d591

[1m[30m[46m RUN [49m[39m[22m [36mv4.1.10 [39m[90m/Users/rom.iluz/Dev/memongo/packages/memory-engine[39m

[90mstdout[2m | src/mongodb-quarantine-review.test.ts[2m > [22m[2mpromoteQuarantined — classifier overrule (C-004)[2m > [22m[2mwrites structured memory via the consolidator's extraction and records the decision
[22m[39m15:57:40.459 [memory:mongodb:structured] info: structured memory created: type=preference key=*** over spaces in TypeScript files revision=1

[90mstdout[2m | src/mongodb-quarantine-review.test.ts[2m > [22m[2mMongoDBMemoryManager — facade wiring (C-004)[2m > [22m[2mdelegates list/promote/reject through the ops collaborators
[22m[39m15:57:40.469 [memory:mongodb:structured] info: structured memory created: type=preference key=*** over spaces in TypeScript files revision=1

 [31m❯[39m src/mongodb-quarantine-review.test.ts [2m([22m[2m9 tests[22m[2m | [22m[31m2 failed[39m[2m)[22m[32m 16[2mms[22m[39m
     [32m✓[39m lists an agent's entries oldest-first and isolates other tenants[32m 3[2mms[22m[39m
     [32m✓[39m filters by status and clamps the limit[32m 1[2mms[22m[39m
[31m     [31m×[31m writes structured memory via the consolidator's extraction and records the decision[39m[32m 7[2mms[22m[39m
     [32m✓[39m fails loudly when the content matches no memory pattern[32m 1[2mms[22m[39m
     [32m✓[39m rejects unknown ids and already-reviewed rows without side effects[32m 0[2mms[22m[39m
     [32m✓[39m reverts the status claim when the structured write fails[32m 1[2mms[22m[39m
[31m     [31m×[31m marks the row rejected with decision metadata and an audit record[39m[32m 1[2mms[22m[39m
     [32m✓[39m rejects unknown ids, cross-tenant ids, and already-reviewed rows[32m 0[2mms[22m[39m
     [32m✓[39m delegates list/promote/reject through the ops collaborators[32m 1[2mms[22m[39m

[31m⎯⎯⎯⎯⎯⎯⎯[39m[1m[41m Failed Tests 2 [49m[22m[31m⎯⎯⎯⎯⎯⎯⎯[39m

[41m[1m FAIL [22m[49m src/mongodb-quarantine-review.test.ts[2m > [22mpromoteQuarantined — classifier overrule (C-004)[2m > [22mwrites structured memory via the consolidator's extraction and records the decision
[31m[1mAssertionError[22m: expected { …(13) } to match object { status: 'promoted', …(2) }
(12 matching properties omitted from actual)[39m

[32m- Expected[39m
[31m+ Received[39m

[2m  {[22m
[32m-   "reviewNotes": "false positive: legitimate preference",[39m
[32m-   "reviewerId": "reviewer-7",[39m
[2m    "status": "promoted",[22m
[2m  }[22m

[36m [2m❯[22m src/mongodb-quarantine-review.test.ts:[2m154:15[22m[39m
    [90m152|[39m   [90m// The quarantine row carries the decision metadata.[39m
    [90m153|[39m   [35mconst[39m row [33m=[39m fake[33m.[39m[34mfindDoc[39m([32m"memory_quarantine"[39m[33m,[39m { quarantineId })
    [90m154|[39m   [34mexpect[39m(row)[33m.[39m[34mtoMatchObject[39m({
    [90m   |[39m               [31m^[39m
    [90m155|[39m    status[33m:[39m [32m"promoted"[39m[33m,[39m
    [90m156|[39m    reviewerId[33m:[39m [32m"reviewer-7"[39m[33m,[39m

[31m[2m⎯⎯⎯⎯⎯⎯⎯⎯⎯⎯⎯⎯⎯⎯⎯⎯⎯⎯⎯⎯⎯⎯⎯⎯[1/2]⎯[22m[39m

[41m[1m FAIL [22m[49m src/mongodb-quarantine-review.test.ts[2m > [22mrejectQuarantined — discard with audit trail (C-004)[2m > [22mmarks the row rejected with decision metadata and an audit record
[31m[1mAssertionError[22m: expected { …(13) } to match object { status: 'rejected', …(1) }
(12 matching properties omitted from actual)[39m

[32m- Expected[39m
[31m+ Received[39m

[2m  {[22m
[32m-   "reviewerId": "reviewer-7",[39m
[2m    "status": "rejected",[22m
[2m  }[22m

[36m [2m❯[22m src/mongodb-quarantine-review.test.ts:[2m313:15[22m[39m
    [90m311|[39m
    [90m312|[39m   [35mconst[39m row [33m=[39m fake[33m.[39m[34mfindDoc[39m([32m"memory_quarantine"[39m[33m,[39m { quarantineId })
    [90m313|[39m   [34mexpect[39m(row)[33m.[39m[34mtoMatchObject[39m({
    [90m   |[39m               [31m^[39m
    [90m314|[39m    status[33m:[39m [32m"rejected"[39m[33m,[39m
    [90m315|[39m    reviewerId[33m:[39m [32m"reviewer-7"[39m[33m,[39m

[31m[2m⎯⎯⎯⎯⎯⎯⎯⎯⎯⎯⎯⎯⎯⎯⎯⎯⎯⎯⎯⎯⎯⎯⎯⎯[2/2]⎯[22m[39m


[2m Test Files [22m [1m[31m1 failed[39m[22m[90m (1)[39m
[2m      Tests [22m [1m[31m2 failed[39m[22m[2m | [22m[1m[32m7 passed[39m[22m[90m (9)[39m
[2m   Start at [22m 15:57:39
[2m   Duration [22m 1.10s[2m (transform 758ms, setup 0ms, import 978ms, tests 16ms, environment 0ms)[22m

mutation_d1_test_exit=1 expected_nonzero=true
mutation_d1_restore_cmp_exit=0
mutation_d1_restored_sha256=c95549e7ae119d4a223e919a086df37589a0329e3fb546158a4d95e8099bbe68
--- mutation d2: suppress both promote and reject mutation-audit writes ---
mutated_sha256=0570a567bce285d205edf59af27c222ca846870efe53fe312214a6fa5cd1480c

[1m[30m[46m RUN [49m[39m[22m [36mv4.1.10 [39m[90m/Users/rom.iluz/Dev/memongo/packages/memory-engine[39m

[90mstdout[2m | src/mongodb-quarantine-review.test.ts[2m > [22m[2mpromoteQuarantined — classifier overrule (C-004)[2m > [22m[2mwrites structured memory via the consolidator's extraction and records the decision
[22m[39m15:57:41.982 [memory:mongodb:structured] info: structured memory created: type=preference key=*** over spaces in TypeScript files revision=1

[90mstdout[2m | src/mongodb-quarantine-review.test.ts[2m > [22m[2mMongoDBMemoryManager — facade wiring (C-004)[2m > [22m[2mdelegates list/promote/reject through the ops collaborators
[22m[39m15:57:41.994 [memory:mongodb:structured] info: structured memory created: type=preference key=*** over spaces in TypeScript files revision=1

 [31m❯[39m src/mongodb-quarantine-review.test.ts [2m([22m[2m9 tests[22m[2m | [22m[31m2 failed[39m[2m)[22m[32m 20[2mms[22m[39m
     [32m✓[39m lists an agent's entries oldest-first and isolates other tenants[32m 3[2mms[22m[39m
     [32m✓[39m filters by status and clamps the limit[32m 1[2mms[22m[39m
[31m     [31m×[31m writes structured memory via the consolidator's extraction and records the decision[39m[32m 10[2mms[22m[39m
     [32m✓[39m fails loudly when the content matches no memory pattern[32m 1[2mms[22m[39m
     [32m✓[39m rejects unknown ids and already-reviewed rows without side effects[32m 0[2mms[22m[39m
     [32m✓[39m reverts the status claim when the structured write fails[32m 0[2mms[22m[39m
[31m     [31m×[31m marks the row rejected with decision metadata and an audit record[39m[32m 1[2mms[22m[39m
     [32m✓[39m rejects unknown ids, cross-tenant ids, and already-reviewed rows[32m 0[2mms[22m[39m
     [32m✓[39m delegates list/promote/reject through the ops collaborators[32m 1[2mms[22m[39m

[31m⎯⎯⎯⎯⎯⎯⎯[39m[1m[41m Failed Tests 2 [49m[22m[31m⎯⎯⎯⎯⎯⎯⎯[39m

[41m[1m FAIL [22m[49m src/mongodb-quarantine-review.test.ts[2m > [22mpromoteQuarantined — classifier overrule (C-004)[2m > [22mwrites structured memory via the consolidator's extraction and records the decision
[31m[1mAssertionError[22m: expected null to match object { severity: 'warning', …(2) }[39m

[32m- Expected:[39m
{
  "meta": {
    "decision": "promoted",
    "quarantineId": "000a84c5-75d1-4c58-bf39-12e53735e9d3",
  },
  "operation": "update",
  "severity": "warning",
}

[31m+ Received:[39m
null

[36m [2m❯[22m src/mongodb-quarantine-review.test.ts:[2m190:17[22m[39m
    [90m188|[39m    documentId[33m:[39m quarantineId[33m,[39m
    [90m189|[39m   })
    [90m190|[39m   [34mexpect[39m(audit)[33m.[39m[34mtoMatchObject[39m({
    [90m   |[39m                 [31m^[39m
    [90m191|[39m    severity[33m:[39m [32m"warning"[39m[33m,[39m
    [90m192|[39m    operation[33m:[39m [32m"update"[39m[33m,[39m

[31m[2m⎯⎯⎯⎯⎯⎯⎯⎯⎯⎯⎯⎯⎯⎯⎯⎯⎯⎯⎯⎯⎯⎯⎯⎯[1/2]⎯[22m[39m

[41m[1m FAIL [22m[49m src/mongodb-quarantine-review.test.ts[2m > [22mrejectQuarantined — discard with audit trail (C-004)[2m > [22mmarks the row rejected with decision metadata and an audit record
[31m[1mAssertionError[22m: expected null to match object { severity: 'warning', meta: { …(2) } }[39m

[32m- Expected:[39m
{
  "meta": {
    "decision": "rejected",
    "quarantineId": "14b2332d-1636-49e6-a50c-c2debfcf3791",
  },
  "severity": "warning",
}

[31m+ Received:[39m
null

[36m [2m❯[22m src/mongodb-quarantine-review.test.ts:[2m324:17[22m[39m
    [90m322|[39m    documentId[33m:[39m quarantineId[33m,[39m
    [90m323|[39m   })
    [90m324|[39m   [34mexpect[39m(audit)[33m.[39m[34mtoMatchObject[39m({
    [90m   |[39m                 [31m^[39m
    [90m325|[39m    severity[33m:[39m [32m"warning"[39m[33m,[39m
    [90m326|[39m    meta[33m:[39m { decision[33m:[39m [32m"rejected"[39m[33m,[39m quarantineId }[33m,[39m

[31m[2m⎯⎯⎯⎯⎯⎯⎯⎯⎯⎯⎯⎯⎯⎯⎯⎯⎯⎯⎯⎯⎯⎯⎯⎯[2/2]⎯[22m[39m


[2m Test Files [22m [1m[31m1 failed[39m[22m[90m (1)[39m
[2m      Tests [22m [1m[31m2 failed[39m[22m[2m | [22m[1m[32m7 passed[39m[22m[90m (9)[39m
[2m   Start at [22m 15:57:40
[2m   Duration [22m 1.15s[2m (transform 772ms, setup 0ms, import 1.02s, tests 20ms, environment 0ms)[22m

mutation_d2_test_exit=1 expected_nonzero=true
mutation_d2_restore_cmp_exit=0
mutation_d2_restored_sha256=c95549e7ae119d4a223e919a086df37589a0329e3fb546158a4d95e8099bbe68
--- mutation e: remove promote already-reviewed and atomic status guards ---
mutated_sha256=b02a3e4b158b475519ebba5771b55bfe0038b4c45b26f4020b751a6f96b56591

[1m[30m[46m RUN [49m[39m[22m [36mv4.1.10 [39m[90m/Users/rom.iluz/Dev/memongo/packages/memory-engine[39m

[90mstdout[2m | src/mongodb-quarantine-review.test.ts[2m > [22m[2mpromoteQuarantined — classifier overrule (C-004)[2m > [22m[2mwrites structured memory via the consolidator's extraction and records the decision
[22m[39m15:57:43.696 [memory:mongodb:structured] info: structured memory created: type=preference key=*** over spaces in TypeScript files revision=1

[90mstdout[2m | src/mongodb-quarantine-review.test.ts[2m > [22m[2mpromoteQuarantined — classifier overrule (C-004)[2m > [22m[2mrejects unknown ids and already-reviewed rows without side effects
[22m[39m15:57:43.700 [memory:mongodb:structured] info: structured memory created: type=preference key=*** over spaces in TypeScript files revision=1

[90mstdout[2m | src/mongodb-quarantine-review.test.ts[2m > [22m[2mMongoDBMemoryManager — facade wiring (C-004)[2m > [22m[2mdelegates list/promote/reject through the ops collaborators
[22m[39m15:57:43.707 [memory:mongodb:structured] info: structured memory created: type=preference key=*** over spaces in TypeScript files revision=1

 [31m❯[39m src/mongodb-quarantine-review.test.ts [2m([22m[2m9 tests[22m[2m | [22m[31m1 failed[39m[2m)[22m[32m 16[2mms[22m[39m
     [32m✓[39m lists an agent's entries oldest-first and isolates other tenants[32m 2[2mms[22m[39m
     [32m✓[39m filters by status and clamps the limit[32m 1[2mms[22m[39m
     [32m✓[39m writes structured memory via the consolidator's extraction and records the decision[32m 4[2mms[22m[39m
     [32m✓[39m fails loudly when the content matches no memory pattern[32m 1[2mms[22m[39m
[31m     [31m×[31m rejects unknown ids and already-reviewed rows without side effects[39m[32m 5[2mms[22m[39m
     [32m✓[39m reverts the status claim when the structured write fails[32m 0[2mms[22m[39m
     [32m✓[39m marks the row rejected with decision metadata and an audit record[32m 0[2mms[22m[39m
     [32m✓[39m rejects unknown ids, cross-tenant ids, and already-reviewed rows[32m 0[2mms[22m[39m
     [32m✓[39m delegates list/promote/reject through the ops collaborators[32m 1[2mms[22m[39m

[31m⎯⎯⎯⎯⎯⎯⎯[39m[1m[41m Failed Tests 1 [49m[22m[31m⎯⎯⎯⎯⎯⎯⎯[39m

[41m[1m FAIL [22m[49m src/mongodb-quarantine-review.test.ts[2m > [22mpromoteQuarantined — classifier overrule (C-004)[2m > [22mrejects unknown ids and already-reviewed rows without side effects
[31m[1mAssertionError[22m: promise resolved "{ …(6) }" instead of rejecting[39m

[32m- Expected[39m
[31m+ Received[39m

[32m- Error {[39m
[32m-   "message": "rejected promise",[39m
[31m+ {[39m
[31m+   "agentId": "agent-1",[39m
[31m+   "memoryId": "000000000000000000000001",[39m
[31m+   "mutationId": "107beff9-c577-429d-bfbe-6f7be3d705a9",[39m
[31m+   "quarantineId": "d0b88ee9-9137-4ad0-a4a7-03391fd0d7d1",[39m
[31m+   "reviewedAt": 2026-09-03T12:57:43.700Z,[39m
[31m+   "status": "promoted",[39m
[2m  }[22m

[36m [2m❯[22m src/mongodb-quarantine-review.test.ts:[2m259:4[22m[39m
    [90m257|[39m     embeddingMode[33m:[39m [32m"automated"[39m[33m,[39m
    [90m258|[39m    })[33m,[39m
    [90m259|[39m   )[33m.[39mrejects[33m.[39m[34mtoThrow[39m([36m/already reviewed/[39m)
    [90m   |[39m    [31m^[39m
    [90m260|[39m  })
    [90m261|[39m

[31m[2m⎯⎯⎯⎯⎯⎯⎯⎯⎯⎯⎯⎯⎯⎯⎯⎯⎯⎯⎯⎯⎯⎯⎯⎯[1/1]⎯[22m[39m


[2m Test Files [22m [1m[31m1 failed[39m[22m[90m (1)[39m
[2m      Tests [22m [1m[31m1 failed[39m[22m[2m | [22m[1m[32m8 passed[39m[22m[90m (9)[39m
[2m   Start at [22m 15:57:42
[2m   Duration [22m 1.23s[2m (transform 807ms, setup 0ms, import 1.10s, tests 16ms, environment 0ms)[22m

mutation_e_test_exit=1 expected_nonzero=true
mutation_e_restore_cmp_exit=0
mutation_e_restored_sha256=c95549e7ae119d4a223e919a086df37589a0329e3fb546158a4d95e8099bbe68
--- restored focused control ---

[1m[30m[46m RUN [49m[39m[22m [36mv4.1.10 [39m[90m/Users/rom.iluz/Dev/memongo/packages/memory-engine[39m

[90mstdout[2m | src/mongodb-schema.test.ts[2m > [22m[2mschema constants[2m > [22m[2mkb_chunks schema uses string docId, not objectId (F9)
[22m[39m15:57:44.399 [memory:mongodb:schema] info: created collection test_chunks

[90mstdout[2m | src/mongodb-schema.test.ts[2m > [22m[2mschema constants[2m > [22m[2mkb_chunks schema uses string docId, not objectId (F9)
[22m[39m15:57:44.402 [memory:mongodb:schema] info: created collection test_files

[90mstdout[2m | src/mongodb-schema.test.ts[2m > [22m[2mschema constants[2m > [22m[2mkb_chunks schema uses string docId, not objectId (F9)
[22m[39m15:57:44.402 [memory:mongodb:schema] info: created collection test_meta

[90mstdout[2m | src/mongodb-schema.test.ts[2m > [22m[2mschema constants[2m > [22m[2mkb_chunks schema uses string docId, not objectId (F9)
[22m[39m15:57:44.402 [memory:mongodb:schema] info: created collection test_knowledge_base

[90mstdout[2m | src/mongodb-schema.test.ts[2m > [22m[2mschema constants[2m > [22m[2mkb_chunks schema uses string docId, not objectId (F9)
[22m[39m15:57:44.402 [memory:mongodb:schema] info: created collection test_kb_chunks

[90mstdout[2m | src/mongodb-schema.test.ts[2m > [22m[2mschema constants[2m > [22m[2mkb_chunks schema uses string docId, not objectId (F9)
[22m[39m15:57:44.402 [memory:mongodb:schema] info: created collection test_structured_mem

[90mstdout[2m | src/mongodb-schema.test.ts[2m > [22m[2mschema constants[2m > [22m[2mkb_chunks schema uses string docId, not objectId (F9)
[22m[39m15:57:44.402 [memory:mongodb:schema] info: created collection test_structured_mem_revisions

[90mstdout[2m | src/mongodb-schema.test.ts[2m > [22m[2mschema constants[2m > [22m[2mkb_chunks schema uses string docId, not objectId (F9)
[22m[39m15:57:44.402 [memory:mongodb:schema] info: created collection test_procedures

[90mstdout[2m | src/mongodb-schema.test.ts[2m > [22m[2mschema constants[2m > [22m[2mkb_chunks schema uses string docId, not objectId (F9)
[22m[39m15:57:44.402 [memory:mongodb:schema] info: created collection test_procedure_revisions

[90mstdout[2m | src/mongodb-schema.test.ts[2m > [22m[2mschema constants[2m > [22m[2mkb_chunks schema uses string docId, not objectId (F9)
[22m[39m15:57:44.402 [memory:mongodb:schema] info: created collection test_relevance_runs

[90mstdout[2m | src/mongodb-schema.test.ts[2m > [22m[2mschema constants[2m > [22m[2mkb_chunks schema uses string docId, not objectId (F9)
[22m[39m15:57:44.402 [memory:mongodb:schema] info: created collection test_relevance_artifacts

[90mstdout[2m | src/mongodb-schema.test.ts[2m > [22m[2mschema constants[2m > [22m[2mkb_chunks schema uses string docId, not objectId (F9)
[22m[39m15:57:44.403 [memory:mongodb:schema] info: created collection test_relevance_regressions

[90mstdout[2m | src/mongodb-schema.test.ts[2m > [22m[2mschema constants[2m > [22m[2mkb_chunks schema uses string docId, not objectId (F9)
[22m[39m15:57:44.403 [memory:mongodb:schema] info: created collection test_events

[90mstdout[2m | src/mongodb-schema.test.ts[2m > [22m[2mschema constants[2m > [22m[2mkb_chunks schema uses string docId, not objectId (F9)
[22m[39m15:57:44.403 [memory:mongodb:schema] info: created collection test_entities

[90mstdout[2m | src/mongodb-schema.test.ts[2m > [22m[2mschema constants[2m > [22m[2mkb_chunks schema uses string docId, not objectId (F9)
[22m[39m15:57:44.403 [memory:mongodb:schema] info: created collection test_relations

[90mstdout[2m | src/mongodb-schema.test.ts[2m > [22m[2mschema constants[2m > [22m[2mkb_chunks schema uses string docId, not objectId (F9)
[22m[39m15:57:44.403 [memory:mongodb:schema] info: created collection test_entity_links

[90mstdout[2m | src/mongodb-schema.test.ts[2m > [22m[2mschema constants[2m > [22m[2mkb_chunks schema uses string docId, not objectId (F9)
[22m[39m15:57:44.403 [memory:mongodb:schema] info: created collection test_episodes

[90mstdout[2m | src/mongodb-schema.test.ts[2m > [22m[2mschema constants[2m > [22m[2mkb_chunks schema uses string docId, not objectId (F9)
[22m[39m15:57:44.403 [memory:mongodb:schema] info: created collection test_ingest_runs

[90mstdout[2m | src/mongodb-schema.test.ts[2m > [22m[2mschema constants[2m > [22m[2mkb_chunks schema uses string docId, not objectId (F9)
[22m[39m15:57:44.404 [memory:mongodb:schema] info: created collection test_projection_runs

[90mstdout[2m | src/mongodb-schema.test.ts[2m > [22m[2mschema constants[2m > [22m[2mkb_chunks schema uses string docId, not objectId (F9)
[22m[39m15:57:44.404 [memory:mongodb:schema] info: created collection test_query_cache

[90mstdout[2m | src/mongodb-schema.test.ts[2m > [22m[2mschema constants[2m > [22m[2mkb_chunks schema uses string docId, not objectId (F9)
[22m[39m15:57:44.404 [memory:mongodb:schema] info: created collection test_memory_mutations

[90mstdout[2m | src/mongodb-schema.test.ts[2m > [22m[2mschema constants[2m > [22m[2mkb_chunks schema uses string docId, not objectId (F9)
[22m[39m15:57:44.404 [memory:mongodb:schema] info: created collection test_lane_coverage

[90mstdout[2m | src/mongodb-schema.test.ts[2m > [22m[2mschema constants[2m > [22m[2mkb_chunks schema uses string docId, not objectId (F9)
[22m[39m15:57:44.404 [memory:mongodb:schema] info: created collection test_consolidation_runs

[90mstdout[2m | src/mongodb-schema.test.ts[2m > [22m[2mschema constants[2m > [22m[2mkb_chunks schema uses string docId, not objectId (F9)
[22m[39m15:57:44.404 [memory:mongodb:schema] info: created collection test_recall_traces

[90mstdout[2m | src/mongodb-schema.test.ts[2m > [22m[2mschema constants[2m > [22m[2mkb_chunks schema uses string docId, not objectId (F9)
[22m[39m15:57:44.404 [memory:mongodb:schema] info: created collection test_memory_jobs

[90mstdout[2m | src/mongodb-schema.test.ts[2m > [22m[2mschema constants[2m > [22m[2mkb_chunks schema uses string docId, not objectId (F9)
[22m[39m15:57:44.404 [memory:mongodb:schema] info: created collection test_session_chunks

[90mstdout[2m | src/mongodb-schema.test.ts[2m > [22m[2mschema constants[2m > [22m[2mkb_chunks schema uses string docId, not objectId (F9)
[22m[39m15:57:44.404 [memory:mongodb:schema] info: created collection test_memory_quarantine

[90mstdout[2m | src/mongodb-schema.test.ts[2m > [22m[2mschema constants[2m > [22m[2mkb_chunks schema uses string docId, not objectId (F9)
[22m[39m15:57:44.404 [memory:mongodb:schema] info: created time series collection test_memory_telemetry

[90mstdout[2m | src/mongodb-schema.test.ts[2m > [22m[2mschema constants[2m > [22m[2mkb_chunks schema uses string docId, not objectId (F9)
[22m[39m15:57:44.404 [memory:mongodb:schema] info: created telemetry collection test_memory_telemetry

[90mstdout[2m | src/mongodb-schema.test.ts[2m > [22m[2mschema constants[2m > [22m[2mkb_chunks schema uses string docId, not objectId (F9)
[22m[39m15:57:44.404 [memory:mongodb:schema] info: created time series collection test_access_events

[90mstdout[2m | src/mongodb-schema.test.ts[2m > [22m[2mschema constants[2m > [22m[2mkb_chunks schema uses string docId, not objectId (F9)
[22m[39m15:57:44.404 [memory:mongodb:schema] info: created access events collection test_access_events

[90mstdout[2m | src/mongodb-schema.test.ts[2m > [22m[2mschema constants[2m > [22m[2mkb_chunks schema uses string docId, not objectId (F9)
[22m[39m15:57:44.405 [memory:mongodb:schema] info: applied schema validation to test_chunks

[90mstdout[2m | src/mongodb-schema.test.ts[2m > [22m[2mschema constants[2m > [22m[2mkb_chunks schema uses string docId, not objectId (F9)
[22m[39m15:57:44.405 [memory:mongodb:schema] info: applied schema validation to test_knowledge_base

[90mstdout[2m | src/mongodb-schema.test.ts[2m > [22m[2mschema constants[2m > [22m[2mkb_chunks schema uses string docId, not objectId (F9)
[22m[39m15:57:44.405 [memory:mongodb:schema] info: applied schema validation to test_kb_chunks

[90mstdout[2m | src/mongodb-schema.test.ts[2m > [22m[2mschema constants[2m > [22m[2mkb_chunks schema uses string docId, not objectId (F9)
[22m[39m15:57:44.405 [memory:mongodb:schema] info: applied schema validation to test_structured_mem

[90mstdout[2m | src/mongodb-schema.test.ts[2m > [22m[2mschema constants[2m > [22m[2mkb_chunks schema uses string docId, not objectId (F9)
[22m[39m15:57:44.405 [memory:mongodb:schema] info: applied schema validation to test_structured_mem_revisions

[90mstdout[2m | src/mongodb-schema.test.ts[2m > [22m[2mschema constants[2m > [22m[2mkb_chunks schema uses string docId, not objectId (F9)
[22m[39m15:57:44.405 [memory:mongodb:schema] info: applied schema validation to test_procedures

[90mstdout[2m | src/mongodb-schema.test.ts[2m > [22m[2mschema constants[2m > [22m[2mkb_chunks schema uses string docId, not objectId (F9)
[22m[39m15:57:44.405 [memory:mongodb:schema] info: applied schema validation to test_procedure_revisions

[90mstdout[2m | src/mongodb-schema.test.ts[2m > [22m[2mschema constants[2m > [22m[2mkb_chunks schema uses string docId, not objectId (F9)
[22m[39m15:57:44.405 [memory:mongodb:schema] info: applied schema validation to test_relevance_runs

[90mstdout[2m | src/mongodb-schema.test.ts[2m > [22m[2mschema constants[2m > [22m[2mkb_chunks schema uses string docId, not objectId (F9)
[22m[39m15:57:44.405 [memory:mongodb:schema] info: applied schema validation to test_relevance_artifacts

[90mstdout[2m | src/mongodb-schema.test.ts[2m > [22m[2mschema constants[2m > [22m[2mkb_chunks schema uses string docId, not objectId (F9)
[22m[39m15:57:44.405 [memory:mongodb:schema] info: applied schema validation to test_relevance_regressions

[90mstdout[2m | src/mongodb-schema.test.ts[2m > [22m[2mschema constants[2m > [22m[2mkb_chunks schema uses string docId, not objectId (F9)
[22m[39m15:57:44.405 [memory:mongodb:schema] info: applied schema validation to test_events

[90mstdout[2m | src/mongodb-schema.test.ts[2m > [22m[2mschema constants[2m > [22m[2mkb_chunks schema uses string docId, not objectId (F9)
[22m[39m15:57:44.405 [memory:mongodb:schema] info: applied schema validation to test_entities

[90mstdout[2m | src/mongodb-schema.test.ts[2m > [22m[2mschema constants[2m > [22m[2mkb_chunks schema uses string docId, not objectId (F9)
[22m[39m15:57:44.405 [memory:mongodb:schema] info: applied schema validation to test_relations

[90mstdout[2m | src/mongodb-schema.test.ts[2m > [22m[2mschema constants[2m > [22m[2mkb_chunks schema uses string docId, not objectId (F9)
[22m[39m15:57:44.405 [memory:mongodb:schema] info: applied schema validation to test_entity_links

[90mstdout[2m | src/mongodb-schema.test.ts[2m > [22m[2mschema constants[2m > [22m[2mkb_chunks schema uses string docId, not objectId (F9)
[22m[39m15:57:44.405 [memory:mongodb:schema] info: applied schema validation to test_episodes

[90mstdout[2m | src/mongodb-schema.test.ts[2m > [22m[2mschema constants[2m > [22m[2mkb_chunks schema uses string docId, not objectId (F9)
[22m[39m15:57:44.405 [memory:mongodb:schema] info: applied schema validation to test_ingest_runs

[90mstdout[2m | src/mongodb-schema.test.ts[2m > [22m[2mschema constants[2m > [22m[2mkb_chunks schema uses string docId, not objectId (F9)
[22m[39m15:57:44.405 [memory:mongodb:schema] info: applied schema validation to test_projection_runs

[90mstdout[2m | src/mongodb-schema.test.ts[2m > [22m[2mschema constants[2m > [22m[2mkb_chunks schema uses string docId, not objectId (F9)
[22m[39m15:57:44.405 [memory:mongodb:schema] info: applied schema validation to test_query_cache

[90mstdout[2m | src/mongodb-schema.test.ts[2m > [22m[2mschema constants[2m > [22m[2mkb_chunks schema uses string docId, not objectId (F9)
[22m[39m15:57:44.405 [memory:mongodb:schema] info: applied schema validation to test_memory_mutations

[90mstdout[2m | src/mongodb-schema.test.ts[2m > [22m[2mschema constants[2m > [22m[2mkb_chunks schema uses string docId, not objectId (F9)
[22m[39m15:57:44.405 [memory:mongodb:schema] info: applied schema validation to test_recall_traces

[90mstdout[2m | src/mongodb-schema.test.ts[2m > [22m[2mschema constants[2m > [22m[2mkb_chunks schema uses string docId, not objectId (F9)
[22m[39m15:57:44.405 [memory:mongodb:schema] info: applied schema validation to test_memory_jobs

[90mstdout[2m | src/mongodb-schema.test.ts[2m > [22m[2mschema constants[2m > [22m[2mkb_chunks schema uses string docId, not objectId (F9)
[22m[39m15:57:44.405 [memory:mongodb:schema] info: applied schema validation to test_memory_quarantine

[90mstdout[2m | src/mongodb-schema.test.ts[2m > [22m[2mschema constants[2m > [22m[2mkb_chunks schema uses string docId, not objectId (F9)
[22m[39m15:57:44.405 [memory:mongodb:schema] info: applied schema validation to test_files

[90mstdout[2m | src/mongodb-schema.test.ts[2m > [22m[2mschema constants[2m > [22m[2mkb_chunks schema includes source field (F14)
[22m[39m15:57:44.406 [memory:mongodb:schema] info: created collection test_chunks

[90mstdout[2m | src/mongodb-schema.test.ts[2m > [22m[2mschema constants[2m > [22m[2mkb_chunks schema includes source field (F14)
[22m[39m15:57:44.406 [memory:mongodb:schema] info: created collection test_files

[90mstdout[2m | src/mongodb-schema.test.ts[2m > [22m[2mschema constants[2m > [22m[2mkb_chunks schema includes source field (F14)
[22m[39m15:57:44.406 [memory:mongodb:schema] info: created collection test_meta

[90mstdout[2m | src/mongodb-schema.test.ts[2m > [22m[2mschema constants[2m > [22m[2mkb_chunks schema includes source field (F14)
[22m[39m15:57:44.406 [memory:mongodb:schema] info: created collection test_knowledge_base

[90mstdout[2m | src/mongodb-schema.test.ts[2m > [22m[2mschema constants[2m > [22m[2mkb_chunks schema includes source field (F14)
[22m[39m15:57:44.406 [memory:mongodb:schema] info: created collection test_kb_chunks

[90mstdout[2m | src/mongodb-schema.test.ts[2m > [22m[2mschema constants[2m > [22m[2mkb_chunks schema includes source field (F14)
[22m[39m15:57:44.406 [memory:mongodb:schema] info: created collection test_structured_mem

[90mstdout[2m | src/mongodb-schema.test.ts[2m > [22m[2mschema constants[2m > [22m[2mkb_chunks schema includes source field (F14)
[22m[39m15:57:44.406 [memory:mongodb:schema] info: created collection test_structured_mem_revisions

[90mstdout[2m | src/mongodb-schema.test.ts[2m > [22m[2mschema constants[2m > [22m[2mkb_chunks schema includes source field (F14)
[22m[39m15:57:44.406 [memory:mongodb:schema] info: created collection test_procedures

[90mstdout[2m | src/mongodb-schema.test.ts[2m > [22m[2mschema constants[2m > [22m[2mkb_chunks schema includes source field (F14)
[22m[39m15:57:44.406 [memory:mongodb:schema] info: created collection test_procedure_revisions

[90mstdout[2m | src/mongodb-schema.test.ts[2m > [22m[2mschema constants[2m > [22m[2mkb_chunks schema includes source field (F14)
[22m[39m15:57:44.406 [memory:mongodb:schema] info: created collection test_relevance_runs

[90mstdout[2m | src/mongodb-schema.test.ts[2m > [22m[2mschema constants[2m > [22m[2mkb_chunks schema includes source field (F14)
[22m[39m15:57:44.406 [memory:mongodb:schema] info: created collection test_relevance_artifacts

[90mstdout[2m | src/mongodb-schema.test.ts[2m > [22m[2mschema constants[2m > [22m[2mkb_chunks schema includes source field (F14)
[22m[39m15:57:44.406 [memory:mongodb:schema] info: created collection test_relevance_regressions

[90mstdout[2m | src/mongodb-schema.test.ts[2m > [22m[2mschema constants[2m > [22m[2mkb_chunks schema includes source field (F14)
[22m[39m15:57:44.406 [memory:mongodb:schema] info: created collection test_events

[90mstdout[2m | src/mongodb-schema.test.ts[2m > [22m[2mschema constants[2m > [22m[2mkb_chunks schema includes source field (F14)
[22m[39m15:57:44.406 [memory:mongodb:schema] info: created collection test_entities

[90mstdout[2m | src/mongodb-schema.test.ts[2m > [22m[2mschema constants[2m > [22m[2mkb_chunks schema includes source field (F14)
[22m[39m15:57:44.406 [memory:mongodb:schema] info: created collection test_relations

[90mstdout[2m | src/mongodb-schema.test.ts[2m > [22m[2mschema constants[2m > [22m[2mkb_chunks schema includes source field (F14)
[22m[39m15:57:44.406 [memory:mongodb:schema] info: created collection test_entity_links

[90mstdout[2m | src/mongodb-schema.test.ts[2m > [22m[2mschema constants[2m > [22m[2mkb_chunks schema includes source field (F14)
[22m[39m15:57:44.406 [memory:mongodb:schema] info: created collection test_episodes

[90mstdout[2m | src/mongodb-schema.test.ts[2m > [22m[2mschema constants[2m > [22m[2mkb_chunks schema includes source field (F14)
[22m[39m15:57:44.406 [memory:mongodb:schema] info: created collection test_ingest_runs

[90mstdout[2m | src/mongodb-schema.test.ts[2m > [22m[2mschema constants[2m > [22m[2mkb_chunks schema includes source field (F14)
[22m[39m15:57:44.406 [memory:mongodb:schema] info: created collection test_projection_runs

[90mstdout[2m | src/mongodb-schema.test.ts[2m > [22m[2mschema constants[2m > [22m[2mkb_chunks schema includes source field (F14)
[22m[39m15:57:44.407 [memory:mongodb:schema] info: created collection test_query_cache

[90mstdout[2m | src/mongodb-schema.test.ts[2m > [22m[2mschema constants[2m > [22m[2mkb_chunks schema includes source field (F14)
[22m[39m15:57:44.407 [memory:mongodb:schema] info: created collection test_memory_mutations

[90mstdout[2m | src/mongodb-schema.test.ts[2m > [22m[2mschema constants[2m > [22m[2mkb_chunks schema includes source field (F14)
[22m[39m15:57:44.407 [memory:mongodb:schema] info: created collection test_lane_coverage

[90mstdout[2m | src/mongodb-schema.test.ts[2m > [22m[2mschema constants[2m > [22m[2mkb_chunks schema includes source field (F14)
[22m[39m15:57:44.407 [memory:mongodb:schema] info: created collection test_consolidation_runs

[90mstdout[2m | src/mongodb-schema.test.ts[2m > [22m[2mschema constants[2m > [22m[2mkb_chunks schema includes source field (F14)
[22m[39m15:57:44.407 [memory:mongodb:schema] info: created collection test_recall_traces

[90mstdout[2m | src/mongodb-schema.test.ts[2m > [22m[2mschema constants[2m > [22m[2mkb_chunks schema includes source field (F14)
[22m[39m15:57:44.407 [memory:mongodb:schema] info: created collection test_memory_jobs

[90mstdout[2m | src/mongodb-schema.test.ts[2m > [22m[2mschema constants[2m > [22m[2mkb_chunks schema includes source field (F14)
[22m[39m15:57:44.407 [memory:mongodb:schema] info: created collection test_session_chunks

[90mstdout[2m | src/mongodb-schema.test.ts[2m > [22m[2mschema constants[2m > [22m[2mkb_chunks schema includes source field (F14)
[22m[39m15:57:44.407 [memory:mongodb:schema] info: created collection test_memory_quarantine

[90mstdout[2m | src/mongodb-schema.test.ts[2m > [22m[2mschema constants[2m > [22m[2mkb_chunks schema includes source field (F14)
[22m[39m15:57:44.407 [memory:mongodb:schema] info: created time series collection test_memory_telemetry

[90mstdout[2m | src/mongodb-schema.test.ts[2m > [22m[2mschema constants[2m > [22m[2mkb_chunks schema includes source field (F14)
[22m[39m15:57:44.407 [memory:mongodb:schema] info: created telemetry collection test_memory_telemetry

[90mstdout[2m | src/mongodb-schema.test.ts[2m > [22m[2mschema constants[2m > [22m[2mkb_chunks schema includes source field (F14)
[22m[39m15:57:44.407 [memory:mongodb:schema] info: created time series collection test_access_events

[90mstdout[2m | src/mongodb-schema.test.ts[2m > [22m[2mschema constants[2m > [22m[2mkb_chunks schema includes source field (F14)
[22m[39m15:57:44.407 [memory:mongodb:schema] info: created access events collection test_access_events

[90mstdout[2m | src/mongodb-schema.test.ts[2m > [22m[2mschema constants[2m > [22m[2mkb_chunks schema includes source field (F14)
[22m[39m15:57:44.407 [memory:mongodb:schema] info: applied schema validation to test_chunks

[90mstdout[2m | src/mongodb-schema.test.ts[2m > [22m[2mschema constants[2m > [22m[2mkb_chunks schema includes source field (F14)
[22m[39m15:57:44.407 [memory:mongodb:schema] info: applied schema validation to test_knowledge_base

[90mstdout[2m | src/mongodb-schema.test.ts[2m > [22m[2mschema constants[2m > [22m[2mkb_chunks schema includes source field (F14)
[22m[39m15:57:44.407 [memory:mongodb:schema] info: applied schema validation to test_kb_chunks

[90mstdout[2m | src/mongodb-schema.test.ts[2m > [22m[2mschema constants[2m > [22m[2mkb_chunks schema includes source field (F14)
[22m[39m15:57:44.407 [memory:mongodb:schema] info: applied schema validation to test_structured_mem

[90mstdout[2m | src/mongodb-schema.test.ts[2m > [22m[2mschema constants[2m > [22m[2mkb_chunks schema includes source field (F14)
[22m[39m15:57:44.407 [memory:mongodb:schema] info: applied schema validation to test_structured_mem_revisions

[90mstdout[2m | src/mongodb-schema.test.ts[2m > [22m[2mschema constants[2m > [22m[2mkb_chunks schema includes source field (F14)
[22m[39m15:57:44.407 [memory:mongodb:schema] info: applied schema validation to test_procedures

[90mstdout[2m | src/mongodb-schema.test.ts[2m > [22m[2mschema constants[2m > [22m[2mkb_chunks schema includes source field (F14)
[22m[39m15:57:44.407 [memory:mongodb:schema] info: applied schema validation to test_procedure_revisions

[90mstdout[2m | src/mongodb-schema.test.ts[2m > [22m[2mschema constants[2m > [22m[2mkb_chunks schema includes source field (F14)
[22m[39m15:57:44.407 [memory:mongodb:schema] info: applied schema validation to test_relevance_runs

[90mstdout[2m | src/mongodb-schema.test.ts[2m > [22m[2mschema constants[2m > [22m[2mkb_chunks schema includes source field (F14)
[22m[39m15:57:44.407 [memory:mongodb:schema] info: applied schema validation to test_relevance_artifacts

[90mstdout[2m | src/mongodb-schema.test.ts[2m > [22m[2mschema constants[2m > [22m[2mkb_chunks schema includes source field (F14)
[22m[39m15:57:44.407 [memory:mongodb:schema] info: applied schema validation to test_relevance_regressions

[90mstdout[2m | src/mongodb-schema.test.ts[2m > [22m[2mschema constants[2m > [22m[2mkb_chunks schema includes source field (F14)
[22m[39m15:57:44.407 [memory:mongodb:schema] info: applied schema validation to test_events

[90mstdout[2m | src/mongodb-schema.test.ts[2m > [22m[2mschema constants[2m > [22m[2mkb_chunks schema includes source field (F14)
[22m[39m15:57:44.407 [memory:mongodb:schema] info: applied schema validation to test_entities

[90mstdout[2m | src/mongodb-schema.test.ts[2m > [22m[2mschema constants[2m > [22m[2mkb_chunks schema includes source field (F14)
[22m[39m15:57:44.407 [memory:mongodb:schema] info: applied schema validation to test_relations

[90mstdout[2m | src/mongodb-schema.test.ts[2m > [22m[2mschema constants[2m > [22m[2mkb_chunks schema includes source field (F14)
[22m[39m15:57:44.407 [memory:mongodb:schema] info: applied schema validation to test_entity_links

[90mstdout[2m | src/mongodb-schema.test.ts[2m > [22m[2mschema constants[2m > [22m[2mkb_chunks schema includes source field (F14)
[22m[39m15:57:44.407 [memory:mongodb:schema] info: applied schema validation to test_episodes

[90mstdout[2m | src/mongodb-schema.test.ts[2m > [22m[2mschema constants[2m > [22m[2mkb_chunks schema includes source field (F14)
[22m[39m15:57:44.407 [memory:mongodb:schema] info: applied schema validation to test_ingest_runs

[90mstdout[2m | src/mongodb-schema.test.ts[2m > [22m[2mschema constants[2m > [22m[2mkb_chunks schema includes source field (F14)
[22m[39m15:57:44.407 [memory:mongodb:schema] info: applied schema validation to test_projection_runs

[90mstdout[2m | src/mongodb-schema.test.ts[2m > [22m[2mschema constants[2m > [22m[2mkb_chunks schema includes source field (F14)
[22m[39m15:57:44.407 [memory:mongodb:schema] info: applied schema validation to test_query_cache

[90mstdout[2m | src/mongodb-schema.test.ts[2m > [22m[2mschema constants[2m > [22m[2mkb_chunks schema includes source field (F14)
[22m[39m15:57:44.408 [memory:mongodb:schema] info: applied schema validation to test_memory_mutations

[90mstdout[2m | src/mongodb-schema.test.ts[2m > [22m[2mschema constants[2m > [22m[2mkb_chunks schema includes source field (F14)
[22m[39m15:57:44.408 [memory:mongodb:schema] info: applied schema validation to test_recall_traces

[90mstdout[2m | src/mongodb-schema.test.ts[2m > [22m[2mschema constants[2m > [22m[2mkb_chunks schema includes source field (F14)
[22m[39m15:57:44.408 [memory:mongodb:schema] info: applied schema validation to test_memory_jobs

[90mstdout[2m | src/mongodb-schema.test.ts[2m > [22m[2mschema constants[2m > [22m[2mkb_chunks schema includes source field (F14)
[22m[39m15:57:44.408 [memory:mongodb:schema] info: applied schema validation to test_memory_quarantine

[90mstdout[2m | src/mongodb-schema.test.ts[2m > [22m[2mschema constants[2m > [22m[2mkb_chunks schema includes source field (F14)
[22m[39m15:57:44.408 [memory:mongodb:schema] info: applied schema validation to test_files

[90mstdout[2m | src/mongodb-schema.test.ts[2m > [22m[2mschema constants[2m > [22m[2mKB source.type enum uses 'manual' not 'text' (F16)
[22m[39m15:57:44.408 [memory:mongodb:schema] info: created collection test_chunks

[90mstdout[2m | src/mongodb-schema.test.ts[2m > [22m[2mschema constants[2m > [22m[2mKB source.type enum uses 'manual' not 'text' (F16)
[22m[39m15:57:44.408 [memory:mongodb:schema] info: created collection test_files

[90mstdout[2m | src/mongodb-schema.test.ts[2m > [22m[2mschema constants[2m > [22m[2mKB source.type enum uses 'manual' not 'text' (F16)
[22m[39m15:57:44.408 [memory:mongodb:schema] info: created collection test_meta

[90mstdout[2m | src/mongodb-schema.test.ts[2m > [22m[2mschema constants[2m > [22m[2mKB source.type enum uses 'manual' not 'text' (F16)
[22m[39m15:57:44.408 [memory:mongodb:schema] info: created collection test_knowledge_base

[90mstdout[2m | src/mongodb-schema.test.ts[2m > [22m[2mschema constants[2m > [22m[2mKB source.type enum uses 'manual' not 'text' (F16)
[22m[39m15:57:44.408 [memory:mongodb:schema] info: created collection test_kb_chunks

[90mstdout[2m | src/mongodb-schema.test.ts[2m > [22m[2mschema constants[2m > [22m[2mKB source.type enum uses 'manual' not 'text' (F16)
[22m[39m15:57:44.408 [memory:mongodb:schema] info: created collection test_structured_mem

[90mstdout[2m | src/mongodb-schema.test.ts[2m > [22m[2mschema constants[2m > [22m[2mKB source.type enum uses 'manual' not 'text' (F16)
[22m[39m15:57:44.408 [memory:mongodb:schema] info: created collection test_structured_mem_revisions

[90mstdout[2m | src/mongodb-schema.test.ts[2m > [22m[2mschema constants[2m > [22m[2mKB source.type enum uses 'manual' not 'text' (F16)
[22m[39m15:57:44.408 [memory:mongodb:schema] info: created collection test_procedures

[90mstdout[2m | src/mongodb-schema.test.ts[2m > [22m[2mschema constants[2m > [22m[2mKB source.type enum uses 'manual' not 'text' (F16)
[22m[39m15:57:44.408 [memory:mongodb:schema] info: created collection test_procedure_revisions

[90mstdout[2m | src/mongodb-schema.test.ts[2m > [22m[2mschema constants[2m > [22m[2mKB source.type enum uses 'manual' not 'text' (F16)
[22m[39m15:57:44.410 [memory:mongodb:schema] info: created collection test_relevance_runs

[90mstdout[2m | src/mongodb-schema.test.ts[2m > [22m[2mschema constants[2m > [22m[2mKB source.type enum uses 'manual' not 'text' (F16)
[22m[39m15:57:44.410 [memory:mongodb:schema] info: created collection test_relevance_artifacts

[90mstdout[2m | src/mongodb-schema.test.ts[2m > [22m[2mschema constants[2m > [22m[2mKB source.type enum uses 'manual' not 'text' (F16)
[22m[39m15:57:44.410 [memory:mongodb:schema] info: created collection test_relevance_regressions

[90mstdout[2m | src/mongodb-schema.test.ts[2m > [22m[2mschema constants[2m > [22m[2mKB source.type enum uses 'manual' not 'text' (F16)
[22m[39m15:57:44.410 [memory:mongodb:schema] info: created collection test_events

[90mstdout[2m | src/mongodb-schema.test.ts[2m > [22m[2mschema constants[2m > [22m[2mKB source.type enum uses 'manual' not 'text' (F16)
[22m[39m15:57:44.410 [memory:mongodb:schema] info: created collection test_entities

[90mstdout[2m | src/mongodb-schema.test.ts[2m > [22m[2mschema constants[2m > [22m[2mKB source.type enum uses 'manual' not 'text' (F16)
[22m[39m15:57:44.410 [memory:mongodb:schema] info: created collection test_relations

[90mstdout[2m | src/mongodb-schema.test.ts[2m > [22m[2mschema constants[2m > [22m[2mKB source.type enum uses 'manual' not 'text' (F16)
[22m[39m15:57:44.410 [memory:mongodb:schema] info: created collection test_entity_links

[90mstdout[2m | src/mongodb-schema.test.ts[2m > [22m[2mschema constants[2m > [22m[2mKB source.type enum uses 'manual' not 'text' (F16)
[22m[39m15:57:44.410 [memory:mongodb:schema] info: created collection test_episodes

[90mstdout[2m | src/mongodb-schema.test.ts[2m > [22m[2mschema constants[2m > [22m[2mKB source.type enum uses 'manual' not 'text' (F16)
[22m[39m15:57:44.410 [memory:mongodb:schema] info: created collection test_ingest_runs

[90mstdout[2m | src/mongodb-schema.test.ts[2m > [22m[2mschema constants[2m > [22m[2mKB source.type enum uses 'manual' not 'text' (F16)
[22m[39m15:57:44.410 [memory:mongodb:schema] info: created collection test_projection_runs

[90mstdout[2m | src/mongodb-schema.test.ts[2m > [22m[2mschema constants[2m > [22m[2mKB source.type enum uses 'manual' not 'text' (F16)
[22m[39m15:57:44.410 [memory:mongodb:schema] info: created collection test_query_cache

[90mstdout[2m | src/mongodb-schema.test.ts[2m > [22m[2mschema constants[2m > [22m[2mKB source.type enum uses 'manual' not 'text' (F16)
[22m[39m15:57:44.410 [memory:mongodb:schema] info: created collection test_memory_mutations

[90mstdout[2m | src/mongodb-schema.test.ts[2m > [22m[2mschema constants[2m > [22m[2mKB source.type enum uses 'manual' not 'text' (F16)
[22m[39m15:57:44.410 [memory:mongodb:schema] info: created collection test_lane_coverage

[90mstdout[2m | src/mongodb-schema.test.ts[2m > [22m[2mschema constants[2m > [22m[2mKB source.type enum uses 'manual' not 'text' (F16)
[22m[39m15:57:44.410 [memory:mongodb:schema] info: created collection test_consolidation_runs

[90mstdout[2m | src/mongodb-schema.test.ts[2m > [22m[2mschema constants[2m > [22m[2mKB source.type enum uses 'manual' not 'text' (F16)
[22m[39m15:57:44.410 [memory:mongodb:schema] info: created collection test_recall_traces

[90mstdout[2m | src/mongodb-schema.test.ts[2m > [22m[2mschema constants[2m > [22m[2mKB source.type enum uses 'manual' not 'text' (F16)
[22m[39m15:57:44.410 [memory:mongodb:schema] info: created collection test_memory_jobs

[90mstdout[2m | src/mongodb-schema.test.ts[2m > [22m[2mschema constants[2m > [22m[2mKB source.type enum uses 'manual' not 'text' (F16)
[22m[39m15:57:44.410 [memory:mongodb:schema] info: created collection test_session_chunks

[90mstdout[2m | src/mongodb-schema.test.ts[2m > [22m[2mschema constants[2m > [22m[2mKB source.type enum uses 'manual' not 'text' (F16)
[22m[39m15:57:44.411 [memory:mongodb:schema] info: created collection test_memory_quarantine

[90mstdout[2m | src/mongodb-schema.test.ts[2m > [22m[2mschema constants[2m > [22m[2mKB source.type enum uses 'manual' not 'text' (F16)
[22m[39m15:57:44.411 [memory:mongodb:schema] info: created time series collection test_memory_telemetry

[90mstdout[2m | src/mongodb-schema.test.ts[2m > [22m[2mschema constants[2m > [22m[2mKB source.type enum uses 'manual' not 'text' (F16)
[22m[39m15:57:44.411 [memory:mongodb:schema] info: created telemetry collection test_memory_telemetry

[90mstdout[2m | src/mongodb-schema.test.ts[2m > [22m[2mschema constants[2m > [22m[2mKB source.type enum uses 'manual' not 'text' (F16)
[22m[39m15:57:44.411 [memory:mongodb:schema] info: created time series collection test_access_events

[90mstdout[2m | src/mongodb-schema.test.ts[2m > [22m[2mschema constants[2m > [22m[2mKB source.type enum uses 'manual' not 'text' (F16)
[22m[39m15:57:44.411 [memory:mongodb:schema] info: created access events collection test_access_events

[90mstdout[2m | src/mongodb-schema.test.ts[2m > [22m[2mschema constants[2m > [22m[2mKB source.type enum uses 'manual' not 'text' (F16)
[22m[39m15:57:44.411 [memory:mongodb:schema] info: applied schema validation to test_chunks

[90mstdout[2m | src/mongodb-schema.test.ts[2m > [22m[2mschema constants[2m > [22m[2mKB source.type enum uses 'manual' not 'text' (F16)
[22m[39m15:57:44.411 [memory:mongodb:schema] info: applied schema validation to test_knowledge_base

[90mstdout[2m | src/mongodb-schema.test.ts[2m > [22m[2mschema constants[2m > [22m[2mKB source.type enum uses 'manual' not 'text' (F16)
[22m[39m15:57:44.411 [memory:mongodb:schema] info: applied schema validation to test_kb_chunks

[90mstdout[2m | src/mongodb-schema.test.ts[2m > [22m[2mschema constants[2m > [22m[2mKB source.type enum uses 'manual' not 'text' (F16)
[22m[39m15:57:44.411 [memory:mongodb:schema] info: applied schema validation to test_structured_mem

[90mstdout[2m | src/mongodb-schema.test.ts[2m > [22m[2mschema constants[2m > [22m[2mKB source.type enum uses 'manual' not 'text' (F16)
[22m[39m15:57:44.411 [memory:mongodb:schema] info: applied schema validation to test_structured_mem_revisions

[90mstdout[2m | src/mongodb-schema.test.ts[2m > [22m[2mschema constants[2m > [22m[2mKB source.type enum uses 'manual' not 'text' (F16)
[22m[39m15:57:44.411 [memory:mongodb:schema] info: applied schema validation to test_procedures

[90mstdout[2m | src/mongodb-schema.test.ts[2m > [22m[2mschema constants[2m > [22m[2mKB source.type enum uses 'manual' not 'text' (F16)
[22m[39m15:57:44.411 [memory:mongodb:schema] info: applied schema validation to test_procedure_revisions

[90mstdout[2m | src/mongodb-schema.test.ts[2m > [22m[2mschema constants[2m > [22m[2mKB source.type enum uses 'manual' not 'text' (F16)
[22m[39m15:57:44.411 [memory:mongodb:schema] info: applied schema validation to test_relevance_runs

[90mstdout[2m | src/mongodb-schema.test.ts[2m > [22m[2mschema constants[2m > [22m[2mKB source.type enum uses 'manual' not 'text' (F16)
[22m[39m15:57:44.411 [memory:mongodb:schema] info: applied schema validation to test_relevance_artifacts

[90mstdout[2m | src/mongodb-schema.test.ts[2m > [22m[2mschema constants[2m > [22m[2mKB source.type enum uses 'manual' not 'text' (F16)
[22m[39m15:57:44.411 [memory:mongodb:schema] info: applied schema validation to test_relevance_regressions

[90mstdout[2m | src/mongodb-schema.test.ts[2m > [22m[2mschema constants[2m > [22m[2mKB source.type enum uses 'manual' not 'text' (F16)
[22m[39m15:57:44.411 [memory:mongodb:schema] info: applied schema validation to test_events

[90mstdout[2m | src/mongodb-schema.test.ts[2m > [22m[2mschema constants[2m > [22m[2mKB source.type enum uses 'manual' not 'text' (F16)
[22m[39m15:57:44.411 [memory:mongodb:schema] info: applied schema validation to test_entities

[90mstdout[2m | src/mongodb-schema.test.ts[2m > [22m[2mschema constants[2m > [22m[2mKB source.type enum uses 'manual' not 'text' (F16)
[22m[39m15:57:44.411 [memory:mongodb:schema] info: applied schema validation to test_relations

[90mstdout[2m | src/mongodb-schema.test.ts[2m > [22m[2mschema constants[2m > [22m[2mKB source.type enum uses 'manual' not 'text' (F16)
[22m[39m15:57:44.411 [memory:mongodb:schema] info: applied schema validation to test_entity_links

[90mstdout[2m | src/mongodb-schema.test.ts[2m > [22m[2mschema constants[2m > [22m[2mKB source.type enum uses 'manual' not 'text' (F16)
[22m[39m15:57:44.411 [memory:mongodb:schema] info: applied schema validation to test_episodes

[90mstdout[2m | src/mongodb-schema.test.ts[2m > [22m[2mschema constants[2m > [22m[2mKB source.type enum uses 'manual' not 'text' (F16)
[22m[39m15:57:44.411 [memory:mongodb:schema] info: applied schema validation to test_ingest_runs

[90mstdout[2m | src/mongodb-schema.test.ts[2m > [22m[2mschema constants[2m > [22m[2mKB source.type enum uses 'manual' not 'text' (F16)
[22m[39m15:57:44.411 [memory:mongodb:schema] info: applied schema validation to test_projection_runs

[90mstdout[2m | src/mongodb-schema.test.ts[2m > [22m[2mschema constants[2m > [22m[2mKB source.type enum uses 'manual' not 'text' (F16)
[22m[39m15:57:44.411 [memory:mongodb:schema] info: applied schema validation to test_query_cache

[90mstdout[2m | src/mongodb-schema.test.ts[2m > [22m[2mschema constants[2m > [22m[2mKB source.type enum uses 'manual' not 'text' (F16)
[22m[39m15:57:44.411 [memory:mongodb:schema] info: applied schema validation to test_memory_mutations

[90mstdout[2m | src/mongodb-schema.test.ts[2m > [22m[2mschema constants[2m > [22m[2mKB source.type enum uses 'manual' not 'text' (F16)
[22m[39m15:57:44.411 [memory:mongodb:schema] info: applied schema validation to test_recall_traces

[90mstdout[2m | src/mongodb-schema.test.ts[2m > [22m[2mschema constants[2m > [22m[2mKB source.type enum uses 'manual' not 'text' (F16)
[22m[39m15:57:44.411 [memory:mongodb:schema] info: applied schema validation to test_memory_jobs

[90mstdout[2m | src/mongodb-schema.test.ts[2m > [22m[2mschema constants[2m > [22m[2mKB source.type enum uses 'manual' not 'text' (F16)
[22m[39m15:57:44.411 [memory:mongodb:schema] info: applied schema validation to test_memory_quarantine

[90mstdout[2m | src/mongodb-schema.test.ts[2m > [22m[2mschema constants[2m > [22m[2mKB source.type enum uses 'manual' not 'text' (F16)
[22m[39m15:57:44.411 [memory:mongodb:schema] info: applied schema validation to test_files

[90mstdout[2m | src/mongodb-schema.test.ts[2m > [22m[2mschema constants[2m > [22m[2mVALIDATED_COLLECTIONS includes all 7 new v2 collection schemas
[22m[39m15:57:44.412 [memory:mongodb:schema] info: created collection test_chunks

[90mstdout[2m | src/mongodb-schema.test.ts[2m > [22m[2mschema constants[2m > [22m[2mVALIDATED_COLLECTIONS includes all 7 new v2 collection schemas
[22m[39m15:57:44.412 [memory:mongodb:schema] info: created collection test_files

[90mstdout[2m | src/mongodb-schema.test.ts[2m > [22m[2mschema constants[2m > [22m[2mVALIDATED_COLLECTIONS includes all 7 new v2 collection schemas
[22m[39m15:57:44.412 [memory:mongodb:schema] info: created collection test_meta

[90mstdout[2m | src/mongodb-schema.test.ts[2m > [22m[2mschema constants[2m > [22m[2mVALIDATED_COLLECTIONS includes all 7 new v2 collection schemas
[22m[39m15:57:44.412 [memory:mongodb:schema] info: created collection test_knowledge_base

[90mstdout[2m | src/mongodb-schema.test.ts[2m > [22m[2mschema constants[2m > [22m[2mVALIDATED_COLLECTIONS includes all 7 new v2 collection schemas
[22m[39m15:57:44.412 [memory:mongodb:schema] info: created collection test_kb_chunks

[90mstdout[2m | src/mongodb-schema.test.ts[2m > [22m[2mschema constants[2m > [22m[2mVALIDATED_COLLECTIONS includes all 7 new v2 collection schemas
[22m[39m15:57:44.412 [memory:mongodb:schema] info: created collection test_structured_mem

[90mstdout[2m | src/mongodb-schema.test.ts[2m > [22m[2mschema constants[2m > [22m[2mVALIDATED_COLLECTIONS includes all 7 new v2 collection schemas
[22m[39m15:57:44.412 [memory:mongodb:schema] info: created collection test_structured_mem_revisions

[90mstdout[2m | src/mongodb-schema.test.ts[2m > [22m[2mschema constants[2m > [22m[2mVALIDATED_COLLECTIONS includes all 7 new v2 collection schemas
[22m[39m15:57:44.412 [memory:mongodb:schema] info: created collection test_procedures

[90mstdout[2m | src/mongodb-schema.test.ts[2m > [22m[2mschema constants[2m > [22m[2mVALIDATED_COLLECTIONS includes all 7 new v2 collection schemas
[22m[39m15:57:44.413 [memory:mongodb:schema] info: created collection test_procedure_revisions

[90mstdout[2m | src/mongodb-schema.test.ts[2m > [22m[2mschema constants[2m > [22m[2mVALIDATED_COLLECTIONS includes all 7 new v2 collection schemas
[22m[39m15:57:44.413 [memory:mongodb:schema] info: created collection test_relevance_runs

[90mstdout[2m | src/mongodb-schema.test.ts[2m > [22m[2mschema constants[2m > [22m[2mVALIDATED_COLLECTIONS includes all 7 new v2 collection schemas
[22m[39m15:57:44.413 [memory:mongodb:schema] info: created collection test_relevance_artifacts

[90mstdout[2m | src/mongodb-schema.test.ts[2m > [22m[2mschema constants[2m > [22m[2mVALIDATED_COLLECTIONS includes all 7 new v2 collection schemas
[22m[39m15:57:44.413 [memory:mongodb:schema] info: created collection test_relevance_regressions

[90mstdout[2m | src/mongodb-schema.test.ts[2m > [22m[2mschema constants[2m > [22m[2mVALIDATED_COLLECTIONS includes all 7 new v2 collection schemas
[22m[39m15:57:44.413 [memory:mongodb:schema] info: created collection test_events

[90mstdout[2m | src/mongodb-schema.test.ts[2m > [22m[2mschema constants[2m > [22m[2mVALIDATED_COLLECTIONS includes all 7 new v2 collection schemas
[22m[39m15:57:44.413 [memory:mongodb:schema] info: created collection test_entities

[90mstdout[2m | src/mongodb-schema.test.ts[2m > [22m[2mschema constants[2m > [22m[2mVALIDATED_COLLECTIONS includes all 7 new v2 collection schemas
[22m[39m15:57:44.413 [memory:mongodb:schema] info: created collection test_relations

[90mstdout[2m | src/mongodb-schema.test.ts[2m > [22m[2mschema constants[2m > [22m[2mVALIDATED_COLLECTIONS includes all 7 new v2 collection schemas
[22m[39m15:57:44.413 [memory:mongodb:schema] info: created collection test_entity_links

[90mstdout[2m | src/mongodb-schema.test.ts[2m > [22m[2mschema constants[2m > [22m[2mVALIDATED_COLLECTIONS includes all 7 new v2 collection schemas
[22m[39m15:57:44.413 [memory:mongodb:schema] info: created collection test_episodes

[90mstdout[2m | src/mongodb-schema.test.ts[2m > [22m[2mschema constants[2m > [22m[2mVALIDATED_COLLECTIONS includes all 7 new v2 collection schemas
[22m[39m15:57:44.413 [memory:mongodb:schema] info: created collection test_ingest_runs

[90mstdout[2m | src/mongodb-schema.test.ts[2m > [22m[2mschema constants[2m > [22m[2mVALIDATED_COLLECTIONS includes all 7 new v2 collection schemas
[22m[39m15:57:44.413 [memory:mongodb:schema] info: created collection test_projection_runs

[90mstdout[2m | src/mongodb-schema.test.ts[2m > [22m[2mschema constants[2m > [22m[2mVALIDATED_COLLECTIONS includes all 7 new v2 collection schemas
[22m[39m15:57:44.413 [memory:mongodb:schema] info: created collection test_query_cache

[90mstdout[2m | src/mongodb-schema.test.ts[2m > [22m[2mschema constants[2m > [22m[2mVALIDATED_COLLECTIONS includes all 7 new v2 collection schemas
[22m[39m15:57:44.413 [memory:mongodb:schema] info: created collection test_memory_mutations

[90mstdout[2m | src/mongodb-schema.test.ts[2m > [22m[2mschema constants[2m > [22m[2mVALIDATED_COLLECTIONS includes all 7 new v2 collection schemas
[22m[39m15:57:44.413 [memory:mongodb:schema] info: created collection test_lane_coverage

[90mstdout[2m | src/mongodb-schema.test.ts[2m > [22m[2mschema constants[2m > [22m[2mVALIDATED_COLLECTIONS includes all 7 new v2 collection schemas
[22m[39m15:57:44.413 [memory:mongodb:schema] info: created collection test_consolidation_runs

[90mstdout[2m | src/mongodb-schema.test.ts[2m > [22m[2mschema constants[2m > [22m[2mVALIDATED_COLLECTIONS includes all 7 new v2 collection schemas
[22m[39m15:57:44.413 [memory:mongodb:schema] info: created collection test_recall_traces

[90mstdout[2m | src/mongodb-schema.test.ts[2m > [22m[2mschema constants[2m > [22m[2mVALIDATED_COLLECTIONS includes all 7 new v2 collection schemas
[22m[39m15:57:44.413 [memory:mongodb:schema] info: created collection test_memory_jobs

[90mstdout[2m | src/mongodb-schema.test.ts[2m > [22m[2mschema constants[2m > [22m[2mVALIDATED_COLLECTIONS includes all 7 new v2 collection schemas
[22m[39m15:57:44.413 [memory:mongodb:schema] info: created collection test_session_chunks

[90mstdout[2m | src/mongodb-schema.test.ts[2m > [22m[2mschema constants[2m > [22m[2mVALIDATED_COLLECTIONS includes all 7 new v2 collection schemas
[22m[39m15:57:44.413 [memory:mongodb:schema] info: created collection test_memory_quarantine

[90mstdout[2m | src/mongodb-schema.test.ts[2m > [22m[2mschema constants[2m > [22m[2mVALIDATED_COLLECTIONS includes all 7 new v2 collection schemas
[22m[39m15:57:44.414 [memory:mongodb:schema] info: created time series collection test_memory_telemetry

[90mstdout[2m | src/mongodb-schema.test.ts[2m > [22m[2mschema constants[2m > [22m[2mVALIDATED_COLLECTIONS includes all 7 new v2 collection schemas
[22m[39m15:57:44.414 [memory:mongodb:schema] info: created telemetry collection test_memory_telemetry

[90mstdout[2m | src/mongodb-schema.test.ts[2m > [22m[2mschema constants[2m > [22m[2mVALIDATED_COLLECTIONS includes all 7 new v2 collection schemas
[22m[39m15:57:44.414 [memory:mongodb:schema] info: created time series collection test_access_events

[90mstdout[2m | src/mongodb-schema.test.ts[2m > [22m[2mschema constants[2m > [22m[2mVALIDATED_COLLECTIONS includes all 7 new v2 collection schemas
[22m[39m15:57:44.414 [memory:mongodb:schema] info: created access events collection test_access_events

[90mstdout[2m | src/mongodb-schema.test.ts[2m > [22m[2mschema constants[2m > [22m[2mVALIDATED_COLLECTIONS includes all 7 new v2 collection schemas
[22m[39m15:57:44.414 [memory:mongodb:schema] info: applied schema validation to test_chunks

[90mstdout[2m | src/mongodb-schema.test.ts[2m > [22m[2mschema constants[2m > [22m[2mVALIDATED_COLLECTIONS includes all 7 new v2 collection schemas
[22m[39m15:57:44.414 [memory:mongodb:schema] info: applied schema validation to test_knowledge_base

[90mstdout[2m | src/mongodb-schema.test.ts[2m > [22m[2mschema constants[2m > [22m[2mVALIDATED_COLLECTIONS includes all 7 new v2 collection schemas
[22m[39m15:57:44.414 [memory:mongodb:schema] info: applied schema validation to test_kb_chunks

[90mstdout[2m | src/mongodb-schema.test.ts[2m > [22m[2mschema constants[2m > [22m[2mVALIDATED_COLLECTIONS includes all 7 new v2 collection schemas
[22m[39m15:57:44.414 [memory:mongodb:schema] info: applied schema validation to test_structured_mem

[90mstdout[2m | src/mongodb-schema.test.ts[2m > [22m[2mschema constants[2m > [22m[2mVALIDATED_COLLECTIONS includes all 7 new v2 collection schemas
[22m[39m15:57:44.414 [memory:mongodb:schema] info: applied schema validation to test_structured_mem_revisions

[90mstdout[2m | src/mongodb-schema.test.ts[2m > [22m[2mschema constants[2m > [22m[2mVALIDATED_COLLECTIONS includes all 7 new v2 collection schemas
[22m[39m15:57:44.414 [memory:mongodb:schema] info: applied schema validation to test_procedures

[90mstdout[2m | src/mongodb-schema.test.ts[2m > [22m[2mschema constants[2m > [22m[2mVALIDATED_COLLECTIONS includes all 7 new v2 collection schemas
[22m[39m15:57:44.414 [memory:mongodb:schema] info: applied schema validation to test_procedure_revisions

[90mstdout[2m | src/mongodb-schema.test.ts[2m > [22m[2mschema constants[2m > [22m[2mVALIDATED_COLLECTIONS includes all 7 new v2 collection schemas
[22m[39m15:57:44.414 [memory:mongodb:schema] info: applied schema validation to test_relevance_runs

[90mstdout[2m | src/mongodb-schema.test.ts[2m > [22m[2mschema constants[2m > [22m[2mVALIDATED_COLLECTIONS includes all 7 new v2 collection schemas
[22m[39m15:57:44.414 [memory:mongodb:schema] info: applied schema validation to test_relevance_artifacts

[90mstdout[2m | src/mongodb-schema.test.ts[2m > [22m[2mschema constants[2m > [22m[2mVALIDATED_COLLECTIONS includes all 7 new v2 collection schemas
[22m[39m15:57:44.414 [memory:mongodb:schema] info: applied schema validation to test_relevance_regressions

[90mstdout[2m | src/mongodb-schema.test.ts[2m > [22m[2mschema constants[2m > [22m[2mVALIDATED_COLLECTIONS includes all 7 new v2 collection schemas
[22m[39m15:57:44.414 [memory:mongodb:schema] info: applied schema validation to test_events

[90mstdout[2m | src/mongodb-schema.test.ts[2m > [22m[2mschema constants[2m > [22m[2mVALIDATED_COLLECTIONS includes all 7 new v2 collection schemas
[22m[39m15:57:44.414 [memory:mongodb:schema] info: applied schema validation to test_entities

[90mstdout[2m | src/mongodb-schema.test.ts[2m > [22m[2mschema constants[2m > [22m[2mVALIDATED_COLLECTIONS includes all 7 new v2 collection schemas
[22m[39m15:57:44.414 [memory:mongodb:schema] info: applied schema validation to test_relations

[90mstdout[2m | src/mongodb-schema.test.ts[2m > [22m[2mschema constants[2m > [22m[2mVALIDATED_COLLECTIONS includes all 7 new v2 collection schemas
[22m[39m15:57:44.414 [memory:mongodb:schema] info: applied schema validation to test_entity_links

[90mstdout[2m | src/mongodb-schema.test.ts[2m > [22m[2mschema constants[2m > [22m[2mVALIDATED_COLLECTIONS includes all 7 new v2 collection schemas
[22m[39m15:57:44.414 [memory:mongodb:schema] info: applied schema validation to test_episodes

[90mstdout[2m | src/mongodb-schema.test.ts[2m > [22m[2mschema constants[2m > [22m[2mVALIDATED_COLLECTIONS includes all 7 new v2 collection schemas
[22m[39m15:57:44.414 [memory:mongodb:schema] info: applied schema validation to test_ingest_runs

[90mstdout[2m | src/mongodb-schema.test.ts[2m > [22m[2mschema constants[2m > [22m[2mVALIDATED_COLLECTIONS includes all 7 new v2 collection schemas
[22m[39m15:57:44.415 [memory:mongodb:schema] info: applied schema validation to test_projection_runs

[90mstdout[2m | src/mongodb-schema.test.ts[2m > [22m[2mschema constants[2m > [22m[2mVALIDATED_COLLECTIONS includes all 7 new v2 collection schemas
[22m[39m15:57:44.415 [memory:mongodb:schema] info: applied schema validation to test_query_cache

[90mstdout[2m | src/mongodb-schema.test.ts[2m > [22m[2mschema constants[2m > [22m[2mVALIDATED_COLLECTIONS includes all 7 new v2 collection schemas
[22m[39m15:57:44.415 [memory:mongodb:schema] info: applied schema validation to test_memory_mutations

[90mstdout[2m | src/mongodb-schema.test.ts[2m > [22m[2mschema constants[2m > [22m[2mVALIDATED_COLLECTIONS includes all 7 new v2 collection schemas
[22m[39m15:57:44.415 [memory:mongodb:schema] info: applied schema validation to test_recall_traces

[90mstdout[2m | src/mongodb-schema.test.ts[2m > [22m[2mschema constants[2m > [22m[2mVALIDATED_COLLECTIONS includes all 7 new v2 collection schemas
[22m[39m15:57:44.415 [memory:mongodb:schema] info: applied schema validation to test_memory_jobs

[90mstdout[2m | src/mongodb-schema.test.ts[2m > [22m[2mschema constants[2m > [22m[2mVALIDATED_COLLECTIONS includes all 7 new v2 collection schemas
[22m[39m15:57:44.415 [memory:mongodb:schema] info: applied schema validation to test_memory_quarantine

[90mstdout[2m | src/mongodb-schema.test.ts[2m > [22m[2mschema constants[2m > [22m[2mVALIDATED_COLLECTIONS includes all 7 new v2 collection schemas
[22m[39m15:57:44.415 [memory:mongodb:schema] info: applied schema validation to test_files

[90mstdout[2m | src/mongodb-schema.test.ts[2m > [22m[2mschema constants[2m > [22m[2mevents schema has required scope enum field
[22m[39m15:57:44.415 [memory:mongodb:schema] info: created collection test_chunks

[90mstdout[2m | src/mongodb-schema.test.ts[2m > [22m[2mschema constants[2m > [22m[2mevents schema has required scope enum field
[22m[39m15:57:44.416 [memory:mongodb:schema] info: created collection test_files

[90mstdout[2m | src/mongodb-schema.test.ts[2m > [22m[2mschema constants[2m > [22m[2mevents schema has required scope enum field
[22m[39m15:57:44.416 [memory:mongodb:schema] info: created collection test_meta

[90mstdout[2m | src/mongodb-schema.test.ts[2m > [22m[2mschema constants[2m > [22m[2mevents schema has required scope enum field
[22m[39m15:57:44.416 [memory:mongodb:schema] info: created collection test_knowledge_base

[90mstdout[2m | src/mongodb-schema.test.ts[2m > [22m[2mschema constants[2m > [22m[2mevents schema has required scope enum field
[22m[39m15:57:44.416 [memory:mongodb:schema] info: created collection test_kb_chunks

[90mstdout[2m | src/mongodb-schema.test.ts[2m > [22m[2mschema constants[2m > [22m[2mevents schema has required scope enum field
[22m[39m15:57:44.416 [memory:mongodb:schema] info: created collection test_structured_mem

[90mstdout[2m | src/mongodb-schema.test.ts[2m > [22m[2mschema constants[2m > [22m[2mevents schema has required scope enum field
[22m[39m15:57:44.416 [memory:mongodb:schema] info: created collection test_structured_mem_revisions

[90mstdout[2m | src/mongodb-schema.test.ts[2m > [22m[2mschema constants[2m > [22m[2mevents schema has required scope enum field
[22m[39m15:57:44.416 [memory:mongodb:schema] info: created collection test_procedures

[90mstdout[2m | src/mongodb-schema.test.ts[2m > [22m[2mschema constants[2m > [22m[2mevents schema has required scope enum field
[22m[39m15:57:44.416 [memory:mongodb:schema] info: created collection test_procedure_revisions

[90mstdout[2m | src/mongodb-schema.test.ts[2m > [22m[2mschema constants[2m > [22m[2mevents schema has required scope enum field
[22m[39m15:57:44.416 [memory:mongodb:schema] info: created collection test_relevance_runs

[90mstdout[2m | src/mongodb-schema.test.ts[2m > [22m[2mschema constants[2m > [22m[2mevents schema has required scope enum field
[22m[39m15:57:44.416 [memory:mongodb:schema] info: created collection test_relevance_artifacts

[90mstdout[2m | src/mongodb-schema.test.ts[2m > [22m[2mschema constants[2m > [22m[2mevents schema has required scope enum field
[22m[39m15:57:44.416 [memory:mongodb:schema] info: created collection test_relevance_regressions

[90mstdout[2m | src/mongodb-schema.test.ts[2m > [22m[2mschema constants[2m > [22m[2mevents schema has required scope enum field
[22m[39m15:57:44.416 [memory:mongodb:schema] info: created collection test_events

[90mstdout[2m | src/mongodb-schema.test.ts[2m > [22m[2mschema constants[2m > [22m[2mevents schema has required scope enum field
[22m[39m15:57:44.416 [memory:mongodb:schema] info: created collection test_entities

[90mstdout[2m | src/mongodb-schema.test.ts[2m > [22m[2mschema constants[2m > [22m[2mevents schema has required scope enum field
[22m[39m15:57:44.416 [memory:mongodb:schema] info: created collection test_relations

[90mstdout[2m | src/mongodb-schema.test.ts[2m > [22m[2mschema constants[2m > [22m[2mevents schema has required scope enum field
[22m[39m15:57:44.416 [memory:mongodb:schema] info: created collection test_entity_links

[90mstdout[2m | src/mongodb-schema.test.ts[2m > [22m[2mschema constants[2m > [22m[2mevents schema has required scope enum field
[22m[39m15:57:44.416 [memory:mongodb:schema] info: created collection test_episodes

[90mstdout[2m | src/mongodb-schema.test.ts[2m > [22m[2mschema constants[2m > [22m[2mevents schema has required scope enum field
[22m[39m15:57:44.416 [memory:mongodb:schema] info: created collection test_ingest_runs

[90mstdout[2m | src/mongodb-schema.test.ts[2m > [22m[2mschema constants[2m > [22m[2mevents schema has required scope enum field
[22m[39m15:57:44.416 [memory:mongodb:schema] info: created collection test_projection_runs

[90mstdout[2m | src/mongodb-schema.test.ts[2m > [22m[2mschema constants[2m > [22m[2mevents schema has required scope enum field
[22m[39m15:57:44.417 [memory:mongodb:schema] info: created collection test_query_cache

[90mstdout[2m | src/mongodb-schema.test.ts[2m > [22m[2mschema constants[2m > [22m[2mevents schema has required scope enum field
[22m[39m15:57:44.417 [memory:mongodb:schema] info: created collection test_memory_mutations

[90mstdout[2m | src/mongodb-schema.test.ts[2m > [22m[2mschema constants[2m > [22m[2mevents schema has required scope enum field
[22m[39m15:57:44.417 [memory:mongodb:schema] info: created collection test_lane_coverage

[90mstdout[2m | src/mongodb-schema.test.ts[2m > [22m[2mschema constants[2m > [22m[2mevents schema has required scope enum field
[22m[39m15:57:44.417 [memory:mongodb:schema] info: created collection test_consolidation_runs

[90mstdout[2m | src/mongodb-schema.test.ts[2m > [22m[2mschema constants[2m > [22m[2mevents schema has required scope enum field
[22m[39m15:57:44.417 [memory:mongodb:schema] info: created collection test_recall_traces

[90mstdout[2m | src/mongodb-schema.test.ts[2m > [22m[2mschema constants[2m > [22m[2mevents schema has required scope enum field
[22m[39m15:57:44.417 [memory:mongodb:schema] info: created collection test_memory_jobs

[90mstdout[2m | src/mongodb-schema.test.ts[2m > [22m[2mschema constants[2m > [22m[2mevents schema has required scope enum field
[22m[39m15:57:44.417 [memory:mongodb:schema] info: created collection test_session_chunks

[90mstdout[2m | src/mongodb-schema.test.ts[2m > [22m[2mschema constants[2m > [22m[2mevents schema has required scope enum field
[22m[39m15:57:44.417 [memory:mongodb:schema] info: created collection test_memory_quarantine

[90mstdout[2m | src/mongodb-schema.test.ts[2m > [22m[2mschema constants[2m > [22m[2mevents schema has required scope enum field
[22m[39m15:57:44.417 [memory:mongodb:schema] info: created time series collection test_memory_telemetry

[90mstdout[2m | src/mongodb-schema.test.ts[2m > [22m[2mschema constants[2m > [22m[2mevents schema has required scope enum field
[22m[39m15:57:44.417 [memory:mongodb:schema] info: created telemetry collection test_memory_telemetry

[90mstdout[2m | src/mongodb-schema.test.ts[2m > [22m[2mschema constants[2m > [22m[2mevents schema has required scope enum field
[22m[39m15:57:44.417 [memory:mongodb:schema] info: created time series collection test_access_events

[90mstdout[2m | src/mongodb-schema.test.ts[2m > [22m[2mschema constants[2m > [22m[2mevents schema has required scope enum field
[22m[39m15:57:44.417 [memory:mongodb:schema] info: created access events collection test_access_events

[90mstdout[2m | src/mongodb-schema.test.ts[2m > [22m[2mschema constants[2m > [22m[2mevents schema has required scope enum field
[22m[39m15:57:44.417 [memory:mongodb:schema] info: applied schema validation to test_chunks

[90mstdout[2m | src/mongodb-schema.test.ts[2m > [22m[2mschema constants[2m > [22m[2mevents schema has required scope enum field
[22m[39m15:57:44.417 [memory:mongodb:schema] info: applied schema validation to test_knowledge_base

[90mstdout[2m | src/mongodb-schema.test.ts[2m > [22m[2mschema constants[2m > [22m[2mevents schema has required scope enum field
[22m[39m15:57:44.417 [memory:mongodb:schema] info: applied schema validation to test_kb_chunks

[90mstdout[2m | src/mongodb-schema.test.ts[2m > [22m[2mschema constants[2m > [22m[2mevents schema has required scope enum field
[22m[39m15:57:44.417 [memory:mongodb:schema] info: applied schema validation to test_structured_mem

[90mstdout[2m | src/mongodb-schema.test.ts[2m > [22m[2mschema constants[2m > [22m[2mevents schema has required scope enum field
[22m[39m15:57:44.417 [memory:mongodb:schema] info: applied schema validation to test_structured_mem_revisions

[90mstdout[2m | src/mongodb-schema.test.ts[2m > [22m[2mschema constants[2m > [22m[2mevents schema has required scope enum field
[22m[39m15:57:44.417 [memory:mongodb:schema] info: applied schema validation to test_procedures

[90mstdout[2m | src/mongodb-schema.test.ts[2m > [22m[2mschema constants[2m > [22m[2mevents schema has required scope enum field
[22m[39m15:57:44.417 [memory:mongodb:schema] info: applied schema validation to test_procedure_revisions

[90mstdout[2m | src/mongodb-schema.test.ts[2m > [22m[2mschema constants[2m > [22m[2mevents schema has required scope enum field
[22m[39m15:57:44.417 [memory:mongodb:schema] info: applied schema validation to test_relevance_runs

[90mstdout[2m | src/mongodb-schema.test.ts[2m > [22m[2mschema constants[2m > [22m[2mevents schema has required scope enum field
[22m[39m15:57:44.417 [memory:mongodb:schema] info: applied schema validation to test_relevance_artifacts

[90mstdout[2m | src/mongodb-schema.test.ts[2m > [22m[2mschema constants[2m > [22m[2mevents schema has required scope enum field
[22m[39m15:57:44.417 [memory:mongodb:schema] info: applied schema validation to test_relevance_regressions

[90mstdout[2m | src/mongodb-schema.test.ts[2m > [22m[2mschema constants[2m > [22m[2mevents schema has required scope enum field
[22m[39m15:57:44.417 [memory:mongodb:schema] info: applied schema validation to test_events

[90mstdout[2m | src/mongodb-schema.test.ts[2m > [22m[2mschema constants[2m > [22m[2mevents schema has required scope enum field
[22m[39m15:57:44.417 [memory:mongodb:schema] info: applied schema validation to test_entities

[90mstdout[2m | src/mongodb-schema.test.ts[2m > [22m[2mschema constants[2m > [22m[2mevents schema has required scope enum field
[22m[39m15:57:44.417 [memory:mongodb:schema] info: applied schema validation to test_relations

[90mstdout[2m | src/mongodb-schema.test.ts[2m > [22m[2mschema constants[2m > [22m[2mevents schema has required scope enum field
[22m[39m15:57:44.417 [memory:mongodb:schema] info: applied schema validation to test_entity_links

[90mstdout[2m | src/mongodb-schema.test.ts[2m > [22m[2mschema constants[2m > [22m[2mevents schema has required scope enum field
[22m[39m15:57:44.417 [memory:mongodb:schema] info: applied schema validation to test_episodes

[90mstdout[2m | src/mongodb-schema.test.ts[2m > [22m[2mschema constants[2m > [22m[2mevents schema has required scope enum field
[22m[39m15:57:44.417 [memory:mongodb:schema] info: applied schema validation to test_ingest_runs

[90mstdout[2m | src/mongodb-schema.test.ts[2m > [22m[2mschema constants[2m > [22m[2mevents schema has required scope enum field
[22m[39m15:57:44.417 [memory:mongodb:schema] info: applied schema validation to test_projection_runs

[90mstdout[2m | src/mongodb-schema.test.ts[2m > [22m[2mschema constants[2m > [22m[2mevents schema has required scope enum field
[22m[39m15:57:44.417 [memory:mongodb:schema] info: applied schema validation to test_query_cache

[90mstdout[2m | src/mongodb-schema.test.ts[2m > [22m[2mschema constants[2m > [22m[2mevents schema has required scope enum field
[22m[39m15:57:44.417 [memory:mongodb:schema] info: applied schema validation to test_memory_mutations

[90mstdout[2m | src/mongodb-schema.test.ts[2m > [22m[2mschema constants[2m > [22m[2mevents schema has required scope enum field
[22m[39m15:57:44.417 [memory:mongodb:schema] info: applied schema validation to test_recall_traces

[90mstdout[2m | src/mongodb-schema.test.ts[2m > [22m[2mschema constants[2m > [22m[2mevents schema has required scope enum field
[22m[39m15:57:44.417 [memory:mongodb:schema] info: applied schema validation to test_memory_jobs

[90mstdout[2m | src/mongodb-schema.test.ts[2m > [22m[2mschema constants[2m > [22m[2mevents schema has required scope enum field
[22m[39m15:57:44.417 [memory:mongodb:schema] info: applied schema validation to test_memory_quarantine

[90mstdout[2m | src/mongodb-schema.test.ts[2m > [22m[2mschema constants[2m > [22m[2mevents schema has required scope enum field
[22m[39m15:57:44.417 [memory:mongodb:schema] info: applied schema validation to test_files

[90mstdout[2m | src/mongodb-schema.test.ts[2m > [22m[2mschema constants[2m > [22m[2mmemory_quarantine collection is created with validator ()
[22m[39m15:57:44.418 [memory:mongodb:schema] info: created collection test_chunks

[90mstdout[2m | src/mongodb-schema.test.ts[2m > [22m[2mschema constants[2m > [22m[2mmemory_quarantine collection is created with validator ()
[22m[39m15:57:44.418 [memory:mongodb:schema] info: created collection test_files

[90mstdout[2m | src/mongodb-schema.test.ts[2m > [22m[2mschema constants[2m > [22m[2mmemory_quarantine collection is created with validator ()
[22m[39m15:57:44.418 [memory:mongodb:schema] info: created collection test_meta

[90mstdout[2m | src/mongodb-schema.test.ts[2m > [22m[2mschema constants[2m > [22m[2mmemory_quarantine collection is created with validator ()
[22m[39m15:57:44.418 [memory:mongodb:schema] info: created collection test_knowledge_base

[90mstdout[2m | src/mongodb-schema.test.ts[2m > [22m[2mschema constants[2m > [22m[2mmemory_quarantine collection is created with validator ()
[22m[39m15:57:44.418 [memory:mongodb:schema] info: created collection test_kb_chunks

[90mstdout[2m | src/mongodb-schema.test.ts[2m > [22m[2mschema constants[2m > [22m[2mmemory_quarantine collection is created with validator ()
[22m[39m15:57:44.418 [memory:mongodb:schema] info: created collection test_structured_mem

[90mstdout[2m | src/mongodb-schema.test.ts[2m > [22m[2mschema constants[2m > [22m[2mmemory_quarantine collection is created with validator ()
[22m[39m15:57:44.418 [memory:mongodb:schema] info: created collection test_structured_mem_revisions

[90mstdout[2m | src/mongodb-schema.test.ts[2m > [22m[2mschema constants[2m > [22m[2mmemory_quarantine collection is created with validator ()
[22m[39m15:57:44.418 [memory:mongodb:schema] info: created collection test_procedures

[90mstdout[2m | src/mongodb-schema.test.ts[2m > [22m[2mschema constants[2m > [22m[2mmemory_quarantine collection is created with validator ()
[22m[39m15:57:44.418 [memory:mongodb:schema] info: created collection test_procedure_revisions

[90mstdout[2m | src/mongodb-schema.test.ts[2m > [22m[2mschema constants[2m > [22m[2mmemory_quarantine collection is created with validator ()
[22m[39m15:57:44.418 [memory:mongodb:schema] info: created collection test_relevance_runs

[90mstdout[2m | src/mongodb-schema.test.ts[2m > [22m[2mschema constants[2m > [22m[2mmemory_quarantine collection is created with validator ()
[22m[39m15:57:44.418 [memory:mongodb:schema] info: created collection test_relevance_artifacts

[90mstdout[2m | src/mongodb-schema.test.ts[2m > [22m[2mschema constants[2m > [22m[2mmemory_quarantine collection is created with validator ()
[22m[39m15:57:44.418 [memory:mongodb:schema] info: created collection test_relevance_regressions

[90mstdout[2m | src/mongodb-schema.test.ts[2m > [22m[2mschema constants[2m > [22m[2mmemory_quarantine collection is created with validator ()
[22m[39m15:57:44.418 [memory:mongodb:schema] info: created collection test_events

[90mstdout[2m | src/mongodb-schema.test.ts[2m > [22m[2mschema constants[2m > [22m[2mmemory_quarantine collection is created with validator ()
[22m[39m15:57:44.418 [memory:mongodb:schema] info: created collection test_entities

[90mstdout[2m | src/mongodb-schema.test.ts[2m > [22m[2mschema constants[2m > [22m[2mmemory_quarantine collection is created with validator ()
[22m[39m15:57:44.418 [memory:mongodb:schema] info: created collection test_relations

[90mstdout[2m | src/mongodb-schema.test.ts[2m > [22m[2mschema constants[2m > [22m[2mmemory_quarantine collection is created with validator ()
[22m[39m15:57:44.418 [memory:mongodb:schema] info: created collection test_entity_links

[90mstdout[2m | src/mongodb-schema.test.ts[2m > [22m[2mschema constants[2m > [22m[2mmemory_quarantine collection is created with validator ()
[22m[39m15:57:44.418 [memory:mongodb:schema] info: created collection test_episodes

[90mstdout[2m | src/mongodb-schema.test.ts[2m > [22m[2mschema constants[2m > [22m[2mmemory_quarantine collection is created with validator ()
[22m[39m15:57:44.418 [memory:mongodb:schema] info: created collection test_ingest_runs

[90mstdout[2m | src/mongodb-schema.test.ts[2m > [22m[2mschema constants[2m > [22m[2mmemory_quarantine collection is created with validator ()
[22m[39m15:57:44.418 [memory:mongodb:schema] info: created collection test_projection_runs

[90mstdout[2m | src/mongodb-schema.test.ts[2m > [22m[2mschema constants[2m > [22m[2mmemory_quarantine collection is created with validator ()
[22m[39m15:57:44.418 [memory:mongodb:schema] info: created collection test_query_cache

[90mstdout[2m | src/mongodb-schema.test.ts[2m > [22m[2mschema constants[2m > [22m[2mmemory_quarantine collection is created with validator ()
[22m[39m15:57:44.418 [memory:mongodb:schema] info: created collection test_memory_mutations

[90mstdout[2m | src/mongodb-schema.test.ts[2m > [22m[2mschema constants[2m > [22m[2mmemory_quarantine collection is created with validator ()
[22m[39m15:57:44.418 [memory:mongodb:schema] info: created collection test_lane_coverage

[90mstdout[2m | src/mongodb-schema.test.ts[2m > [22m[2mschema constants[2m > [22m[2mmemory_quarantine collection is created with validator ()
[22m[39m15:57:44.419 [memory:mongodb:schema] info: created collection test_consolidation_runs

[90mstdout[2m | src/mongodb-schema.test.ts[2m > [22m[2mschema constants[2m > [22m[2mmemory_quarantine collection is created with validator ()
[22m[39m15:57:44.419 [memory:mongodb:schema] info: created collection test_recall_traces

[90mstdout[2m | src/mongodb-schema.test.ts[2m > [22m[2mschema constants[2m > [22m[2mmemory_quarantine collection is created with validator ()
[22m[39m15:57:44.419 [memory:mongodb:schema] info: created collection test_memory_jobs

[90mstdout[2m | src/mongodb-schema.test.ts[2m > [22m[2mschema constants[2m > [22m[2mmemory_quarantine collection is created with validator ()
[22m[39m15:57:44.419 [memory:mongodb:schema] info: created collection test_session_chunks

[90mstdout[2m | src/mongodb-schema.test.ts[2m > [22m[2mschema constants[2m > [22m[2mmemory_quarantine collection is created with validator ()
[22m[39m15:57:44.419 [memory:mongodb:schema] info: created collection test_memory_quarantine

[90mstdout[2m | src/mongodb-schema.test.ts[2m > [22m[2mschema constants[2m > [22m[2mmemory_quarantine collection is created with validator ()
[22m[39m15:57:44.419 [memory:mongodb:schema] info: created time series collection test_memory_telemetry

[90mstdout[2m | src/mongodb-schema.test.ts[2m > [22m[2mschema constants[2m > [22m[2mmemory_quarantine collection is created with validator ()
[22m[39m15:57:44.419 [memory:mongodb:schema] info: created telemetry collection test_memory_telemetry

[90mstdout[2m | src/mongodb-schema.test.ts[2m > [22m[2mschema constants[2m > [22m[2mmemory_quarantine collection is created with validator ()
[22m[39m15:57:44.419 [memory:mongodb:schema] info: created time series collection test_access_events

[90mstdout[2m | src/mongodb-schema.test.ts[2m > [22m[2mschema constants[2m > [22m[2mmemory_quarantine collection is created with validator ()
[22m[39m15:57:44.419 [memory:mongodb:schema] info: created access events collection test_access_events

[90mstdout[2m | src/mongodb-schema.test.ts[2m > [22m[2mschema constants[2m > [22m[2mmemory_quarantine collection is created with validator ()
[22m[39m15:57:44.419 [memory:mongodb:schema] info: applied schema validation to test_chunks

[90mstdout[2m | src/mongodb-schema.test.ts[2m > [22m[2mschema constants[2m > [22m[2mmemory_quarantine collection is created with validator ()
[22m[39m15:57:44.419 [memory:mongodb:schema] info: applied schema validation to test_knowledge_base

[90mstdout[2m | src/mongodb-schema.test.ts[2m > [22m[2mschema constants[2m > [22m[2mmemory_quarantine collection is created with validator ()
[22m[39m15:57:44.419 [memory:mongodb:schema] info: applied schema validation to test_kb_chunks

[90mstdout[2m | src/mongodb-schema.test.ts[2m > [22m[2mschema constants[2m > [22m[2mmemory_quarantine collection is created with validator ()
[22m[39m15:57:44.419 [memory:mongodb:schema] info: applied schema validation to test_structured_mem

[90mstdout[2m | src/mongodb-schema.test.ts[2m > [22m[2mschema constants[2m > [22m[2mmemory_quarantine collection is created with validator ()
[22m[39m15:57:44.419 [memory:mongodb:schema] info: applied schema validation to test_structured_mem_revisions

[90mstdout[2m | src/mongodb-schema.test.ts[2m > [22m[2mschema constants[2m > [22m[2mmemory_quarantine collection is created with validator ()
[22m[39m15:57:44.419 [memory:mongodb:schema] info: applied schema validation to test_procedures

[90mstdout[2m | src/mongodb-schema.test.ts[2m > [22m[2mschema constants[2m > [22m[2mmemory_quarantine collection is created with validator ()
[22m[39m15:57:44.419 [memory:mongodb:schema] info: applied schema validation to test_procedure_revisions

[90mstdout[2m | src/mongodb-schema.test.ts[2m > [22m[2mschema constants[2m > [22m[2mmemory_quarantine collection is created with validator ()
[22m[39m15:57:44.419 [memory:mongodb:schema] info: applied schema validation to test_relevance_runs

[90mstdout[2m | src/mongodb-schema.test.ts[2m > [22m[2mschema constants[2m > [22m[2mmemory_quarantine collection is created with validator ()
[22m[39m15:57:44.419 [memory:mongodb:schema] info: applied schema validation to test_relevance_artifacts

[90mstdout[2m | src/mongodb-schema.test.ts[2m > [22m[2mschema constants[2m > [22m[2mmemory_quarantine collection is created with validator ()
[22m[39m15:57:44.419 [memory:mongodb:schema] info: applied schema validation to test_relevance_regressions

[90mstdout[2m | src/mongodb-schema.test.ts[2m > [22m[2mschema constants[2m > [22m[2mmemory_quarantine collection is created with validator ()
[22m[39m15:57:44.419 [memory:mongodb:schema] info: applied schema validation to test_events

[90mstdout[2m | src/mongodb-schema.test.ts[2m > [22m[2mschema constants[2m > [22m[2mmemory_quarantine collection is created with validator ()
[22m[39m15:57:44.419 [memory:mongodb:schema] info: applied schema validation to test_entities

[90mstdout[2m | src/mongodb-schema.test.ts[2m > [22m[2mschema constants[2m > [22m[2mmemory_quarantine collection is created with validator ()
[22m[39m15:57:44.419 [memory:mongodb:schema] info: applied schema validation to test_relations

[90mstdout[2m | src/mongodb-schema.test.ts[2m > [22m[2mschema constants[2m > [22m[2mmemory_quarantine collection is created with validator ()
[22m[39m15:57:44.419 [memory:mongodb:schema] info: applied schema validation to test_entity_links

[90mstdout[2m | src/mongodb-schema.test.ts[2m > [22m[2mschema constants[2m > [22m[2mmemory_quarantine collection is created with validator ()
[22m[39m15:57:44.419 [memory:mongodb:schema] info: applied schema validation to test_episodes

[90mstdout[2m | src/mongodb-schema.test.ts[2m > [22m[2mschema constants[2m > [22m[2mmemory_quarantine collection is created with validator ()
[22m[39m15:57:44.419 [memory:mongodb:schema] info: applied schema validation to test_ingest_runs

[90mstdout[2m | src/mongodb-schema.test.ts[2m > [22m[2mschema constants[2m > [22m[2mmemory_quarantine collection is created with validator ()
[22m[39m15:57:44.419 [memory:mongodb:schema] info: applied schema validation to test_projection_runs

[90mstdout[2m | src/mongodb-schema.test.ts[2m > [22m[2mschema constants[2m > [22m[2mmemory_quarantine collection is created with validator ()
[22m[39m15:57:44.419 [memory:mongodb:schema] info: applied schema validation to test_query_cache

[90mstdout[2m | src/mongodb-schema.test.ts[2m > [22m[2mschema constants[2m > [22m[2mmemory_quarantine collection is created with validator ()
[22m[39m15:57:44.419 [memory:mongodb:schema] info: applied schema validation to test_memory_mutations

[90mstdout[2m | src/mongodb-schema.test.ts[2m > [22m[2mschema constants[2m > [22m[2mmemory_quarantine collection is created with validator ()
[22m[39m15:57:44.419 [memory:mongodb:schema] info: applied schema validation to test_recall_traces

[90mstdout[2m | src/mongodb-schema.test.ts[2m > [22m[2mschema constants[2m > [22m[2mmemory_quarantine collection is created with validator ()
[22m[39m15:57:44.419 [memory:mongodb:schema] info: applied schema validation to test_memory_jobs

[90mstdout[2m | src/mongodb-schema.test.ts[2m > [22m[2mschema constants[2m > [22m[2mmemory_quarantine collection is created with validator ()
[22m[39m15:57:44.419 [memory:mongodb:schema] info: applied schema validation to test_memory_quarantine

[90mstdout[2m | src/mongodb-schema.test.ts[2m > [22m[2mschema constants[2m > [22m[2mmemory_quarantine collection is created with validator ()
[22m[39m15:57:44.419 [memory:mongodb:schema] info: applied schema validation to test_files

[90mstdout[2m | src/mongodb-schema.test.ts[2m > [22m[2mschema constants[2m > [22m[2mevents schema includes bi-temporal validAt + invalidAt ()
[22m[39m15:57:44.420 [memory:mongodb:schema] info: created collection test_chunks

[90mstdout[2m | src/mongodb-schema.test.ts[2m > [22m[2mschema constants[2m > [22m[2mevents schema includes bi-temporal validAt + invalidAt ()
[22m[39m15:57:44.420 [memory:mongodb:schema] info: created collection test_files

[90mstdout[2m | src/mongodb-schema.test.ts[2m > [22m[2mschema constants[2m > [22m[2mevents schema includes bi-temporal validAt + invalidAt ()
[22m[39m15:57:44.420 [memory:mongodb:schema] info: created collection test_meta

[90mstdout[2m | src/mongodb-schema.test.ts[2m > [22m[2mschema constants[2m > [22m[2mevents schema includes bi-temporal validAt + invalidAt ()
[22m[39m15:57:44.420 [memory:mongodb:schema] info: created collection test_knowledge_base

[90mstdout[2m | src/mongodb-schema.test.ts[2m > [22m[2mschema constants[2m > [22m[2mevents schema includes bi-temporal validAt + invalidAt ()
[22m[39m15:57:44.420 [memory:mongodb:schema] info: created collection test_kb_chunks

[90mstdout[2m | src/mongodb-schema.test.ts[2m > [22m[2mschema constants[2m > [22m[2mevents schema includes bi-temporal validAt + invalidAt ()
[22m[39m15:57:44.420 [memory:mongodb:schema] info: created collection test_structured_mem

[90mstdout[2m | src/mongodb-schema.test.ts[2m > [22m[2mschema constants[2m > [22m[2mevents schema includes bi-temporal validAt + invalidAt ()
[22m[39m15:57:44.420 [memory:mongodb:schema] info: created collection test_structured_mem_revisions

[90mstdout[2m | src/mongodb-schema.test.ts[2m > [22m[2mschema constants[2m > [22m[2mevents schema includes bi-temporal validAt + invalidAt ()
[22m[39m15:57:44.420 [memory:mongodb:schema] info: created collection test_procedures

[90mstdout[2m | src/mongodb-schema.test.ts[2m > [22m[2mschema constants[2m > [22m[2mevents schema includes bi-temporal validAt + invalidAt ()
[22m[39m15:57:44.420 [memory:mongodb:schema] info: created collection test_procedure_revisions

[90mstdout[2m | src/mongodb-schema.test.ts[2m > [22m[2mschema constants[2m > [22m[2mevents schema includes bi-temporal validAt + invalidAt ()
[22m[39m15:57:44.420 [memory:mongodb:schema] info: created collection test_relevance_runs

[90mstdout[2m | src/mongodb-schema.test.ts[2m > [22m[2mschema constants[2m > [22m[2mevents schema includes bi-temporal validAt + invalidAt ()
[22m[39m15:57:44.420 [memory:mongodb:schema] info: created collection test_relevance_artifacts

[90mstdout[2m | src/mongodb-schema.test.ts[2m > [22m[2mschema constants[2m > [22m[2mevents schema includes bi-temporal validAt + invalidAt ()
[22m[39m15:57:44.420 [memory:mongodb:schema] info: created collection test_relevance_regressions

[90mstdout[2m | src/mongodb-schema.test.ts[2m > [22m[2mschema constants[2m > [22m[2mevents schema includes bi-temporal validAt + invalidAt ()
[22m[39m15:57:44.420 [memory:mongodb:schema] info: created collection test_events

[90mstdout[2m | src/mongodb-schema.test.ts[2m > [22m[2mschema constants[2m > [22m[2mevents schema includes bi-temporal validAt + invalidAt ()
[22m[39m15:57:44.420 [memory:mongodb:schema] info: created collection test_entities

[90mstdout[2m | src/mongodb-schema.test.ts[2m > [22m[2mschema constants[2m > [22m[2mevents schema includes bi-temporal validAt + invalidAt ()
[22m[39m15:57:44.420 [memory:mongodb:schema] info: created collection test_relations

[90mstdout[2m | src/mongodb-schema.test.ts[2m > [22m[2mschema constants[2m > [22m[2mevents schema includes bi-temporal validAt + invalidAt ()
[22m[39m15:57:44.421 [memory:mongodb:schema] info: created collection test_entity_links

[90mstdout[2m | src/mongodb-schema.test.ts[2m > [22m[2mschema constants[2m > [22m[2mevents schema includes bi-temporal validAt + invalidAt ()
[22m[39m15:57:44.421 [memory:mongodb:schema] info: created collection test_episodes

[90mstdout[2m | src/mongodb-schema.test.ts[2m > [22m[2mschema constants[2m > [22m[2mevents schema includes bi-temporal validAt + invalidAt ()
[22m[39m15:57:44.421 [memory:mongodb:schema] info: created collection test_ingest_runs

[90mstdout[2m | src/mongodb-schema.test.ts[2m > [22m[2mschema constants[2m > [22m[2mevents schema includes bi-temporal validAt + invalidAt ()
[22m[39m15:57:44.421 [memory:mongodb:schema] info: created collection test_projection_runs

[90mstdout[2m | src/mongodb-schema.test.ts[2m > [22m[2mschema constants[2m > [22m[2mevents schema includes bi-temporal validAt + invalidAt ()
[22m[39m15:57:44.421 [memory:mongodb:schema] info: created collection test_query_cache

[90mstdout[2m | src/mongodb-schema.test.ts[2m > [22m[2mschema constants[2m > [22m[2mevents schema includes bi-temporal validAt + invalidAt ()
[22m[39m15:57:44.421 [memory:mongodb:schema] info: created collection test_memory_mutations

[90mstdout[2m | src/mongodb-schema.test.ts[2m > [22m[2mschema constants[2m > [22m[2mevents schema includes bi-temporal validAt + invalidAt ()
[22m[39m15:57:44.421 [memory:mongodb:schema] info: created collection test_lane_coverage

[90mstdout[2m | src/mongodb-schema.test.ts[2m > [22m[2mschema constants[2m > [22m[2mevents schema includes bi-temporal validAt + invalidAt ()
[22m[39m15:57:44.421 [memory:mongodb:schema] info: created collection test_consolidation_runs

[90mstdout[2m | src/mongodb-schema.test.ts[2m > [22m[2mschema constants[2m > [22m[2mevents schema includes bi-temporal validAt + invalidAt ()
[22m[39m15:57:44.421 [memory:mongodb:schema] info: created collection test_recall_traces

[90mstdout[2m | src/mongodb-schema.test.ts[2m > [22m[2mschema constants[2m > [22m[2mevents schema includes bi-temporal validAt + invalidAt ()
[22m[39m15:57:44.421 [memory:mongodb:schema] info: created collection test_memory_jobs

[90mstdout[2m | src/mongodb-schema.test.ts[2m > [22m[2mschema constants[2m > [22m[2mevents schema includes bi-temporal validAt + invalidAt ()
[22m[39m15:57:44.421 [memory:mongodb:schema] info: created collection test_session_chunks

[90mstdout[2m | src/mongodb-schema.test.ts[2m > [22m[2mschema constants[2m > [22m[2mevents schema includes bi-temporal validAt + invalidAt ()
[22m[39m15:57:44.421 [memory:mongodb:schema] info: created collection test_memory_quarantine

[90mstdout[2m | src/mongodb-schema.test.ts[2m > [22m[2mschema constants[2m > [22m[2mevents schema includes bi-temporal validAt + invalidAt ()
[22m[39m15:57:44.421 [memory:mongodb:schema] info: created time series collection test_memory_telemetry

[90mstdout[2m | src/mongodb-schema.test.ts[2m > [22m[2mschema constants[2m > [22m[2mevents schema includes bi-temporal validAt + invalidAt ()
[22m[39m15:57:44.421 [memory:mongodb:schema] info: created telemetry collection test_memory_telemetry

[90mstdout[2m | src/mongodb-schema.test.ts[2m > [22m[2mschema constants[2m > [22m[2mevents schema includes bi-temporal validAt + invalidAt ()
[22m[39m15:57:44.421 [memory:mongodb:schema] info: created time series collection test_access_events

[90mstdout[2m | src/mongodb-schema.test.ts[2m > [22m[2mschema constants[2m > [22m[2mevents schema includes bi-temporal validAt + invalidAt ()
[22m[39m15:57:44.421 [memory:mongodb:schema] info: created access events collection test_access_events

[90mstdout[2m | src/mongodb-schema.test.ts[2m > [22m[2mschema constants[2m > [22m[2mevents schema includes bi-temporal validAt + invalidAt ()
[22m[39m15:57:44.421 [memory:mongodb:schema] info: applied schema validation to test_chunks

[90mstdout[2m | src/mongodb-schema.test.ts[2m > [22m[2mschema constants[2m > [22m[2mevents schema includes bi-temporal validAt + invalidAt ()
[22m[39m15:57:44.421 [memory:mongodb:schema] info: applied schema validation to test_knowledge_base

[90mstdout[2m | src/mongodb-schema.test.ts[2m > [22m[2mschema constants[2m > [22m[2mevents schema includes bi-temporal validAt + invalidAt ()
[22m[39m15:57:44.421 [memory:mongodb:schema] info: applied schema validation to test_kb_chunks

[90mstdout[2m | src/mongodb-schema.test.ts[2m > [22m[2mschema constants[2m > [22m[2mevents schema includes bi-temporal validAt + invalidAt ()
[22m[39m15:57:44.421 [memory:mongodb:schema] info: applied schema validation to test_structured_mem

[90mstdout[2m | src/mongodb-schema.test.ts[2m > [22m[2mschema constants[2m > [22m[2mevents schema includes bi-temporal validAt + invalidAt ()
[22m[39m15:57:44.421 [memory:mongodb:schema] info: applied schema validation to test_structured_mem_revisions

[90mstdout[2m | src/mongodb-schema.test.ts[2m > [22m[2mschema constants[2m > [22m[2mevents schema includes bi-temporal validAt + invalidAt ()
[22m[39m15:57:44.421 [memory:mongodb:schema] info: applied schema validation to test_procedures

[90mstdout[2m | src/mongodb-schema.test.ts[2m > [22m[2mschema constants[2m > [22m[2mevents schema includes bi-temporal validAt + invalidAt ()
[22m[39m15:57:44.421 [memory:mongodb:schema] info: applied schema validation to test_procedure_revisions

[90mstdout[2m | src/mongodb-schema.test.ts[2m > [22m[2mschema constants[2m > [22m[2mevents schema includes bi-temporal validAt + invalidAt ()
[22m[39m15:57:44.421 [memory:mongodb:schema] info: applied schema validation to test_relevance_runs

[90mstdout[2m | src/mongodb-schema.test.ts[2m > [22m[2mschema constants[2m > [22m[2mevents schema includes bi-temporal validAt + invalidAt ()
[22m[39m15:57:44.421 [memory:mongodb:schema] info: applied schema validation to test_relevance_artifacts

[90mstdout[2m | src/mongodb-schema.test.ts[2m > [22m[2mschema constants[2m > [22m[2mevents schema includes bi-temporal validAt + invalidAt ()
[22m[39m15:57:44.421 [memory:mongodb:schema] info: applied schema validation to test_relevance_regressions

[90mstdout[2m | src/mongodb-schema.test.ts[2m > [22m[2mschema constants[2m > [22m[2mevents schema includes bi-temporal validAt + invalidAt ()
[22m[39m15:57:44.421 [memory:mongodb:schema] info: applied schema validation to test_events

[90mstdout[2m | src/mongodb-schema.test.ts[2m > [22m[2mschema constants[2m > [22m[2mevents schema includes bi-temporal validAt + invalidAt ()
[22m[39m15:57:44.421 [memory:mongodb:schema] info: applied schema validation to test_entities

[90mstdout[2m | src/mongodb-schema.test.ts[2m > [22m[2mschema constants[2m > [22m[2mevents schema includes bi-temporal validAt + invalidAt ()
[22m[39m15:57:44.421 [memory:mongodb:schema] info: applied schema validation to test_relations

[90mstdout[2m | src/mongodb-schema.test.ts[2m > [22m[2mschema constants[2m > [22m[2mevents schema includes bi-temporal validAt + invalidAt ()
[22m[39m15:57:44.421 [memory:mongodb:schema] info: applied schema validation to test_entity_links

[90mstdout[2m | src/mongodb-schema.test.ts[2m > [22m[2mschema constants[2m > [22m[2mevents schema includes bi-temporal validAt + invalidAt ()
[22m[39m15:57:44.421 [memory:mongodb:schema] info: applied schema validation to test_episodes

[90mstdout[2m | src/mongodb-schema.test.ts[2m > [22m[2mschema constants[2m > [22m[2mevents schema includes bi-temporal validAt + invalidAt ()
[22m[39m15:57:44.422 [memory:mongodb:schema] info: applied schema validation to test_ingest_runs

[90mstdout[2m | src/mongodb-schema.test.ts[2m > [22m[2mschema constants[2m > [22m[2mevents schema includes bi-temporal validAt + invalidAt ()
[22m[39m15:57:44.422 [memory:mongodb:schema] info: applied schema validation to test_projection_runs

[90mstdout[2m | src/mongodb-schema.test.ts[2m > [22m[2mschema constants[2m > [22m[2mevents schema includes bi-temporal validAt + invalidAt ()
[22m[39m15:57:44.422 [memory:mongodb:schema] info: applied schema validation to test_query_cache

[90mstdout[2m | src/mongodb-schema.test.ts[2m > [22m[2mschema constants[2m > [22m[2mevents schema includes bi-temporal validAt + invalidAt ()
[22m[39m15:57:44.422 [memory:mongodb:schema] info: applied schema validation to test_memory_mutations

[90mstdout[2m | src/mongodb-schema.test.ts[2m > [22m[2mschema constants[2m > [22m[2mevents schema includes bi-temporal validAt + invalidAt ()
[22m[39m15:57:44.422 [memory:mongodb:schema] info: applied schema validation to test_recall_traces

[90mstdout[2m | src/mongodb-schema.test.ts[2m > [22m[2mschema constants[2m > [22m[2mevents schema includes bi-temporal validAt + invalidAt ()
[22m[39m15:57:44.422 [memory:mongodb:schema] info: applied schema validation to test_memory_jobs

[90mstdout[2m | src/mongodb-schema.test.ts[2m > [22m[2mschema constants[2m > [22m[2mevents schema includes bi-temporal validAt + invalidAt ()
[22m[39m15:57:44.422 [memory:mongodb:schema] info: applied schema validation to test_memory_quarantine

[90mstdout[2m | src/mongodb-schema.test.ts[2m > [22m[2mschema constants[2m > [22m[2mevents schema includes bi-temporal validAt + invalidAt ()
[22m[39m15:57:44.422 [memory:mongodb:schema] info: applied schema validation to test_files

[90mstdout[2m | src/mongodb-schema.test.ts[2m > [22m[2mschema constants[2m > [22m[2mchunks collection has polymorphic schema validation (F15)
[22m[39m15:57:44.422 [memory:mongodb:schema] info: created collection test_chunks

[90mstdout[2m | src/mongodb-schema.test.ts[2m > [22m[2mschema constants[2m > [22m[2mchunks collection has polymorphic schema validation (F15)
[22m[39m15:57:44.422 [memory:mongodb:schema] info: created collection test_files

[90mstdout[2m | src/mongodb-schema.test.ts[2m > [22m[2mschema constants[2m > [22m[2mchunks collection has polymorphic schema validation (F15)
[22m[39m15:57:44.422 [memory:mongodb:schema] info: created collection test_meta

[90mstdout[2m | src/mongodb-schema.test.ts[2m > [22m[2mschema constants[2m > [22m[2mchunks collection has polymorphic schema validation (F15)
[22m[39m15:57:44.422 [memory:mongodb:schema] info: created collection test_knowledge_base

[90mstdout[2m | src/mongodb-schema.test.ts[2m > [22m[2mschema constants[2m > [22m[2mchunks collection has polymorphic schema validation (F15)
[22m[39m15:57:44.422 [memory:mongodb:schema] info: created collection test_kb_chunks

[90mstdout[2m | src/mongodb-schema.test.ts[2m > [22m[2mschema constants[2m > [22m[2mchunks collection has polymorphic schema validation (F15)
[22m[39m15:57:44.422 [memory:mongodb:schema] info: created collection test_structured_mem

[90mstdout[2m | src/mongodb-schema.test.ts[2m > [22m[2mschema constants[2m > [22m[2mchunks collection has polymorphic schema validation (F15)
[22m[39m15:57:44.422 [memory:mongodb:schema] info: created collection test_structured_mem_revisions

[90mstdout[2m | src/mongodb-schema.test.ts[2m > [22m[2mschema constants[2m > [22m[2mchunks collection has polymorphic schema validation (F15)
[22m[39m15:57:44.422 [memory:mongodb:schema] info: created collection test_procedures

[90mstdout[2m | src/mongodb-schema.test.ts[2m > [22m[2mschema constants[2m > [22m[2mchunks collection has polymorphic schema validation (F15)
[22m[39m15:57:44.422 [memory:mongodb:schema] info: created collection test_procedure_revisions

[90mstdout[2m | src/mongodb-schema.test.ts[2m > [22m[2mschema constants[2m > [22m[2mchunks collection has polymorphic schema validation (F15)
[22m[39m15:57:44.422 [memory:mongodb:schema] info: created collection test_relevance_runs

[90mstdout[2m | src/mongodb-schema.test.ts[2m > [22m[2mschema constants[2m > [22m[2mchunks collection has polymorphic schema validation (F15)
[22m[39m15:57:44.422 [memory:mongodb:schema] info: created collection test_relevance_artifacts

[90mstdout[2m | src/mongodb-schema.test.ts[2m > [22m[2mschema constants[2m > [22m[2mchunks collection has polymorphic schema validation (F15)
[22m[39m15:57:44.422 [memory:mongodb:schema] info: created collection test_relevance_regressions

[90mstdout[2m | src/mongodb-schema.test.ts[2m > [22m[2mschema constants[2m > [22m[2mchunks collection has polymorphic schema validation (F15)
[22m[39m15:57:44.423 [memory:mongodb:schema] info: created collection test_events

[90mstdout[2m | src/mongodb-schema.test.ts[2m > [22m[2mschema constants[2m > [22m[2mchunks collection has polymorphic schema validation (F15)
[22m[39m15:57:44.423 [memory:mongodb:schema] info: created collection test_entities

[90mstdout[2m | src/mongodb-schema.test.ts[2m > [22m[2mschema constants[2m > [22m[2mchunks collection has polymorphic schema validation (F15)
[22m[39m15:57:44.424 [memory:mongodb:schema] info: created collection test_relations

[90mstdout[2m | src/mongodb-schema.test.ts[2m > [22m[2mschema constants[2m > [22m[2mchunks collection has polymorphic schema validation (F15)
[22m[39m15:57:44.424 [memory:mongodb:schema] info: created collection test_entity_links

[90mstdout[2m | src/mongodb-schema.test.ts[2m > [22m[2mschema constants[2m > [22m[2mchunks collection has polymorphic schema validation (F15)
[22m[39m15:57:44.424 [memory:mongodb:schema] info: created collection test_episodes

[90mstdout[2m | src/mongodb-schema.test.ts[2m > [22m[2mschema constants[2m > [22m[2mchunks collection has polymorphic schema validation (F15)
[22m[39m15:57:44.424 [memory:mongodb:schema] info: created collection test_ingest_runs

[90mstdout[2m | src/mongodb-schema.test.ts[2m > [22m[2mschema constants[2m > [22m[2mchunks collection has polymorphic schema validation (F15)
[22m[39m15:57:44.424 [memory:mongodb:schema] info: created collection test_projection_runs

[90mstdout[2m | src/mongodb-schema.test.ts[2m > [22m[2mschema constants[2m > [22m[2mchunks collection has polymorphic schema validation (F15)
[22m[39m15:57:44.424 [memory:mongodb:schema] info: created collection test_query_cache

[90mstdout[2m | src/mongodb-schema.test.ts[2m > [22m[2mschema constants[2m > [22m[2mchunks collection has polymorphic schema validation (F15)
[22m[39m15:57:44.424 [memory:mongodb:schema] info: created collection test_memory_mutations

[90mstdout[2m | src/mongodb-schema.test.ts[2m > [22m[2mschema constants[2m > [22m[2mchunks collection has polymorphic schema validation (F15)
[22m[39m15:57:44.424 [memory:mongodb:schema] info: created collection test_lane_coverage

[90mstdout[2m | src/mongodb-schema.test.ts[2m > [22m[2mschema constants[2m > [22m[2mchunks collection has polymorphic schema validation (F15)
[22m[39m15:57:44.424 [memory:mongodb:schema] info: created collection test_consolidation_runs

[90mstdout[2m | src/mongodb-schema.test.ts[2m > [22m[2mschema constants[2m > [22m[2mchunks collection has polymorphic schema validation (F15)
[22m[39m15:57:44.424 [memory:mongodb:schema] info: created collection test_recall_traces

[90mstdout[2m | src/mongodb-schema.test.ts[2m > [22m[2mschema constants[2m > [22m[2mchunks collection has polymorphic schema validation (F15)
[22m[39m15:57:44.424 [memory:mongodb:schema] info: created collection test_memory_jobs

[90mstdout[2m | src/mongodb-schema.test.ts[2m > [22m[2mschema constants[2m > [22m[2mchunks collection has polymorphic schema validation (F15)
[22m[39m15:57:44.424 [memory:mongodb:schema] info: created collection test_session_chunks

[90mstdout[2m | src/mongodb-schema.test.ts[2m > [22m[2mschema constants[2m > [22m[2mchunks collection has polymorphic schema validation (F15)
[22m[39m15:57:44.424 [memory:mongodb:schema] info: created collection test_memory_quarantine

[90mstdout[2m | src/mongodb-schema.test.ts[2m > [22m[2mschema constants[2m > [22m[2mchunks collection has polymorphic schema validation (F15)
[22m[39m15:57:44.424 [memory:mongodb:schema] info: created time series collection test_memory_telemetry

[90mstdout[2m | src/mongodb-schema.test.ts[2m > [22m[2mschema constants[2m > [22m[2mchunks collection has polymorphic schema validation (F15)
[22m[39m15:57:44.424 [memory:mongodb:schema] info: created telemetry collection test_memory_telemetry

[90mstdout[2m | src/mongodb-schema.test.ts[2m > [22m[2mschema constants[2m > [22m[2mchunks collection has polymorphic schema validation (F15)
[22m[39m15:57:44.424 [memory:mongodb:schema] info: created time series collection test_access_events

[90mstdout[2m | src/mongodb-schema.test.ts[2m > [22m[2mschema constants[2m > [22m[2mchunks collection has polymorphic schema validation (F15)
[22m[39m15:57:44.424 [memory:mongodb:schema] info: created access events collection test_access_events

[90mstdout[2m | src/mongodb-schema.test.ts[2m > [22m[2mschema constants[2m > [22m[2mchunks collection has polymorphic schema validation (F15)
[22m[39m15:57:44.424 [memory:mongodb:schema] info: applied schema validation to test_chunks

[90mstdout[2m | src/mongodb-schema.test.ts[2m > [22m[2mschema constants[2m > [22m[2mchunks collection has polymorphic schema validation (F15)
[22m[39m15:57:44.424 [memory:mongodb:schema] info: applied schema validation to test_knowledge_base

[90mstdout[2m | src/mongodb-schema.test.ts[2m > [22m[2mschema constants[2m > [22m[2mchunks collection has polymorphic schema validation (F15)
[22m[39m15:57:44.424 [memory:mongodb:schema] info: applied schema validation to test_kb_chunks

[90mstdout[2m | src/mongodb-schema.test.ts[2m > [22m[2mschema constants[2m > [22m[2mchunks collection has polymorphic schema validation (F15)
[22m[39m15:57:44.424 [memory:mongodb:schema] info: applied schema validation to test_structured_mem

[90mstdout[2m | src/mongodb-schema.test.ts[2m > [22m[2mschema constants[2m > [22m[2mchunks collection has polymorphic schema validation (F15)
[22m[39m15:57:44.424 [memory:mongodb:schema] info: applied schema validation to test_structured_mem_revisions

[90mstdout[2m | src/mongodb-schema.test.ts[2m > [22m[2mschema constants[2m > [22m[2mchunks collection has polymorphic schema validation (F15)
[22m[39m15:57:44.424 [memory:mongodb:schema] info: applied schema validation to test_procedures

[90mstdout[2m | src/mongodb-schema.test.ts[2m > [22m[2mschema constants[2m > [22m[2mchunks collection has polymorphic schema validation (F15)
[22m[39m15:57:44.424 [memory:mongodb:schema] info: applied schema validation to test_procedure_revisions

[90mstdout[2m | src/mongodb-schema.test.ts[2m > [22m[2mschema constants[2m > [22m[2mchunks collection has polymorphic schema validation (F15)
[22m[39m15:57:44.424 [memory:mongodb:schema] info: applied schema validation to test_relevance_runs

[90mstdout[2m | src/mongodb-schema.test.ts[2m > [22m[2mschema constants[2m > [22m[2mchunks collection has polymorphic schema validation (F15)
[22m[39m15:57:44.425 [memory:mongodb:schema] info: applied schema validation to test_relevance_artifacts

[90mstdout[2m | src/mongodb-schema.test.ts[2m > [22m[2mschema constants[2m > [22m[2mchunks collection has polymorphic schema validation (F15)
[22m[39m15:57:44.425 [memory:mongodb:schema] info: applied schema validation to test_relevance_regressions

[90mstdout[2m | src/mongodb-schema.test.ts[2m > [22m[2mschema constants[2m > [22m[2mchunks collection has polymorphic schema validation (F15)
[22m[39m15:57:44.425 [memory:mongodb:schema] info: applied schema validation to test_events

[90mstdout[2m | src/mongodb-schema.test.ts[2m > [22m[2mschema constants[2m > [22m[2mchunks collection has polymorphic schema validation (F15)
[22m[39m15:57:44.425 [memory:mongodb:schema] info: applied schema validation to test_entities

[90mstdout[2m | src/mongodb-schema.test.ts[2m > [22m[2mschema constants[2m > [22m[2mchunks collection has polymorphic schema validation (F15)
[22m[39m15:57:44.425 [memory:mongodb:schema] info: applied schema validation to test_relations

[90mstdout[2m | src/mongodb-schema.test.ts[2m > [22m[2mschema constants[2m > [22m[2mchunks collection has polymorphic schema validation (F15)
[22m[39m15:57:44.425 [memory:mongodb:schema] info: applied schema validation to test_entity_links

[90mstdout[2m | src/mongodb-schema.test.ts[2m > [22m[2mschema constants[2m > [22m[2mchunks collection has polymorphic schema validation (F15)
[22m[39m15:57:44.425 [memory:mongodb:schema] info: applied schema validation to test_episodes

[90mstdout[2m | src/mongodb-schema.test.ts[2m > [22m[2mschema constants[2m > [22m[2mchunks collection has polymorphic schema validation (F15)
[22m[39m15:57:44.425 [memory:mongodb:schema] info: applied schema validation to test_ingest_runs

[90mstdout[2m | src/mongodb-schema.test.ts[2m > [22m[2mschema constants[2m > [22m[2mchunks collection has polymorphic schema validation (F15)
[22m[39m15:57:44.425 [memory:mongodb:schema] info: applied schema validation to test_projection_runs

[90mstdout[2m | src/mongodb-schema.test.ts[2m > [22m[2mschema constants[2m > [22m[2mchunks collection has polymorphic schema validation (F15)
[22m[39m15:57:44.425 [memory:mongodb:schema] info: applied schema validation to test_query_cache

[90mstdout[2m | src/mongodb-schema.test.ts[2m > [22m[2mschema constants[2m > [22m[2mchunks collection has polymorphic schema validation (F15)
[22m[39m15:57:44.425 [memory:mongodb:schema] info: applied schema validation to test_memory_mutations

[90mstdout[2m | src/mongodb-schema.test.ts[2m > [22m[2mschema constants[2m > [22m[2mchunks collection has polymorphic schema validation (F15)
[22m[39m15:57:44.425 [memory:mongodb:schema] info: applied schema validation to test_recall_traces

[90mstdout[2m | src/mongodb-schema.test.ts[2m > [22m[2mschema constants[2m > [22m[2mchunks collection has polymorphic schema validation (F15)
[22m[39m15:57:44.425 [memory:mongodb:schema] info: applied schema validation to test_memory_jobs

[90mstdout[2m | src/mongodb-schema.test.ts[2m > [22m[2mschema constants[2m > [22m[2mchunks collection has polymorphic schema validation (F15)
[22m[39m15:57:44.425 [memory:mongodb:schema] info: applied schema validation to test_memory_quarantine

[90mstdout[2m | src/mongodb-schema.test.ts[2m > [22m[2mschema constants[2m > [22m[2mchunks collection has polymorphic schema validation (F15)
[22m[39m15:57:44.425 [memory:mongodb:schema] info: applied schema validation to test_files

[90mstdout[2m | src/mongodb-schema.test.ts[2m > [22m[2mensureCollections[2m > [22m[2mcreates all collections when none exist, including both time series collections
[22m[39m15:57:44.426 [memory:mongodb:schema] info: created collection test_chunks

[90mstdout[2m | src/mongodb-schema.test.ts[2m > [22m[2mensureCollections[2m > [22m[2mcreates all collections when none exist, including both time series collections
[22m[39m15:57:44.426 [memory:mongodb:schema] info: created collection test_files

[90mstdout[2m | src/mongodb-schema.test.ts[2m > [22m[2mensureCollections[2m > [22m[2mcreates all collections when none exist, including both time series collections
[22m[39m15:57:44.426 [memory:mongodb:schema] info: created collection test_meta

[90mstdout[2m | src/mongodb-schema.test.ts[2m > [22m[2mensureCollections[2m > [22m[2mcreates all collections when none exist, including both time series collections
[22m[39m15:57:44.426 [memory:mongodb:schema] info: created collection test_knowledge_base

[90mstdout[2m | src/mongodb-schema.test.ts[2m > [22m[2mensureCollections[2m > [22m[2mcreates all collections when none exist, including both time series collections
[22m[39m15:57:44.426 [memory:mongodb:schema] info: created collection test_kb_chunks

[90mstdout[2m | src/mongodb-schema.test.ts[2m > [22m[2mensureCollections[2m > [22m[2mcreates all collections when none exist, including both time series collections
[22m[39m15:57:44.426 [memory:mongodb:schema] info: created collection test_structured_mem

[90mstdout[2m | src/mongodb-schema.test.ts[2m > [22m[2mensureCollections[2m > [22m[2mcreates all collections when none exist, including both time series collections
[22m[39m15:57:44.426 [memory:mongodb:schema] info: created collection test_structured_mem_revisions

[90mstdout[2m | src/mongodb-schema.test.ts[2m > [22m[2mensureCollections[2m > [22m[2mcreates all collections when none exist, including both time series collections
[22m[39m15:57:44.426 [memory:mongodb:schema] info: created collection test_procedures

[90mstdout[2m | src/mongodb-schema.test.ts[2m > [22m[2mensureCollections[2m > [22m[2mcreates all collections when none exist, including both time series collections
[22m[39m15:57:44.426 [memory:mongodb:schema] info: created collection test_procedure_revisions

[90mstdout[2m | src/mongodb-schema.test.ts[2m > [22m[2mensureCollections[2m > [22m[2mcreates all collections when none exist, including both time series collections
[22m[39m15:57:44.426 [memory:mongodb:schema] info: created collection test_relevance_runs

[90mstdout[2m | src/mongodb-schema.test.ts[2m > [22m[2mensureCollections[2m > [22m[2mcreates all collections when none exist, including both time series collections
[22m[39m15:57:44.426 [memory:mongodb:schema] info: created collection test_relevance_artifacts

[90mstdout[2m | src/mongodb-schema.test.ts[2m > [22m[2mensureCollections[2m > [22m[2mcreates all collections when none exist, including both time series collections
[22m[39m15:57:44.426 [memory:mongodb:schema] info: created collection test_relevance_regressions

[90mstdout[2m | src/mongodb-schema.test.ts[2m > [22m[2mensureCollections[2m > [22m[2mcreates all collections when none exist, including both time series collections
[22m[39m15:57:44.426 [memory:mongodb:schema] info: created collection test_events

[90mstdout[2m | src/mongodb-schema.test.ts[2m > [22m[2mensureCollections[2m > [22m[2mcreates all collections when none exist, including both time series collections
[22m[39m15:57:44.426 [memory:mongodb:schema] info: created collection test_entities

[90mstdout[2m | src/mongodb-schema.test.ts[2m > [22m[2mensureCollections[2m > [22m[2mcreates all collections when none exist, including both time series collections
[22m[39m15:57:44.426 [memory:mongodb:schema] info: created collection test_relations

[90mstdout[2m | src/mongodb-schema.test.ts[2m > [22m[2mensureCollections[2m > [22m[2mcreates all collections when none exist, including both time series collections
[22m[39m15:57:44.426 [memory:mongodb:schema] info: created collection test_entity_links

[90mstdout[2m | src/mongodb-schema.test.ts[2m > [22m[2mensureCollections[2m > [22m[2mcreates all collections when none exist, including both time series collections
[22m[39m15:57:44.427 [memory:mongodb:schema] info: created collection test_episodes

[90mstdout[2m | src/mongodb-schema.test.ts[2m > [22m[2mensureCollections[2m > [22m[2mcreates all collections when none exist, including both time series collections
[22m[39m15:57:44.427 [memory:mongodb:schema] info: created collection test_ingest_runs

[90mstdout[2m | src/mongodb-schema.test.ts[2m > [22m[2mensureCollections[2m > [22m[2mcreates all collections when none exist, including both time series collections
[22m[39m15:57:44.427 [memory:mongodb:schema] info: created collection test_projection_runs

[90mstdout[2m | src/mongodb-schema.test.ts[2m > [22m[2mensureCollections[2m > [22m[2mcreates all collections when none exist, including both time series collections
[22m[39m15:57:44.427 [memory:mongodb:schema] info: created collection test_query_cache

[90mstdout[2m | src/mongodb-schema.test.ts[2m > [22m[2mensureCollections[2m > [22m[2mcreates all collections when none exist, including both time series collections
[22m[39m15:57:44.427 [memory:mongodb:schema] info: created collection test_memory_mutations

[90mstdout[2m | src/mongodb-schema.test.ts[2m > [22m[2mensureCollections[2m > [22m[2mcreates all collections when none exist, including both time series collections
[22m[39m15:57:44.427 [memory:mongodb:schema] info: created collection test_lane_coverage

[90mstdout[2m | src/mongodb-schema.test.ts[2m > [22m[2mensureCollections[2m > [22m[2mcreates all collections when none exist, including both time series collections
[22m[39m15:57:44.427 [memory:mongodb:schema] info: created collection test_consolidation_runs

[90mstdout[2m | src/mongodb-schema.test.ts[2m > [22m[2mensureCollections[2m > [22m[2mcreates all collections when none exist, including both time series collections
[22m[39m15:57:44.427 [memory:mongodb:schema] info: created collection test_recall_traces

[90mstdout[2m | src/mongodb-schema.test.ts[2m > [22m[2mensureCollections[2m > [22m[2mcreates all collections when none exist, including both time series collections
[22m[39m15:57:44.427 [memory:mongodb:schema] info: created collection test_memory_jobs

[90mstdout[2m | src/mongodb-schema.test.ts[2m > [22m[2mensureCollections[2m > [22m[2mcreates all collections when none exist, including both time series collections
[22m[39m15:57:44.427 [memory:mongodb:schema] info: created collection test_session_chunks

[90mstdout[2m | src/mongodb-schema.test.ts[2m > [22m[2mensureCollections[2m > [22m[2mcreates all collections when none exist, including both time series collections
[22m[39m15:57:44.427 [memory:mongodb:schema] info: created collection test_memory_quarantine

[90mstdout[2m | src/mongodb-schema.test.ts[2m > [22m[2mensureCollections[2m > [22m[2mcreates all collections when none exist, including both time series collections
[22m[39m15:57:44.427 [memory:mongodb:schema] info: created time series collection test_memory_telemetry

[90mstdout[2m | src/mongodb-schema.test.ts[2m > [22m[2mensureCollections[2m > [22m[2mcreates all collections when none exist, including both time series collections
[22m[39m15:57:44.427 [memory:mongodb:schema] info: created telemetry collection test_memory_telemetry

[90mstdout[2m | src/mongodb-schema.test.ts[2m > [22m[2mensureCollections[2m > [22m[2mcreates all collections when none exist, including both time series collections
[22m[39m15:57:44.427 [memory:mongodb:schema] info: created time series collection test_access_events

[90mstdout[2m | src/mongodb-schema.test.ts[2m > [22m[2mensureCollections[2m > [22m[2mcreates all collections when none exist, including both time series collections
[22m[39m15:57:44.427 [memory:mongodb:schema] info: created access events collection test_access_events

[90mstdout[2m | src/mongodb-schema.test.ts[2m > [22m[2mensureCollections[2m > [22m[2mcreates all collections when none exist, including both time series collections
[22m[39m15:57:44.427 [memory:mongodb:schema] info: applied schema validation to test_chunks

[90mstdout[2m | src/mongodb-schema.test.ts[2m > [22m[2mensureCollections[2m > [22m[2mcreates all collections when none exist, including both time series collections
[22m[39m15:57:44.427 [memory:mongodb:schema] info: applied schema validation to test_knowledge_base

[90mstdout[2m | src/mongodb-schema.test.ts[2m > [22m[2mensureCollections[2m > [22m[2mcreates all collections when none exist, including both time series collections
[22m[39m15:57:44.428 [memory:mongodb:schema] info: applied schema validation to test_kb_chunks

[90mstdout[2m | src/mongodb-schema.test.ts[2m > [22m[2mensureCollections[2m > [22m[2mcreates all collections when none exist, including both time series collections
[22m[39m15:57:44.428 [memory:mongodb:schema] info: applied schema validation to test_structured_mem

[90mstdout[2m | src/mongodb-schema.test.ts[2m > [22m[2mensureCollections[2m > [22m[2mcreates all collections when none exist, including both time series collections
[22m[39m15:57:44.428 [memory:mongodb:schema] info: applied schema validation to test_structured_mem_revisions

[90mstdout[2m | src/mongodb-schema.test.ts[2m > [22m[2mensureCollections[2m > [22m[2mcreates all collections when none exist, including both time series collections
[22m[39m15:57:44.428 [memory:mongodb:schema] info: applied schema validation to test_procedures

[90mstdout[2m | src/mongodb-schema.test.ts[2m > [22m[2mensureCollections[2m > [22m[2mcreates all collections when none exist, including both time series collections
[22m[39m15:57:44.428 [memory:mongodb:schema] info: applied schema validation to test_procedure_revisions

[90mstdout[2m | src/mongodb-schema.test.ts[2m > [22m[2mensureCollections[2m > [22m[2mcreates all collections when none exist, including both time series collections
[22m[39m15:57:44.428 [memory:mongodb:schema] info: applied schema validation to test_relevance_runs

[90mstdout[2m | src/mongodb-schema.test.ts[2m > [22m[2mensureCollections[2m > [22m[2mcreates all collections when none exist, including both time series collections
[22m[39m15:57:44.428 [memory:mongodb:schema] info: applied schema validation to test_relevance_artifacts

[90mstdout[2m | src/mongodb-schema.test.ts[2m > [22m[2mensureCollections[2m > [22m[2mcreates all collections when none exist, including both time series collections
[22m[39m15:57:44.428 [memory:mongodb:schema] info: applied schema validation to test_relevance_regressions

[90mstdout[2m | src/mongodb-schema.test.ts[2m > [22m[2mensureCollections[2m > [22m[2mcreates all collections when none exist, including both time series collections
[22m[39m15:57:44.428 [memory:mongodb:schema] info: applied schema validation to test_events

[90mstdout[2m | src/mongodb-schema.test.ts[2m > [22m[2mensureCollections[2m > [22m[2mcreates all collections when none exist, including both time series collections
[22m[39m15:57:44.428 [memory:mongodb:schema] info: applied schema validation to test_entities

[90mstdout[2m | src/mongodb-schema.test.ts[2m > [22m[2mensureCollections[2m > [22m[2mcreates all collections when none exist, including both time series collections
[22m[39m15:57:44.428 [memory:mongodb:schema] info: applied schema validation to test_relations

[90mstdout[2m | src/mongodb-schema.test.ts[2m > [22m[2mensureCollections[2m > [22m[2mcreates all collections when none exist, including both time series collections
[22m[39m15:57:44.428 [memory:mongodb:schema] info: applied schema validation to test_entity_links

[90mstdout[2m | src/mongodb-schema.test.ts[2m > [22m[2mensureCollections[2m > [22m[2mcreates all collections when none exist, including both time series collections
[22m[39m15:57:44.428 [memory:mongodb:schema] info: applied schema validation to test_episodes

[90mstdout[2m | src/mongodb-schema.test.ts[2m > [22m[2mensureCollections[2m > [22m[2mcreates all collections when none exist, including both time series collections
[22m[39m15:57:44.428 [memory:mongodb:schema] info: applied schema validation to test_ingest_runs

[90mstdout[2m | src/mongodb-schema.test.ts[2m > [22m[2mensureCollections[2m > [22m[2mcreates all collections when none exist, including both time series collections
[22m[39m15:57:44.428 [memory:mongodb:schema] info: applied schema validation to test_projection_runs

[90mstdout[2m | src/mongodb-schema.test.ts[2m > [22m[2mensureCollections[2m > [22m[2mcreates all collections when none exist, including both time series collections
[22m[39m15:57:44.428 [memory:mongodb:schema] info: applied schema validation to test_query_cache

[90mstdout[2m | src/mongodb-schema.test.ts[2m > [22m[2mensureCollections[2m > [22m[2mcreates all collections when none exist, including both time series collections
[22m[39m15:57:44.428 [memory:mongodb:schema] info: applied schema validation to test_memory_mutations

[90mstdout[2m | src/mongodb-schema.test.ts[2m > [22m[2mensureCollections[2m > [22m[2mcreates all collections when none exist, including both time series collections
[22m[39m15:57:44.428 [memory:mongodb:schema] info: applied schema validation to test_recall_traces

[90mstdout[2m | src/mongodb-schema.test.ts[2m > [22m[2mensureCollections[2m > [22m[2mcreates all collections when none exist, including both time series collections
[22m[39m15:57:44.428 [memory:mongodb:schema] info: applied schema validation to test_memory_jobs

[90mstdout[2m | src/mongodb-schema.test.ts[2m > [22m[2mensureCollections[2m > [22m[2mcreates all collections when none exist, including both time series collections
[22m[39m15:57:44.428 [memory:mongodb:schema] info: applied schema validation to test_memory_quarantine

[90mstdout[2m | src/mongodb-schema.test.ts[2m > [22m[2mensureCollections[2m > [22m[2mcreates all collections when none exist, including both time series collections
[22m[39m15:57:44.428 [memory:mongodb:schema] info: applied schema validation to test_files

[90mstdout[2m | src/mongodb-schema.test.ts[2m > [22m[2mensureCollections[2m > [22m[2mcreates memory_evidence only when the evidence mirror is enabled
[22m[39m15:57:44.430 [memory:mongodb:schema] info: created collection test_chunks

[90mstdout[2m | src/mongodb-schema.test.ts[2m > [22m[2mensureCollections[2m > [22m[2mcreates memory_evidence only when the evidence mirror is enabled
[22m[39m15:57:44.432 [memory:mongodb:schema] info: created collection test_files

[90mstdout[2m | src/mongodb-schema.test.ts[2m > [22m[2mensureCollections[2m > [22m[2mcreates memory_evidence only when the evidence mirror is enabled
[22m[39m15:57:44.432 [memory:mongodb:schema] info: created collection test_meta

[90mstdout[2m | src/mongodb-schema.test.ts[2m > [22m[2mensureCollections[2m > [22m[2mcreates memory_evidence only when the evidence mirror is enabled
[22m[39m15:57:44.432 [memory:mongodb:schema] info: created collection test_knowledge_base

[90mstdout[2m | src/mongodb-schema.test.ts[2m > [22m[2mensureCollections[2m > [22m[2mcreates memory_evidence only when the evidence mirror is enabled
[22m[39m15:57:44.432 [memory:mongodb:schema] info: created collection test_kb_chunks

[90mstdout[2m | src/mongodb-schema.test.ts[2m > [22m[2mensureCollections[2m > [22m[2mcreates memory_evidence only when the evidence mirror is enabled
[22m[39m15:57:44.432 [memory:mongodb:schema] info: created collection test_structured_mem

[90mstdout[2m | src/mongodb-schema.test.ts[2m > [22m[2mensureCollections[2m > [22m[2mcreates memory_evidence only when the evidence mirror is enabled
[22m[39m15:57:44.432 [memory:mongodb:schema] info: created collection test_structured_mem_revisions

[90mstdout[2m | src/mongodb-schema.test.ts[2m > [22m[2mensureCollections[2m > [22m[2mcreates memory_evidence only when the evidence mirror is enabled
[22m[39m15:57:44.432 [memory:mongodb:schema] info: created collection test_procedures

[90mstdout[2m | src/mongodb-schema.test.ts[2m > [22m[2mensureCollections[2m > [22m[2mcreates memory_evidence only when the evidence mirror is enabled
[22m[39m15:57:44.432 [memory:mongodb:schema] info: created collection test_procedure_revisions

[90mstdout[2m | src/mongodb-schema.test.ts[2m > [22m[2mensureCollections[2m > [22m[2mcreates memory_evidence only when the evidence mirror is enabled
[22m[39m15:57:44.432 [memory:mongodb:schema] info: created collection test_relevance_runs

[90mstdout[2m | src/mongodb-schema.test.ts[2m > [22m[2mensureCollections[2m > [22m[2mcreates memory_evidence only when the evidence mirror is enabled
[22m[39m15:57:44.432 [memory:mongodb:schema] info: created collection test_relevance_artifacts

[90mstdout[2m | src/mongodb-schema.test.ts[2m > [22m[2mensureCollections[2m > [22m[2mcreates memory_evidence only when the evidence mirror is enabled
[22m[39m15:57:44.432 [memory:mongodb:schema] info: created collection test_relevance_regressions

[90mstdout[2m | src/mongodb-schema.test.ts[2m > [22m[2mensureCollections[2m > [22m[2mcreates memory_evidence only when the evidence mirror is enabled
[22m[39m15:57:44.432 [memory:mongodb:schema] info: created collection test_events

[90mstdout[2m | src/mongodb-schema.test.ts[2m > [22m[2mensureCollections[2m > [22m[2mcreates memory_evidence only when the evidence mirror is enabled
[22m[39m15:57:44.432 [memory:mongodb:schema] info: created collection test_entities

[90mstdout[2m | src/mongodb-schema.test.ts[2m > [22m[2mensureCollections[2m > [22m[2mcreates memory_evidence only when the evidence mirror is enabled
[22m[39m15:57:44.432 [memory:mongodb:schema] info: created collection test_relations

[90mstdout[2m | src/mongodb-schema.test.ts[2m > [22m[2mensureCollections[2m > [22m[2mcreates memory_evidence only when the evidence mirror is enabled
[22m[39m15:57:44.432 [memory:mongodb:schema] info: created collection test_entity_links

[90mstdout[2m | src/mongodb-schema.test.ts[2m > [22m[2mensureCollections[2m > [22m[2mcreates memory_evidence only when the evidence mirror is enabled
[22m[39m15:57:44.432 [memory:mongodb:schema] info: created collection test_episodes

[90mstdout[2m | src/mongodb-schema.test.ts[2m > [22m[2mensureCollections[2m > [22m[2mcreates memory_evidence only when the evidence mirror is enabled
[22m[39m15:57:44.432 [memory:mongodb:schema] info: created collection test_ingest_runs

[90mstdout[2m | src/mongodb-schema.test.ts[2m > [22m[2mensureCollections[2m > [22m[2mcreates memory_evidence only when the evidence mirror is enabled
[22m[39m15:57:44.433 [memory:mongodb:schema] info: created collection test_projection_runs

[90mstdout[2m | src/mongodb-schema.test.ts[2m > [22m[2mensureCollections[2m > [22m[2mcreates memory_evidence only when the evidence mirror is enabled
[22m[39m15:57:44.433 [memory:mongodb:schema] info: created collection test_query_cache

[90mstdout[2m | src/mongodb-schema.test.ts[2m > [22m[2mensureCollections[2m > [22m[2mcreates memory_evidence only when the evidence mirror is enabled
[22m[39m15:57:44.433 [memory:mongodb:schema] info: created collection test_memory_mutations

[90mstdout[2m | src/mongodb-schema.test.ts[2m > [22m[2mensureCollections[2m > [22m[2mcreates memory_evidence only when the evidence mirror is enabled
[22m[39m15:57:44.433 [memory:mongodb:schema] info: created collection test_lane_coverage

[90mstdout[2m | src/mongodb-schema.test.ts[2m > [22m[2mensureCollections[2m > [22m[2mcreates memory_evidence only when the evidence mirror is enabled
[22m[39m15:57:44.433 [memory:mongodb:schema] info: created collection test_consolidation_runs

[90mstdout[2m | src/mongodb-schema.test.ts[2m > [22m[2mensureCollections[2m > [22m[2mcreates memory_evidence only when the evidence mirror is enabled
[22m[39m15:57:44.433 [memory:mongodb:schema] info: created collection test_recall_traces

[90mstdout[2m | src/mongodb-schema.test.ts[2m > [22m[2mensureCollections[2m > [22m[2mcreates memory_evidence only when the evidence mirror is enabled
[22m[39m15:57:44.433 [memory:mongodb:schema] info: created collection test_memory_jobs

[90mstdout[2m | src/mongodb-schema.test.ts[2m > [22m[2mensureCollections[2m > [22m[2mcreates memory_evidence only when the evidence mirror is enabled
[22m[39m15:57:44.433 [memory:mongodb:schema] info: created collection test_session_chunks

[90mstdout[2m | src/mongodb-schema.test.ts[2m > [22m[2mensureCollections[2m > [22m[2mcreates memory_evidence only when the evidence mirror is enabled
[22m[39m15:57:44.433 [memory:mongodb:schema] info: created collection test_memory_quarantine

[90mstdout[2m | src/mongodb-schema.test.ts[2m > [22m[2mensureCollections[2m > [22m[2mcreates memory_evidence only when the evidence mirror is enabled
[22m[39m15:57:44.433 [memory:mongodb:schema] info: created collection test_memory_evidence

[90mstdout[2m | src/mongodb-schema.test.ts[2m > [22m[2mensureCollections[2m > [22m[2mcreates memory_evidence only when the evidence mirror is enabled
[22m[39m15:57:44.433 [memory:mongodb:schema] info: created time series collection test_memory_telemetry

[90mstdout[2m | src/mongodb-schema.test.ts[2m > [22m[2mensureCollections[2m > [22m[2mcreates memory_evidence only when the evidence mirror is enabled
[22m[39m15:57:44.433 [memory:mongodb:schema] info: created telemetry collection test_memory_telemetry

[90mstdout[2m | src/mongodb-schema.test.ts[2m > [22m[2mensureCollections[2m > [22m[2mcreates memory_evidence only when the evidence mirror is enabled
[22m[39m15:57:44.433 [memory:mongodb:schema] info: created time series collection test_access_events

[90mstdout[2m | src/mongodb-schema.test.ts[2m > [22m[2mensureCollections[2m > [22m[2mcreates memory_evidence only when the evidence mirror is enabled
[22m[39m15:57:44.433 [memory:mongodb:schema] info: created access events collection test_access_events

[90mstdout[2m | src/mongodb-schema.test.ts[2m > [22m[2mensureCollections[2m > [22m[2mcreates memory_evidence only when the evidence mirror is enabled
[22m[39m15:57:44.433 [memory:mongodb:schema] info: applied schema validation to test_chunks

[90mstdout[2m | src/mongodb-schema.test.ts[2m > [22m[2mensureCollections[2m > [22m[2mcreates memory_evidence only when the evidence mirror is enabled
[22m[39m15:57:44.433 [memory:mongodb:schema] info: applied schema validation to test_knowledge_base

[90mstdout[2m | src/mongodb-schema.test.ts[2m > [22m[2mensureCollections[2m > [22m[2mcreates memory_evidence only when the evidence mirror is enabled
[22m[39m15:57:44.433 [memory:mongodb:schema] info: applied schema validation to test_kb_chunks

[90mstdout[2m | src/mongodb-schema.test.ts[2m > [22m[2mensureCollections[2m > [22m[2mcreates memory_evidence only when the evidence mirror is enabled
[22m[39m15:57:44.433 [memory:mongodb:schema] info: applied schema validation to test_structured_mem

[90mstdout[2m | src/mongodb-schema.test.ts[2m > [22m[2mensureCollections[2m > [22m[2mcreates memory_evidence only when the evidence mirror is enabled
[22m[39m15:57:44.433 [memory:mongodb:schema] info: applied schema validation to test_structured_mem_revisions

[90mstdout[2m | src/mongodb-schema.test.ts[2m > [22m[2mensureCollections[2m > [22m[2mcreates memory_evidence only when the evidence mirror is enabled
[22m[39m15:57:44.433 [memory:mongodb:schema] info: applied schema validation to test_procedures

[90mstdout[2m | src/mongodb-schema.test.ts[2m > [22m[2mensureCollections[2m > [22m[2mcreates memory_evidence only when the evidence mirror is enabled
[22m[39m15:57:44.433 [memory:mongodb:schema] info: applied schema validation to test_procedure_revisions

[90mstdout[2m | src/mongodb-schema.test.ts[2m > [22m[2mensureCollections[2m > [22m[2mcreates memory_evidence only when the evidence mirror is enabled
[22m[39m15:57:44.433 [memory:mongodb:schema] info: applied schema validation to test_relevance_runs

[90mstdout[2m | src/mongodb-schema.test.ts[2m > [22m[2mensureCollections[2m > [22m[2mcreates memory_evidence only when the evidence mirror is enabled
[22m[39m15:57:44.433 [memory:mongodb:schema] info: applied schema validation to test_relevance_artifacts

[90mstdout[2m | src/mongodb-schema.test.ts[2m > [22m[2mensureCollections[2m > [22m[2mcreates memory_evidence only when the evidence mirror is enabled
[22m[39m15:57:44.433 [memory:mongodb:schema] info: applied schema validation to test_relevance_regressions

[90mstdout[2m | src/mongodb-schema.test.ts[2m > [22m[2mensureCollections[2m > [22m[2mcreates memory_evidence only when the evidence mirror is enabled
[22m[39m15:57:44.433 [memory:mongodb:schema] info: applied schema validation to test_events

[90mstdout[2m | src/mongodb-schema.test.ts[2m > [22m[2mensureCollections[2m > [22m[2mcreates memory_evidence only when the evidence mirror is enabled
[22m[39m15:57:44.433 [memory:mongodb:schema] info: applied schema validation to test_entities

[90mstdout[2m | src/mongodb-schema.test.ts[2m > [22m[2mensureCollections[2m > [22m[2mcreates memory_evidence only when the evidence mirror is enabled
[22m[39m15:57:44.433 [memory:mongodb:schema] info: applied schema validation to test_relations

[90mstdout[2m | src/mongodb-schema.test.ts[2m > [22m[2mensureCollections[2m > [22m[2mcreates memory_evidence only when the evidence mirror is enabled
[22m[39m15:57:44.433 [memory:mongodb:schema] info: applied schema validation to test_entity_links

[90mstdout[2m | src/mongodb-schema.test.ts[2m > [22m[2mensureCollections[2m > [22m[2mcreates memory_evidence only when the evidence mirror is enabled
[22m[39m15:57:44.433 [memory:mongodb:schema] info: applied schema validation to test_episodes

[90mstdout[2m | src/mongodb-schema.test.ts[2m > [22m[2mensureCollections[2m > [22m[2mcreates memory_evidence only when the evidence mirror is enabled
[22m[39m15:57:44.433 [memory:mongodb:schema] info: applied schema validation to test_ingest_runs

[90mstdout[2m | src/mongodb-schema.test.ts[2m > [22m[2mensureCollections[2m > [22m[2mcreates memory_evidence only when the evidence mirror is enabled
[22m[39m15:57:44.433 [memory:mongodb:schema] info: applied schema validation to test_projection_runs

[90mstdout[2m | src/mongodb-schema.test.ts[2m > [22m[2mensureCollections[2m > [22m[2mcreates memory_evidence only when the evidence mirror is enabled
[22m[39m15:57:44.434 [memory:mongodb:schema] info: applied schema validation to test_query_cache

[90mstdout[2m | src/mongodb-schema.test.ts[2m > [22m[2mensureCollections[2m > [22m[2mcreates memory_evidence only when the evidence mirror is enabled
[22m[39m15:57:44.434 [memory:mongodb:schema] info: applied schema validation to test_memory_mutations

[90mstdout[2m | src/mongodb-schema.test.ts[2m > [22m[2mensureCollections[2m > [22m[2mcreates memory_evidence only when the evidence mirror is enabled
[22m[39m15:57:44.434 [memory:mongodb:schema] info: applied schema validation to test_recall_traces

[90mstdout[2m | src/mongodb-schema.test.ts[2m > [22m[2mensureCollections[2m > [22m[2mcreates memory_evidence only when the evidence mirror is enabled
[22m[39m15:57:44.434 [memory:mongodb:schema] info: applied schema validation to test_memory_jobs

[90mstdout[2m | src/mongodb-schema.test.ts[2m > [22m[2mensureCollections[2m > [22m[2mcreates memory_evidence only when the evidence mirror is enabled
[22m[39m15:57:44.434 [memory:mongodb:schema] info: applied schema validation to test_memory_quarantine

[90mstdout[2m | src/mongodb-schema.test.ts[2m > [22m[2mensureCollections[2m > [22m[2mcreates memory_evidence only when the evidence mirror is enabled
[22m[39m15:57:44.434 [memory:mongodb:schema] info: applied schema validation to test_memory_evidence

[90mstdout[2m | src/mongodb-schema.test.ts[2m > [22m[2mensureCollections[2m > [22m[2mcreates memory_evidence only when the evidence mirror is enabled
[22m[39m15:57:44.434 [memory:mongodb:schema] info: applied schema validation to test_files

[90mstdout[2m | src/mongodb-schema.test.ts[2m > [22m[2mensureCollections[2m > [22m[2mdoes not refresh memory_evidence validation when the evidence mirror is disabled
[22m[39m15:57:44.435 [memory:mongodb:schema] info: created collection test_chunks

[90mstdout[2m | src/mongodb-schema.test.ts[2m > [22m[2mensureCollections[2m > [22m[2mdoes not refresh memory_evidence validation when the evidence mirror is disabled
[22m[39m15:57:44.436 [memory:mongodb:schema] info: created collection test_files

[90mstdout[2m | src/mongodb-schema.test.ts[2m > [22m[2mensureCollections[2m > [22m[2mdoes not refresh memory_evidence validation when the evidence mirror is disabled
[22m[39m15:57:44.436 [memory:mongodb:schema] info: created collection test_meta

[90mstdout[2m | src/mongodb-schema.test.ts[2m > [22m[2mensureCollections[2m > [22m[2mdoes not refresh memory_evidence validation when the evidence mirror is disabled
[22m[39m15:57:44.436 [memory:mongodb:schema] info: created collection test_knowledge_base

[90mstdout[2m | src/mongodb-schema.test.ts[2m > [22m[2mensureCollections[2m > [22m[2mdoes not refresh memory_evidence validation when the evidence mirror is disabled
[22m[39m15:57:44.436 [memory:mongodb:schema] info: created collection test_kb_chunks

[90mstdout[2m | src/mongodb-schema.test.ts[2m > [22m[2mensureCollections[2m > [22m[2mdoes not refresh memory_evidence validation when the evidence mirror is disabled
[22m[39m15:57:44.436 [memory:mongodb:schema] info: created collection test_structured_mem

[90mstdout[2m | src/mongodb-schema.test.ts[2m > [22m[2mensureCollections[2m > [22m[2mdoes not refresh memory_evidence validation when the evidence mirror is disabled
[22m[39m15:57:44.436 [memory:mongodb:schema] info: created collection test_structured_mem_revisions

[90mstdout[2m | src/mongodb-schema.test.ts[2m > [22m[2mensureCollections[2m > [22m[2mdoes not refresh memory_evidence validation when the evidence mirror is disabled
[22m[39m15:57:44.437 [memory:mongodb:schema] info: created collection test_procedures

[90mstdout[2m | src/mongodb-schema.test.ts[2m > [22m[2mensureCollections[2m > [22m[2mdoes not refresh memory_evidence validation when the evidence mirror is disabled
[22m[39m15:57:44.437 [memory:mongodb:schema] info: created collection test_procedure_revisions

[90mstdout[2m | src/mongodb-schema.test.ts[2m > [22m[2mensureCollections[2m > [22m[2mdoes not refresh memory_evidence validation when the evidence mirror is disabled
[22m[39m15:57:44.437 [memory:mongodb:schema] info: created collection test_relevance_runs

[90mstdout[2m | src/mongodb-schema.test.ts[2m > [22m[2mensureCollections[2m > [22m[2mdoes not refresh memory_evidence validation when the evidence mirror is disabled
[22m[39m15:57:44.438 [memory:mongodb:schema] info: created collection test_relevance_artifacts

[90mstdout[2m | src/mongodb-schema.test.ts[2m > [22m[2mensureCollections[2m > [22m[2mdoes not refresh memory_evidence validation when the evidence mirror is disabled
[22m[39m15:57:44.438 [memory:mongodb:schema] info: created collection test_relevance_regressions

[90mstdout[2m | src/mongodb-schema.test.ts[2m > [22m[2mensureCollections[2m > [22m[2mdoes not refresh memory_evidence validation when the evidence mirror is disabled
[22m[39m15:57:44.438 [memory:mongodb:schema] info: created collection test_events

[90mstdout[2m | src/mongodb-schema.test.ts[2m > [22m[2mensureCollections[2m > [22m[2mdoes not refresh memory_evidence validation when the evidence mirror is disabled
[22m[39m15:57:44.438 [memory:mongodb:schema] info: created collection test_entities

[90mstdout[2m | src/mongodb-schema.test.ts[2m > [22m[2mensureCollections[2m > [22m[2mdoes not refresh memory_evidence validation when the evidence mirror is disabled
[22m[39m15:57:44.438 [memory:mongodb:schema] info: created collection test_relations

[90mstdout[2m | src/mongodb-schema.test.ts[2m > [22m[2mensureCollections[2m > [22m[2mdoes not refresh memory_evidence validation when the evidence mirror is disabled
[22m[39m15:57:44.438 [memory:mongodb:schema] info: created collection test_entity_links

[90mstdout[2m | src/mongodb-schema.test.ts[2m > [22m[2mensureCollections[2m > [22m[2mdoes not refresh memory_evidence validation when the evidence mirror is disabled
[22m[39m15:57:44.438 [memory:mongodb:schema] info: created collection test_episodes

[90mstdout[2m | src/mongodb-schema.test.ts[2m > [22m[2mensureCollections[2m > [22m[2mdoes not refresh memory_evidence validation when the evidence mirror is disabled
[22m[39m15:57:44.438 [memory:mongodb:schema] info: created collection test_ingest_runs

[90mstdout[2m | src/mongodb-schema.test.ts[2m > [22m[2mensureCollections[2m > [22m[2mdoes not refresh memory_evidence validation when the evidence mirror is disabled
[22m[39m15:57:44.438 [memory:mongodb:schema] info: created collection test_projection_runs

[90mstdout[2m | src/mongodb-schema.test.ts[2m > [22m[2mensureCollections[2m > [22m[2mdoes not refresh memory_evidence validation when the evidence mirror is disabled
[22m[39m15:57:44.438 [memory:mongodb:schema] info: created collection test_query_cache

[90mstdout[2m | src/mongodb-schema.test.ts[2m > [22m[2mensureCollections[2m > [22m[2mdoes not refresh memory_evidence validation when the evidence mirror is disabled
[22m[39m15:57:44.438 [memory:mongodb:schema] info: created collection test_memory_mutations

[90mstdout[2m | src/mongodb-schema.test.ts[2m > [22m[2mensureCollections[2m > [22m[2mdoes not refresh memory_evidence validation when the evidence mirror is disabled
[22m[39m15:57:44.438 [memory:mongodb:schema] info: created collection test_lane_coverage

[90mstdout[2m | src/mongodb-schema.test.ts[2m > [22m[2mensureCollections[2m > [22m[2mdoes not refresh memory_evidence validation when the evidence mirror is disabled
[22m[39m15:57:44.439 [memory:mongodb:schema] info: created collection test_consolidation_runs

[90mstdout[2m | src/mongodb-schema.test.ts[2m > [22m[2mensureCollections[2m > [22m[2mdoes not refresh memory_evidence validation when the evidence mirror is disabled
[22m[39m15:57:44.439 [memory:mongodb:schema] info: created collection test_recall_traces

[90mstdout[2m | src/mongodb-schema.test.ts[2m > [22m[2mensureCollections[2m > [22m[2mdoes not refresh memory_evidence validation when the evidence mirror is disabled
[22m[39m15:57:44.439 [memory:mongodb:schema] info: created collection test_memory_jobs

[90mstdout[2m | src/mongodb-schema.test.ts[2m > [22m[2mensureCollections[2m > [22m[2mdoes not refresh memory_evidence validation when the evidence mirror is disabled
[22m[39m15:57:44.439 [memory:mongodb:schema] info: created collection test_session_chunks

[90mstdout[2m | src/mongodb-schema.test.ts[2m > [22m[2mensureCollections[2m > [22m[2mdoes not refresh memory_evidence validation when the evidence mirror is disabled
[22m[39m15:57:44.439 [memory:mongodb:schema] info: created collection test_memory_quarantine

[90mstdout[2m | src/mongodb-schema.test.ts[2m > [22m[2mensureCollections[2m > [22m[2mdoes not refresh memory_evidence validation when the evidence mirror is disabled
[22m[39m15:57:44.439 [memory:mongodb:schema] info: created time series collection test_memory_telemetry

[90mstdout[2m | src/mongodb-schema.test.ts[2m > [22m[2mensureCollections[2m > [22m[2mdoes not refresh memory_evidence validation when the evidence mirror is disabled
[22m[39m15:57:44.439 [memory:mongodb:schema] info: created telemetry collection test_memory_telemetry

[90mstdout[2m | src/mongodb-schema.test.ts[2m > [22m[2mensureCollections[2m > [22m[2mdoes not refresh memory_evidence validation when the evidence mirror is disabled
[22m[39m15:57:44.439 [memory:mongodb:schema] info: created time series collection test_access_events

[90mstdout[2m | src/mongodb-schema.test.ts[2m > [22m[2mensureCollections[2m > [22m[2mdoes not refresh memory_evidence validation when the evidence mirror is disabled
[22m[39m15:57:44.439 [memory:mongodb:schema] info: created access events collection test_access_events

[90mstdout[2m | src/mongodb-schema.test.ts[2m > [22m[2mensureCollections[2m > [22m[2mdoes not refresh memory_evidence validation when the evidence mirror is disabled
[22m[39m15:57:44.439 [memory:mongodb:schema] info: applied schema validation to test_chunks

[90mstdout[2m | src/mongodb-schema.test.ts[2m > [22m[2mensureCollections[2m > [22m[2mdoes not refresh memory_evidence validation when the evidence mirror is disabled
[22m[39m15:57:44.439 [memory:mongodb:schema] info: applied schema validation to test_knowledge_base

[90mstdout[2m | src/mongodb-schema.test.ts[2m > [22m[2mensureCollections[2m > [22m[2mdoes not refresh memory_evidence validation when the evidence mirror is disabled
[22m[39m15:57:44.439 [memory:mongodb:schema] info: applied schema validation to test_kb_chunks

[90mstdout[2m | src/mongodb-schema.test.ts[2m > [22m[2mensureCollections[2m > [22m[2mdoes not refresh memory_evidence validation when the evidence mirror is disabled
[22m[39m15:57:44.439 [memory:mongodb:schema] info: applied schema validation to test_structured_mem

[90mstdout[2m | src/mongodb-schema.test.ts[2m > [22m[2mensureCollections[2m > [22m[2mdoes not refresh memory_evidence validation when the evidence mirror is disabled
[22m[39m15:57:44.439 [memory:mongodb:schema] info: applied schema validation to test_structured_mem_revisions

[90mstdout[2m | src/mongodb-schema.test.ts[2m > [22m[2mensureCollections[2m > [22m[2mdoes not refresh memory_evidence validation when the evidence mirror is disabled
[22m[39m15:57:44.439 [memory:mongodb:schema] info: applied schema validation to test_procedures

[90mstdout[2m | src/mongodb-schema.test.ts[2m > [22m[2mensureCollections[2m > [22m[2mdoes not refresh memory_evidence validation when the evidence mirror is disabled
[22m[39m15:57:44.439 [memory:mongodb:schema] info: applied schema validation to test_procedure_revisions

[90mstdout[2m | src/mongodb-schema.test.ts[2m > [22m[2mensureCollections[2m > [22m[2mdoes not refresh memory_evidence validation when the evidence mirror is disabled
[22m[39m15:57:44.439 [memory:mongodb:schema] info: applied schema validation to test_relevance_runs

[90mstdout[2m | src/mongodb-schema.test.ts[2m > [22m[2mensureCollections[2m > [22m[2mdoes not refresh memory_evidence validation when the evidence mirror is disabled
[22m[39m15:57:44.439 [memory:mongodb:schema] info: applied schema validation to test_relevance_artifacts

[90mstdout[2m | src/mongodb-schema.test.ts[2m > [22m[2mensureCollections[2m > [22m[2mdoes not refresh memory_evidence validation when the evidence mirror is disabled
[22m[39m15:57:44.439 [memory:mongodb:schema] info: applied schema validation to test_relevance_regressions

[90mstdout[2m | src/mongodb-schema.test.ts[2m > [22m[2mensureCollections[2m > [22m[2mdoes not refresh memory_evidence validation when the evidence mirror is disabled
[22m[39m15:57:44.439 [memory:mongodb:schema] info: applied schema validation to test_events

[90mstdout[2m | src/mongodb-schema.test.ts[2m > [22m[2mensureCollections[2m > [22m[2mdoes not refresh memory_evidence validation when the evidence mirror is disabled
[22m[39m15:57:44.439 [memory:mongodb:schema] info: applied schema validation to test_entities

[90mstdout[2m | src/mongodb-schema.test.ts[2m > [22m[2mensureCollections[2m > [22m[2mdoes not refresh memory_evidence validation when the evidence mirror is disabled
[22m[39m15:57:44.439 [memory:mongodb:schema] info: applied schema validation to test_relations

[90mstdout[2m | src/mongodb-schema.test.ts[2m > [22m[2mensureCollections[2m > [22m[2mdoes not refresh memory_evidence validation when the evidence mirror is disabled
[22m[39m15:57:44.439 [memory:mongodb:schema] info: applied schema validation to test_entity_links

[90mstdout[2m | src/mongodb-schema.test.ts[2m > [22m[2mensureCollections[2m > [22m[2mdoes not refresh memory_evidence validation when the evidence mirror is disabled
[22m[39m15:57:44.439 [memory:mongodb:schema] info: applied schema validation to test_episodes

[90mstdout[2m | src/mongodb-schema.test.ts[2m > [22m[2mensureCollections[2m > [22m[2mdoes not refresh memory_evidence validation when the evidence mirror is disabled
[22m[39m15:57:44.439 [memory:mongodb:schema] info: applied schema validation to test_ingest_runs

[90mstdout[2m | src/mongodb-schema.test.ts[2m > [22m[2mensureCollections[2m > [22m[2mdoes not refresh memory_evidence validation when the evidence mirror is disabled
[22m[39m15:57:44.439 [memory:mongodb:schema] info: applied schema validation to test_projection_runs

[90mstdout[2m | src/mongodb-schema.test.ts[2m > [22m[2mensureCollections[2m > [22m[2mdoes not refresh memory_evidence validation when the evidence mirror is disabled
[22m[39m15:57:44.439 [memory:mongodb:schema] info: applied schema validation to test_query_cache

[90mstdout[2m | src/mongodb-schema.test.ts[2m > [22m[2mensureCollections[2m > [22m[2mdoes not refresh memory_evidence validation when the evidence mirror is disabled
[22m[39m15:57:44.439 [memory:mongodb:schema] info: applied schema validation to test_memory_mutations

[90mstdout[2m | src/mongodb-schema.test.ts[2m > [22m[2mensureCollections[2m > [22m[2mdoes not refresh memory_evidence validation when the evidence mirror is disabled
[22m[39m15:57:44.439 [memory:mongodb:schema] info: applied schema validation to test_recall_traces

[90mstdout[2m | src/mongodb-schema.test.ts[2m > [22m[2mensureCollections[2m > [22m[2mdoes not refresh memory_evidence validation when the evidence mirror is disabled
[22m[39m15:57:44.439 [memory:mongodb:schema] info: applied schema validation to test_memory_jobs

[90mstdout[2m | src/mongodb-schema.test.ts[2m > [22m[2mensureCollections[2m > [22m[2mdoes not refresh memory_evidence validation when the evidence mirror is disabled
[22m[39m15:57:44.439 [memory:mongodb:schema] info: applied schema validation to test_memory_quarantine

[90mstdout[2m | src/mongodb-schema.test.ts[2m > [22m[2mensureCollections[2m > [22m[2mdoes not refresh memory_evidence validation when the evidence mirror is disabled
[22m[39m15:57:44.439 [memory:mongodb:schema] info: applied schema validation to test_files

[90mstdout[2m | src/mongodb-schema.test.ts[2m > [22m[2mensureCollections[2m > [22m[2mskips already-existing collections
[22m[39m15:57:44.440 [memory:mongodb:schema] info: created collection test_meta

[90mstdout[2m | src/mongodb-schema.test.ts[2m > [22m[2mensureCollections[2m > [22m[2mskips already-existing collections
[22m[39m15:57:44.440 [memory:mongodb:schema] info: created collection test_knowledge_base

[90mstdout[2m | src/mongodb-schema.test.ts[2m > [22m[2mensureCollections[2m > [22m[2mskips already-existing collections
[22m[39m15:57:44.440 [memory:mongodb:schema] info: created collection test_kb_chunks

[90mstdout[2m | src/mongodb-schema.test.ts[2m > [22m[2mensureCollections[2m > [22m[2mskips already-existing collections
[22m[39m15:57:44.440 [memory:mongodb:schema] info: created collection test_structured_mem

[90mstdout[2m | src/mongodb-schema.test.ts[2m > [22m[2mensureCollections[2m > [22m[2mskips already-existing collections
[22m[39m15:57:44.440 [memory:mongodb:schema] info: created collection test_structured_mem_revisions

[90mstdout[2m | src/mongodb-schema.test.ts[2m > [22m[2mensureCollections[2m > [22m[2mskips already-existing collections
[22m[39m15:57:44.440 [memory:mongodb:schema] info: created collection test_procedures

[90mstdout[2m | src/mongodb-schema.test.ts[2m > [22m[2mensureCollections[2m > [22m[2mskips already-existing collections
[22m[39m15:57:44.440 [memory:mongodb:schema] info: created collection test_procedure_revisions

[90mstdout[2m | src/mongodb-schema.test.ts[2m > [22m[2mensureCollections[2m > [22m[2mskips already-existing collections
[22m[39m15:57:44.440 [memory:mongodb:schema] info: created collection test_relevance_runs

[90mstdout[2m | src/mongodb-schema.test.ts[2m > [22m[2mensureCollections[2m > [22m[2mskips already-existing collections
[22m[39m15:57:44.440 [memory:mongodb:schema] info: created collection test_relevance_artifacts

[90mstdout[2m | src/mongodb-schema.test.ts[2m > [22m[2mensureCollections[2m > [22m[2mskips already-existing collections
[22m[39m15:57:44.440 [memory:mongodb:schema] info: created collection test_relevance_regressions

[90mstdout[2m | src/mongodb-schema.test.ts[2m > [22m[2mensureCollections[2m > [22m[2mskips already-existing collections
[22m[39m15:57:44.440 [memory:mongodb:schema] info: created collection test_events

[90mstdout[2m | src/mongodb-schema.test.ts[2m > [22m[2mensureCollections[2m > [22m[2mskips already-existing collections
[22m[39m15:57:44.440 [memory:mongodb:schema] info: created collection test_entities

[90mstdout[2m | src/mongodb-schema.test.ts[2m > [22m[2mensureCollections[2m > [22m[2mskips already-existing collections
[22m[39m15:57:44.440 [memory:mongodb:schema] info: created collection test_relations

[90mstdout[2m | src/mongodb-schema.test.ts[2m > [22m[2mensureCollections[2m > [22m[2mskips already-existing collections
[22m[39m15:57:44.441 [memory:mongodb:schema] info: created collection test_entity_links

[90mstdout[2m | src/mongodb-schema.test.ts[2m > [22m[2mensureCollections[2m > [22m[2mskips already-existing collections
[22m[39m15:57:44.441 [memory:mongodb:schema] info: created collection test_episodes

[90mstdout[2m | src/mongodb-schema.test.ts[2m > [22m[2mensureCollections[2m > [22m[2mskips already-existing collections
[22m[39m15:57:44.441 [memory:mongodb:schema] info: created collection test_ingest_runs

[90mstdout[2m | src/mongodb-schema.test.ts[2m > [22m[2mensureCollections[2m > [22m[2mskips already-existing collections
[22m[39m15:57:44.441 [memory:mongodb:schema] info: created collection test_projection_runs

[90mstdout[2m | src/mongodb-schema.test.ts[2m > [22m[2mensureCollections[2m > [22m[2mskips already-existing collections
[22m[39m15:57:44.441 [memory:mongodb:schema] info: created collection test_query_cache

[90mstdout[2m | src/mongodb-schema.test.ts[2m > [22m[2mensureCollections[2m > [22m[2mskips already-existing collections
[22m[39m15:57:44.441 [memory:mongodb:schema] info: created collection test_memory_mutations

[90mstdout[2m | src/mongodb-schema.test.ts[2m > [22m[2mensureCollections[2m > [22m[2mskips already-existing collections
[22m[39m15:57:44.441 [memory:mongodb:schema] info: created collection test_lane_coverage

[90mstdout[2m | src/mongodb-schema.test.ts[2m > [22m[2mensureCollections[2m > [22m[2mskips already-existing collections
[22m[39m15:57:44.443 [memory:mongodb:schema] info: created collection test_consolidation_runs

[90mstdout[2m | src/mongodb-schema.test.ts[2m > [22m[2mensureCollections[2m > [22m[2mskips already-existing collections
[22m[39m15:57:44.443 [memory:mongodb:schema] info: created collection test_recall_traces

[90mstdout[2m | src/mongodb-schema.test.ts[2m > [22m[2mensureCollections[2m > [22m[2mskips already-existing collections
[22m[39m15:57:44.443 [memory:mongodb:schema] info: created collection test_memory_jobs

[90mstdout[2m | src/mongodb-schema.test.ts[2m > [22m[2mensureCollections[2m > [22m[2mskips already-existing collections
[22m[39m15:57:44.449 [memory:mongodb:schema] info: created collection test_session_chunks

[90mstdout[2m | src/mongodb-schema.test.ts[2m > [22m[2mensureCollections[2m > [22m[2mskips already-existing collections
[22m[39m15:57:44.449 [memory:mongodb:schema] info: created collection test_memory_quarantine

[90mstdout[2m | src/mongodb-schema.test.ts[2m > [22m[2mensureCollections[2m > [22m[2mskips already-existing collections
[22m[39m15:57:44.449 [memory:mongodb:schema] info: created time series collection test_memory_telemetry

[90mstdout[2m | src/mongodb-schema.test.ts[2m > [22m[2mensureCollections[2m > [22m[2mskips already-existing collections
[22m[39m15:57:44.449 [memory:mongodb:schema] info: created telemetry collection test_memory_telemetry

[90mstdout[2m | src/mongodb-schema.test.ts[2m > [22m[2mensureCollections[2m > [22m[2mskips already-existing collections
[22m[39m15:57:44.449 [memory:mongodb:schema] info: created time series collection test_access_events

[90mstdout[2m | src/mongodb-schema.test.ts[2m > [22m[2mensureCollections[2m > [22m[2mskips already-existing collections
[22m[39m15:57:44.449 [memory:mongodb:schema] info: created access events collection test_access_events

[90mstdout[2m | src/mongodb-schema.test.ts[2m > [22m[2mensureCollections[2m > [22m[2mskips already-existing collections
[22m[39m15:57:44.449 [memory:mongodb:schema] info: applied schema validation to test_chunks

[90mstdout[2m | src/mongodb-schema.test.ts[2m > [22m[2mensureCollections[2m > [22m[2mskips already-existing collections
[22m[39m15:57:44.449 [memory:mongodb:schema] info: applied schema validation to test_knowledge_base

[90mstdout[2m | src/mongodb-schema.test.ts[2m > [22m[2mensureCollections[2m > [22m[2mskips already-existing collections
[22m[39m15:57:44.449 [memory:mongodb:schema] info: applied schema validation to test_kb_chunks

[90mstdout[2m | src/mongodb-schema.test.ts[2m > [22m[2mensureCollections[2m > [22m[2mskips already-existing collections
[22m[39m15:57:44.449 [memory:mongodb:schema] info: applied schema validation to test_structured_mem

[90mstdout[2m | src/mongodb-schema.test.ts[2m > [22m[2mensureCollections[2m > [22m[2mskips already-existing collections
[22m[39m15:57:44.449 [memory:mongodb:schema] info: applied schema validation to test_structured_mem_revisions

[90mstdout[2m | src/mongodb-schema.test.ts[2m > [22m[2mensureCollections[2m > [22m[2mskips already-existing collections
[22m[39m15:57:44.450 [memory:mongodb:schema] info: applied schema validation to test_procedures

[90mstdout[2m | src/mongodb-schema.test.ts[2m > [22m[2mensureCollections[2m > [22m[2mskips already-existing collections
[22m[39m15:57:44.450 [memory:mongodb:schema] info: applied schema validation to test_procedure_revisions

[90mstdout[2m | src/mongodb-schema.test.ts[2m > [22m[2mensureCollections[2m > [22m[2mskips already-existing collections
[22m[39m15:57:44.450 [memory:mongodb:schema] info: applied schema validation to test_relevance_runs

[90mstdout[2m | src/mongodb-schema.test.ts[2m > [22m[2mensureCollections[2m > [22m[2mskips already-existing collections
[22m[39m15:57:44.450 [memory:mongodb:schema] info: applied schema validation to test_relevance_artifacts

[90mstdout[2m | src/mongodb-schema.test.ts[2m > [22m[2mensureCollections[2m > [22m[2mskips already-existing collections
[22m[39m15:57:44.450 [memory:mongodb:schema] info: applied schema validation to test_relevance_regressions

[90mstdout[2m | src/mongodb-schema.test.ts[2m > [22m[2mensureCollections[2m > [22m[2mskips already-existing collections
[22m[39m15:57:44.450 [memory:mongodb:schema] info: applied schema validation to test_events

[90mstdout[2m | src/mongodb-schema.test.ts[2m > [22m[2mensureCollections[2m > [22m[2mskips already-existing collections
[22m[39m15:57:44.450 [memory:mongodb:schema] info: applied schema validation to test_entities

[90mstdout[2m | src/mongodb-schema.test.ts[2m > [22m[2mensureCollections[2m > [22m[2mskips already-existing collections
[22m[39m15:57:44.450 [memory:mongodb:schema] info: applied schema validation to test_relations

[90mstdout[2m | src/mongodb-schema.test.ts[2m > [22m[2mensureCollections[2m > [22m[2mskips already-existing collections
[22m[39m15:57:44.450 [memory:mongodb:schema] info: applied schema validation to test_entity_links

[90mstdout[2m | src/mongodb-schema.test.ts[2m > [22m[2mensureCollections[2m > [22m[2mskips already-existing collections
[22m[39m15:57:44.450 [memory:mongodb:schema] info: applied schema validation to test_episodes

[90mstdout[2m | src/mongodb-schema.test.ts[2m > [22m[2mensureCollections[2m > [22m[2mskips already-existing collections
[22m[39m15:57:44.450 [memory:mongodb:schema] info: applied schema validation to test_ingest_runs

[90mstdout[2m | src/mongodb-schema.test.ts[2m > [22m[2mensureCollections[2m > [22m[2mskips already-existing collections
[22m[39m15:57:44.450 [memory:mongodb:schema] info: applied schema validation to test_projection_runs

[90mstdout[2m | src/mongodb-schema.test.ts[2m > [22m[2mensureCollections[2m > [22m[2mskips already-existing collections
[22m[39m15:57:44.450 [memory:mongodb:schema] info: applied schema validation to test_query_cache

[90mstdout[2m | src/mongodb-schema.test.ts[2m > [22m[2mensureCollections[2m > [22m[2mskips already-existing collections
[22m[39m15:57:44.450 [memory:mongodb:schema] info: applied schema validation to test_memory_mutations

[90mstdout[2m | src/mongodb-schema.test.ts[2m > [22m[2mensureCollections[2m > [22m[2mskips already-existing collections
[22m[39m15:57:44.450 [memory:mongodb:schema] info: applied schema validation to test_recall_traces

[90mstdout[2m | src/mongodb-schema.test.ts[2m > [22m[2mensureCollections[2m > [22m[2mskips already-existing collections
[22m[39m15:57:44.450 [memory:mongodb:schema] info: applied schema validation to test_memory_jobs

[90mstdout[2m | src/mongodb-schema.test.ts[2m > [22m[2mensureCollections[2m > [22m[2mskips already-existing collections
[22m[39m15:57:44.450 [memory:mongodb:schema] info: applied schema validation to test_memory_quarantine

[90mstdout[2m | src/mongodb-schema.test.ts[2m > [22m[2mensureCollections[2m > [22m[2mskips already-existing collections
[22m[39m15:57:44.450 [memory:mongodb:schema] info: applied schema validation to test_files

[90mstdout[2m | src/mongodb-schema.test.ts[2m > [22m[2mensureCollections[2m > [22m[2mdoes nothing when all collections exist
[22m[39m15:57:44.450 [memory:mongodb:schema] info: applied schema validation to oc_chunks

[90mstdout[2m | src/mongodb-schema.test.ts[2m > [22m[2mensureCollections[2m > [22m[2mdoes nothing when all collections exist
[22m[39m15:57:44.450 [memory:mongodb:schema] info: applied schema validation to oc_knowledge_base

[90mstdout[2m | src/mongodb-schema.test.ts[2m > [22m[2mensureCollections[2m > [22m[2mdoes nothing when all collections exist
[22m[39m15:57:44.450 [memory:mongodb:schema] info: applied schema validation to oc_kb_chunks

[90mstdout[2m | src/mongodb-schema.test.ts[2m > [22m[2mensureCollections[2m > [22m[2mdoes nothing when all collections exist
[22m[39m15:57:44.450 [memory:mongodb:schema] info: applied schema validation to oc_structured_mem

[90mstdout[2m | src/mongodb-schema.test.ts[2m > [22m[2mensureCollections[2m > [22m[2mdoes nothing when all collections exist
[22m[39m15:57:44.450 [memory:mongodb:schema] info: applied schema validation to oc_structured_mem_revisions

[90mstdout[2m | src/mongodb-schema.test.ts[2m > [22m[2mensureCollections[2m > [22m[2mdoes nothing when all collections exist
[22m[39m15:57:44.450 [memory:mongodb:schema] info: applied schema validation to oc_procedures

[90mstdout[2m | src/mongodb-schema.test.ts[2m > [22m[2mensureCollections[2m > [22m[2mdoes nothing when all collections exist
[22m[39m15:57:44.450 [memory:mongodb:schema] info: applied schema validation to oc_procedure_revisions

[90mstdout[2m | src/mongodb-schema.test.ts[2m > [22m[2mensureCollections[2m > [22m[2mdoes nothing when all collections exist
[22m[39m15:57:44.450 [memory:mongodb:schema] info: applied schema validation to oc_relevance_runs

[90mstdout[2m | src/mongodb-schema.test.ts[2m > [22m[2mensureCollections[2m > [22m[2mdoes nothing when all collections exist
[22m[39m15:57:44.450 [memory:mongodb:schema] info: applied schema validation to oc_relevance_artifacts

[90mstdout[2m | src/mongodb-schema.test.ts[2m > [22m[2mensureCollections[2m > [22m[2mdoes nothing when all collections exist
[22m[39m15:57:44.450 [memory:mongodb:schema] info: applied schema validation to oc_relevance_regressions

[90mstdout[2m | src/mongodb-schema.test.ts[2m > [22m[2mensureCollections[2m > [22m[2mdoes nothing when all collections exist
[22m[39m15:57:44.450 [memory:mongodb:schema] info: applied schema validation to oc_events

[90mstdout[2m | src/mongodb-schema.test.ts[2m > [22m[2mensureCollections[2m > [22m[2mdoes nothing when all collections exist
[22m[39m15:57:44.450 [memory:mongodb:schema] info: applied schema validation to oc_entities

[90mstdout[2m | src/mongodb-schema.test.ts[2m > [22m[2mensureCollections[2m > [22m[2mdoes nothing when all collections exist
[22m[39m15:57:44.450 [memory:mongodb:schema] info: applied schema validation to oc_relations

[90mstdout[2m | src/mongodb-schema.test.ts[2m > [22m[2mensureCollections[2m > [22m[2mdoes nothing when all collections exist
[22m[39m15:57:44.450 [memory:mongodb:schema] info: applied schema validation to oc_entity_links

[90mstdout[2m | src/mongodb-schema.test.ts[2m > [22m[2mensureCollections[2m > [22m[2mdoes nothing when all collections exist
[22m[39m15:57:44.450 [memory:mongodb:schema] info: applied schema validation to oc_episodes

[90mstdout[2m | src/mongodb-schema.test.ts[2m > [22m[2mensureCollections[2m > [22m[2mdoes nothing when all collections exist
[22m[39m15:57:44.450 [memory:mongodb:schema] info: applied schema validation to oc_ingest_runs

[90mstdout[2m | src/mongodb-schema.test.ts[2m > [22m[2mensureCollections[2m > [22m[2mdoes nothing when all collections exist
[22m[39m15:57:44.450 [memory:mongodb:schema] info: applied schema validation to oc_projection_runs

[90mstdout[2m | src/mongodb-schema.test.ts[2m > [22m[2mensureCollections[2m > [22m[2mdoes nothing when all collections exist
[22m[39m15:57:44.450 [memory:mongodb:schema] info: applied schema validation to oc_query_cache

[90mstdout[2m | src/mongodb-schema.test.ts[2m > [22m[2mensureCollections[2m > [22m[2mdoes nothing when all collections exist
[22m[39m15:57:44.450 [memory:mongodb:schema] info: applied schema validation to oc_memory_mutations

[90mstdout[2m | src/mongodb-schema.test.ts[2m > [22m[2mensureCollections[2m > [22m[2mdoes nothing when all collections exist
[22m[39m15:57:44.451 [memory:mongodb:schema] info: applied schema validation to oc_recall_traces

[90mstdout[2m | src/mongodb-schema.test.ts[2m > [22m[2mensureCollections[2m > [22m[2mdoes nothing when all collections exist
[22m[39m15:57:44.451 [memory:mongodb:schema] info: applied schema validation to oc_memory_jobs

[90mstdout[2m | src/mongodb-schema.test.ts[2m > [22m[2mensureCollections[2m > [22m[2mdoes nothing when all collections exist
[22m[39m15:57:44.451 [memory:mongodb:schema] info: applied schema validation to oc_memory_quarantine

[90mstdout[2m | src/mongodb-schema.test.ts[2m > [22m[2mensureCollections[2m > [22m[2mdoes nothing when all collections exist
[22m[39m15:57:44.451 [memory:mongodb:schema] info: applied schema validation to oc_files

[90mstdout[2m | src/mongodb-schema.test.ts[2m > [22m[2mensureStandardIndexes[2m > [22m[2mcreates all standard indexes on chunks, KB, and structured_mem
[22m[39m15:57:44.452 [memory:mongodb:schema] info: ensured 41 standard indexes

[90mstdout[2m | src/mongodb-schema.test.ts[2m > [22m[2mensureStandardIndexes[2m > [22m[2mcreates memory_evidence indexes only when the evidence mirror is enabled
[22m[39m15:57:44.453 [memory:mongodb:schema] info: ensured 45 standard indexes

[90mstdout[2m | src/mongodb-schema.test.ts[2m > [22m[2mensureStandardIndexes[2m > [22m[2mcreates bi-temporal compound index on events ()
[22m[39m15:57:44.454 [memory:mongodb:schema] info: ensured 41 standard indexes

[90mstdout[2m | src/mongodb-schema.test.ts[2m > [22m[2mensureStandardIndexes[2m > [22m[2mcreates a defensive $text index on text field
[22m[39m15:57:44.455 [memory:mongodb:schema] info: ensured 41 standard indexes

[90mstderr[2m | src/mongodb-schema.test.ts[2m > [22m[2mensureStandardIndexes[2m > [22m[2mcreates TTL index on files collection when memoryTtlDays is set
[22m[39m15:57:44.456 [memory:mongodb:schema] warn: created TTL index on files: 90 days — old memory files will be auto-deleted

[90mstdout[2m | src/mongodb-schema.test.ts[2m > [22m[2mensureStandardIndexes[2m > [22m[2mcreates TTL index on files collection when memoryTtlDays is set
[22m[39m15:57:44.457 [memory:mongodb:schema] info: ensured 41 standard indexes

[90mstdout[2m | src/mongodb-schema.test.ts[2m > [22m[2mensureStandardIndexes[2m > [22m[2mskips files TTL index when memoryTtlDays is 0
[22m[39m15:57:44.458 [memory:mongodb:schema] info: ensured 41 standard indexes

[90mstdout[2m | src/mongodb-schema.test.ts[2m > [22m[2mensureStandardIndexes[2m > [22m[2mindex count includes relevance telemetry indexes and v2 collection indexes
[22m[39m15:57:44.459 [memory:mongodb:schema] info: ensured 41 standard indexes

[90mstdout[2m | src/mongodb-schema.test.ts[2m > [22m[2mensureStandardIndexes[2m > [22m[2mcreates relevance TTL indexes when relevanceRetentionDays is set
[22m[39m15:57:44.459 [memory:mongodb:schema] info: ensured 41 standard indexes

[90mstdout[2m | src/mongodb-schema.test.ts[2m > [22m[2mensureStandardIndexes[2m > [22m[2mcreates a structured-revisions TTL index only when revisionRetentionDays is set (#32)
[22m[39m15:57:44.460 [memory:mongodb:schema] info: ensured 41 standard indexes

[90mstdout[2m | src/mongodb-schema.test.ts[2m > [22m[2mensureStandardIndexes[2m > [22m[2mcreates a structured-revisions TTL index only when revisionRetentionDays is set (#32)
[22m[39m15:57:44.461 [memory:mongodb:schema] info: ensured 42 standard indexes

[90mstdout[2m | src/mongodb-schema.test.ts[2m > [22m[2mensureStandardIndexes[2m > [22m[2mcreates the memory_quarantine review-lifecycle indexes (C-004)
[22m[39m15:57:44.462 [memory:mongodb:schema] info: ensured 41 standard indexes

[90mstdout[2m | src/mongodb-schema.test.ts[2m > [22m[2mensureStandardIndexes[2m > [22m[2mhonors quarantineRetentionDays override and explicit 0 disables the TTL (C-004)
[22m[39m15:57:44.465 [memory:mongodb:schema] info: ensured 41 standard indexes

[90mstdout[2m | src/mongodb-schema.test.ts[2m > [22m[2mensureStandardIndexes[2m > [22m[2mhonors quarantineRetentionDays override and explicit 0 disables the TTL (C-004)
[22m[39m15:57:44.466 [memory:mongodb:schema] info: ensured 40 standard indexes

[90mstdout[2m | src/mongodb-schema.test.ts[2m > [22m[2mP3.8 index hygiene[2m > [22m[2mdrops the three strict-prefix-redundant indexes and never recreates them
[22m[39m15:57:44.467 [memory:mongodb:schema] info: ensured 41 standard indexes

[90mstdout[2m | src/mongodb-schema.test.ts[2m > [22m[2mP3.8 index hygiene[2m > [22m[2mcreates the chunk ESR compound {agentId, path, startLine}
[22m[39m15:57:44.468 [memory:mongodb:schema] info: ensured 41 standard indexes

[90mstdout[2m | src/mongodb-schema.test.ts[2m > [22m[2mP3.8 index hygiene[2m > [22m[2mcreates the episode ESR compound {agentId, type, updatedAt desc}
[22m[39m15:57:44.469 [memory:mongodb:schema] info: ensured 41 standard indexes

[90mstdout[2m | src/mongodb-schema.test.ts[2m > [22m[2mP3.8 index hygiene[2m > [22m[2mcreates the entity ESR compound {agentId, updatedAt desc}
[22m[39m15:57:44.469 [memory:mongodb:schema] info: ensured 41 standard indexes

[90mstdout[2m | src/mongodb-schema.test.ts[2m > [22m[2mP3.8 index hygiene[2m > [22m[2mcreates the relationId locator index on relations
[22m[39m15:57:44.470 [memory:mongodb:schema] info: ensured 41 standard indexes

[90mstdout[2m | src/mongodb-schema.test.ts[2m > [22m[2mP3.8 index hygiene[2m > [22m[2mcreates all six $text fallback indexes by default
[22m[39m15:57:44.472 [memory:mongodb:schema] info: ensured 41 standard indexes

[90mstdout[2m | src/mongodb-schema.test.ts[2m > [22m[2mP3.8 index hygiene[2m > [22m[2mskips all six $text fallback indexes when textFallbackIndexes is false
[22m[39m15:57:44.474 [memory:mongodb:schema] info: ensured 40 standard indexes

[90mstdout[2m | src/mongodb-schema.test.ts[2m > [22m[2mP3.8 index hygiene[2m > [22m[2mcreates the episode_autocomplete search index alongside entity_autocomplete
[22m[39m15:57:44.474 [memory:mongodb:schema] info: created chunks text search index

[90mstdout[2m | src/mongodb-schema.test.ts[2m > [22m[2mP3.8 index hygiene[2m > [22m[2mcreates the episode_autocomplete search index alongside entity_autocomplete
[22m[39m15:57:44.475 [memory:mongodb:schema] info: created chunks vector search index

[90mstdout[2m | src/mongodb-schema.test.ts[2m > [22m[2mP3.8 index hygiene[2m > [22m[2mcreates the episode_autocomplete search index alongside entity_autocomplete
[22m[39m15:57:44.475 [memory:mongodb:schema] info: created kb_chunks text search index

[90mstdout[2m | src/mongodb-schema.test.ts[2m > [22m[2mP3.8 index hygiene[2m > [22m[2mcreates the episode_autocomplete search index alongside entity_autocomplete
[22m[39m15:57:44.475 [memory:mongodb:schema] info: created kb_chunks vector search index

[90mstdout[2m | src/mongodb-schema.test.ts[2m > [22m[2mP3.8 index hygiene[2m > [22m[2mcreates the episode_autocomplete search index alongside entity_autocomplete
[22m[39m15:57:44.475 [memory:mongodb:schema] info: created structured_mem text search index

[90mstdout[2m | src/mongodb-schema.test.ts[2m > [22m[2mP3.8 index hygiene[2m > [22m[2mcreates the episode_autocomplete search index alongside entity_autocomplete
[22m[39m15:57:44.475 [memory:mongodb:schema] info: created structured_mem vector search index

[90mstdout[2m | src/mongodb-schema.test.ts[2m > [22m[2mP3.8 index hygiene[2m > [22m[2mcreates the episode_autocomplete search index alongside entity_autocomplete
[22m[39m15:57:44.475 [memory:mongodb:schema] info: created procedures text search index

[90mstdout[2m | src/mongodb-schema.test.ts[2m > [22m[2mP3.8 index hygiene[2m > [22m[2mcreates the episode_autocomplete search index alongside entity_autocomplete
[22m[39m15:57:44.475 [memory:mongodb:schema] info: created procedures vector search index

[90mstdout[2m | src/mongodb-schema.test.ts[2m > [22m[2mP3.8 index hygiene[2m > [22m[2mcreates the episode_autocomplete search index alongside entity_autocomplete
[22m[39m15:57:44.475 [memory:mongodb:schema] info: created events text search index

[90mstdout[2m | src/mongodb-schema.test.ts[2m > [22m[2mP3.8 index hygiene[2m > [22m[2mcreates the episode_autocomplete search index alongside entity_autocomplete
[22m[39m15:57:44.475 [memory:mongodb:schema] info: created events vector search index

[90mstdout[2m | src/mongodb-schema.test.ts[2m > [22m[2mP3.8 index hygiene[2m > [22m[2mcreates the episode_autocomplete search index alongside entity_autocomplete
[22m[39m15:57:44.475 [memory:mongodb:schema] info: created query_cache vector search index

[90mstdout[2m | src/mongodb-schema.test.ts[2m > [22m[2mP3.8 index hygiene[2m > [22m[2mcreates the episode_autocomplete search index alongside entity_autocomplete
[22m[39m15:57:44.475 [memory:mongodb:schema] info: created session_chunks text search index

[90mstdout[2m | src/mongodb-schema.test.ts[2m > [22m[2mP3.8 index hygiene[2m > [22m[2mcreates the episode_autocomplete search index alongside entity_autocomplete
[22m[39m15:57:44.475 [memory:mongodb:schema] info: created session_chunks vector search index

[90mstdout[2m | src/mongodb-schema.test.ts[2m > [22m[2mP3.8 index hygiene[2m > [22m[2mcreates the episode_autocomplete search index alongside entity_autocomplete
[22m[39m15:57:44.475 [memory:mongodb:schema] info: created entity autocomplete search index

[90mstdout[2m | src/mongodb-schema.test.ts[2m > [22m[2mP3.8 index hygiene[2m > [22m[2mcreates the episode_autocomplete search index alongside entity_autocomplete
[22m[39m15:57:44.475 [memory:mongodb:schema] info: created episode autocomplete search index

[90mstdout[2m | src/mongodb-schema.test.ts[2m > [22m[2mP4.4.1 TTL expiration indexes[2m > [22m[2mcreates the partial TTL index on events with expireAfterSeconds 0
[22m[39m15:57:44.477 [memory:mongodb:schema] info: ensured 41 standard indexes

[90mstdout[2m | src/mongodb-schema.test.ts[2m > [22m[2mP4.4.1 TTL expiration indexes[2m > [22m[2mcreates the partial TTL index on structured_mem with expireAfterSeconds 0
[22m[39m15:57:44.478 [memory:mongodb:schema] info: ensured 41 standard indexes

[90mstdout[2m | src/mongodb-schema.test.ts[2m > [22m[2mvalidationAction version gate (P3.5)[2m > [22m[2muses errorAndLog on MongoDB 8.1+ when creating collections
[22m[39m15:57:44.478 [memory:mongodb:schema] info: created collection test_chunks

[90mstdout[2m | src/mongodb-schema.test.ts[2m > [22m[2mvalidationAction version gate (P3.5)[2m > [22m[2muses errorAndLog on MongoDB 8.1+ when creating collections
[22m[39m15:57:44.478 [memory:mongodb:schema] info: created collection test_files

[90mstdout[2m | src/mongodb-schema.test.ts[2m > [22m[2mvalidationAction version gate (P3.5)[2m > [22m[2muses errorAndLog on MongoDB 8.1+ when creating collections
[22m[39m15:57:44.478 [memory:mongodb:schema] info: created collection test_meta

[90mstdout[2m | src/mongodb-schema.test.ts[2m > [22m[2mvalidationAction version gate (P3.5)[2m > [22m[2muses errorAndLog on MongoDB 8.1+ when creating collections
[22m[39m15:57:44.478 [memory:mongodb:schema] info: created collection test_knowledge_base

[90mstdout[2m | src/mongodb-schema.test.ts[2m > [22m[2mvalidationAction version gate (P3.5)[2m > [22m[2muses errorAndLog on MongoDB 8.1+ when creating collections
[22m[39m15:57:44.478 [memory:mongodb:schema] info: created collection test_kb_chunks

[90mstdout[2m | src/mongodb-schema.test.ts[2m > [22m[2mvalidationAction version gate (P3.5)[2m > [22m[2muses errorAndLog on MongoDB 8.1+ when creating collections
[22m[39m15:57:44.479 [memory:mongodb:schema] info: created collection test_structured_mem

[90mstdout[2m | src/mongodb-schema.test.ts[2m > [22m[2mvalidationAction version gate (P3.5)[2m > [22m[2muses errorAndLog on MongoDB 8.1+ when creating collections
[22m[39m15:57:44.479 [memory:mongodb:schema] info: created collection test_structured_mem_revisions

[90mstdout[2m | src/mongodb-schema.test.ts[2m > [22m[2mvalidationAction version gate (P3.5)[2m > [22m[2muses errorAndLog on MongoDB 8.1+ when creating collections
[22m[39m15:57:44.479 [memory:mongodb:schema] info: created collection test_procedures

[90mstdout[2m | src/mongodb-schema.test.ts[2m > [22m[2mvalidationAction version gate (P3.5)[2m > [22m[2muses errorAndLog on MongoDB 8.1+ when creating collections
[22m[39m15:57:44.479 [memory:mongodb:schema] info: created collection test_procedure_revisions

[90mstdout[2m | src/mongodb-schema.test.ts[2m > [22m[2mvalidationAction version gate (P3.5)[2m > [22m[2muses errorAndLog on MongoDB 8.1+ when creating collections
[22m[39m15:57:44.479 [memory:mongodb:schema] info: created collection test_relevance_runs

[90mstdout[2m | src/mongodb-schema.test.ts[2m > [22m[2mvalidationAction version gate (P3.5)[2m > [22m[2muses errorAndLog on MongoDB 8.1+ when creating collections
[22m[39m15:57:44.479 [memory:mongodb:schema] info: created collection test_relevance_artifacts

[90mstdout[2m | src/mongodb-schema.test.ts[2m > [22m[2mvalidationAction version gate (P3.5)[2m > [22m[2muses errorAndLog on MongoDB 8.1+ when creating collections
[22m[39m15:57:44.479 [memory:mongodb:schema] info: created collection test_relevance_regressions

[90mstdout[2m | src/mongodb-schema.test.ts[2m > [22m[2mvalidationAction version gate (P3.5)[2m > [22m[2muses errorAndLog on MongoDB 8.1+ when creating collections
[22m[39m15:57:44.479 [memory:mongodb:schema] info: created collection test_events

[90mstdout[2m | src/mongodb-schema.test.ts[2m > [22m[2mvalidationAction version gate (P3.5)[2m > [22m[2muses errorAndLog on MongoDB 8.1+ when creating collections
[22m[39m15:57:44.479 [memory:mongodb:schema] info: created collection test_entities

[90mstdout[2m | src/mongodb-schema.test.ts[2m > [22m[2mvalidationAction version gate (P3.5)[2m > [22m[2muses errorAndLog on MongoDB 8.1+ when creating collections
[22m[39m15:57:44.479 [memory:mongodb:schema] info: created collection test_relations

[90mstdout[2m | src/mongodb-schema.test.ts[2m > [22m[2mvalidationAction version gate (P3.5)[2m > [22m[2muses errorAndLog on MongoDB 8.1+ when creating collections
[22m[39m15:57:44.479 [memory:mongodb:schema] info: created collection test_entity_links

[90mstdout[2m | src/mongodb-schema.test.ts[2m > [22m[2mvalidationAction version gate (P3.5)[2m > [22m[2muses errorAndLog on MongoDB 8.1+ when creating collections
[22m[39m15:57:44.479 [memory:mongodb:schema] info: created collection test_episodes

[90mstdout[2m | src/mongodb-schema.test.ts[2m > [22m[2mvalidationAction version gate (P3.5)[2m > [22m[2muses errorAndLog on MongoDB 8.1+ when creating collections
[22m[39m15:57:44.479 [memory:mongodb:schema] info: created collection test_ingest_runs

[90mstdout[2m | src/mongodb-schema.test.ts[2m > [22m[2mvalidationAction version gate (P3.5)[2m > [22m[2muses errorAndLog on MongoDB 8.1+ when creating collections
[22m[39m15:57:44.479 [memory:mongodb:schema] info: created collection test_projection_runs

[90mstdout[2m | src/mongodb-schema.test.ts[2m > [22m[2mvalidationAction version gate (P3.5)[2m > [22m[2muses errorAndLog on MongoDB 8.1+ when creating collections
[22m[39m15:57:44.479 [memory:mongodb:schema] info: created collection test_query_cache

[90mstdout[2m | src/mongodb-schema.test.ts[2m > [22m[2mvalidationAction version gate (P3.5)[2m > [22m[2muses errorAndLog on MongoDB 8.1+ when creating collections
[22m[39m15:57:44.479 [memory:mongodb:schema] info: created collection test_memory_mutations

[90mstdout[2m | src/mongodb-schema.test.ts[2m > [22m[2mvalidationAction version gate (P3.5)[2m > [22m[2muses errorAndLog on MongoDB 8.1+ when creating collections
[22m[39m15:57:44.479 [memory:mongodb:schema] info: created collection test_lane_coverage

[90mstdout[2m | src/mongodb-schema.test.ts[2m > [22m[2mvalidationAction version gate (P3.5)[2m > [22m[2muses errorAndLog on MongoDB 8.1+ when creating collections
[22m[39m15:57:44.479 [memory:mongodb:schema] info: created collection test_consolidation_runs

[90mstdout[2m | src/mongodb-schema.test.ts[2m > [22m[2mvalidationAction version gate (P3.5)[2m > [22m[2muses errorAndLog on MongoDB 8.1+ when creating collections
[22m[39m15:57:44.480 [memory:mongodb:schema] info: created collection test_recall_traces

[90mstdout[2m | src/mongodb-schema.test.ts[2m > [22m[2mvalidationAction version gate (P3.5)[2m > [22m[2muses errorAndLog on MongoDB 8.1+ when creating collections
[22m[39m15:57:44.480 [memory:mongodb:schema] info: created collection test_memory_jobs

[90mstdout[2m | src/mongodb-schema.test.ts[2m > [22m[2mvalidationAction version gate (P3.5)[2m > [22m[2muses errorAndLog on MongoDB 8.1+ when creating collections
[22m[39m15:57:44.480 [memory:mongodb:schema] info: created collection test_session_chunks

[90mstdout[2m | src/mongodb-schema.test.ts[2m > [22m[2mvalidationAction version gate (P3.5)[2m > [22m[2muses errorAndLog on MongoDB 8.1+ when creating collections
[22m[39m15:57:44.480 [memory:mongodb:schema] info: created collection test_memory_quarantine

[90mstdout[2m | src/mongodb-schema.test.ts[2m > [22m[2mvalidationAction version gate (P3.5)[2m > [22m[2muses errorAndLog on MongoDB 8.1+ when creating collections
[22m[39m15:57:44.480 [memory:mongodb:schema] info: created time series collection test_memory_telemetry

[90mstdout[2m | src/mongodb-schema.test.ts[2m > [22m[2mvalidationAction version gate (P3.5)[2m > [22m[2muses errorAndLog on MongoDB 8.1+ when creating collections
[22m[39m15:57:44.480 [memory:mongodb:schema] info: created telemetry collection test_memory_telemetry

[90mstdout[2m | src/mongodb-schema.test.ts[2m > [22m[2mvalidationAction version gate (P3.5)[2m > [22m[2muses errorAndLog on MongoDB 8.1+ when creating collections
[22m[39m15:57:44.480 [memory:mongodb:schema] info: created time series collection test_access_events

[90mstdout[2m | src/mongodb-schema.test.ts[2m > [22m[2mvalidationAction version gate (P3.5)[2m > [22m[2muses errorAndLog on MongoDB 8.1+ when creating collections
[22m[39m15:57:44.480 [memory:mongodb:schema] info: created access events collection test_access_events

[90mstdout[2m | src/mongodb-schema.test.ts[2m > [22m[2mvalidationAction version gate (P3.5)[2m > [22m[2muses errorAndLog on MongoDB 8.1+ when creating collections
[22m[39m15:57:44.480 [memory:mongodb:schema] info: applied schema validation to test_chunks

[90mstdout[2m | src/mongodb-schema.test.ts[2m > [22m[2mvalidationAction version gate (P3.5)[2m > [22m[2muses errorAndLog on MongoDB 8.1+ when creating collections
[22m[39m15:57:44.480 [memory:mongodb:schema] info: applied schema validation to test_knowledge_base

[90mstdout[2m | src/mongodb-schema.test.ts[2m > [22m[2mvalidationAction version gate (P3.5)[2m > [22m[2muses errorAndLog on MongoDB 8.1+ when creating collections
[22m[39m15:57:44.480 [memory:mongodb:schema] info: applied schema validation to test_kb_chunks

[90mstdout[2m | src/mongodb-schema.test.ts[2m > [22m[2mvalidationAction version gate (P3.5)[2m > [22m[2muses errorAndLog on MongoDB 8.1+ when creating collections
[22m[39m15:57:44.480 [memory:mongodb:schema] info: applied schema validation to test_structured_mem

[90mstdout[2m | src/mongodb-schema.test.ts[2m > [22m[2mvalidationAction version gate (P3.5)[2m > [22m[2muses errorAndLog on MongoDB 8.1+ when creating collections
[22m[39m15:57:44.480 [memory:mongodb:schema] info: applied schema validation to test_structured_mem_revisions

[90mstdout[2m | src/mongodb-schema.test.ts[2m > [22m[2mvalidationAction version gate (P3.5)[2m > [22m[2muses errorAndLog on MongoDB 8.1+ when creating collections
[22m[39m15:57:44.480 [memory:mongodb:schema] info: applied schema validation to test_procedures

[90mstdout[2m | src/mongodb-schema.test.ts[2m > [22m[2mvalidationAction version gate (P3.5)[2m > [22m[2muses errorAndLog on MongoDB 8.1+ when creating collections
[22m[39m15:57:44.480 [memory:mongodb:schema] info: applied schema validation to test_procedure_revisions

[90mstdout[2m | src/mongodb-schema.test.ts[2m > [22m[2mvalidationAction version gate (P3.5)[2m > [22m[2muses errorAndLog on MongoDB 8.1+ when creating collections
[22m[39m15:57:44.480 [memory:mongodb:schema] info: applied schema validation to test_relevance_runs

[90mstdout[2m | src/mongodb-schema.test.ts[2m > [22m[2mvalidationAction version gate (P3.5)[2m > [22m[2muses errorAndLog on MongoDB 8.1+ when creating collections
[22m[39m15:57:44.480 [memory:mongodb:schema] info: applied schema validation to test_relevance_artifacts

[90mstdout[2m | src/mongodb-schema.test.ts[2m > [22m[2mvalidationAction version gate (P3.5)[2m > [22m[2muses errorAndLog on MongoDB 8.1+ when creating collections
[22m[39m15:57:44.480 [memory:mongodb:schema] info: applied schema validation to test_relevance_regressions

[90mstdout[2m | src/mongodb-schema.test.ts[2m > [22m[2mvalidationAction version gate (P3.5)[2m > [22m[2muses errorAndLog on MongoDB 8.1+ when creating collections
[22m[39m15:57:44.480 [memory:mongodb:schema] info: applied schema validation to test_events

[90mstdout[2m | src/mongodb-schema.test.ts[2m > [22m[2mvalidationAction version gate (P3.5)[2m > [22m[2muses errorAndLog on MongoDB 8.1+ when creating collections
[22m[39m15:57:44.480 [memory:mongodb:schema] info: applied schema validation to test_entities

[90mstdout[2m | src/mongodb-schema.test.ts[2m > [22m[2mvalidationAction version gate (P3.5)[2m > [22m[2muses errorAndLog on MongoDB 8.1+ when creating collections
[22m[39m15:57:44.480 [memory:mongodb:schema] info: applied schema validation to test_relations

[90mstdout[2m | src/mongodb-schema.test.ts[2m > [22m[2mvalidationAction version gate (P3.5)[2m > [22m[2muses errorAndLog on MongoDB 8.1+ when creating collections
[22m[39m15:57:44.480 [memory:mongodb:schema] info: applied schema validation to test_entity_links

[90mstdout[2m | src/mongodb-schema.test.ts[2m > [22m[2mvalidationAction version gate (P3.5)[2m > [22m[2muses errorAndLog on MongoDB 8.1+ when creating collections
[22m[39m15:57:44.480 [memory:mongodb:schema] info: applied schema validation to test_episodes

[90mstdout[2m | src/mongodb-schema.test.ts[2m > [22m[2mvalidationAction version gate (P3.5)[2m > [22m[2muses errorAndLog on MongoDB 8.1+ when creating collections
[22m[39m15:57:44.480 [memory:mongodb:schema] info: applied schema validation to test_ingest_runs

[90mstdout[2m | src/mongodb-schema.test.ts[2m > [22m[2mvalidationAction version gate (P3.5)[2m > [22m[2muses errorAndLog on MongoDB 8.1+ when creating collections
[22m[39m15:57:44.480 [memory:mongodb:schema] info: applied schema validation to test_projection_runs

[90mstdout[2m | src/mongodb-schema.test.ts[2m > [22m[2mvalidationAction version gate (P3.5)[2m > [22m[2muses errorAndLog on MongoDB 8.1+ when creating collections
[22m[39m15:57:44.480 [memory:mongodb:schema] info: applied schema validation to test_query_cache

[90mstdout[2m | src/mongodb-schema.test.ts[2m > [22m[2mvalidationAction version gate (P3.5)[2m > [22m[2muses errorAndLog on MongoDB 8.1+ when creating collections
[22m[39m15:57:44.480 [memory:mongodb:schema] info: applied schema validation to test_memory_mutations

[90mstdout[2m | src/mongodb-schema.test.ts[2m > [22m[2mvalidationAction version gate (P3.5)[2m > [22m[2muses errorAndLog on MongoDB 8.1+ when creating collections
[22m[39m15:57:44.480 [memory:mongodb:schema] info: applied schema validation to test_recall_traces

[90mstdout[2m | src/mongodb-schema.test.ts[2m > [22m[2mvalidationAction version gate (P3.5)[2m > [22m[2muses errorAndLog on MongoDB 8.1+ when creating collections
[22m[39m15:57:44.480 [memory:mongodb:schema] info: applied schema validation to test_memory_jobs

[90mstdout[2m | src/mongodb-schema.test.ts[2m > [22m[2mvalidationAction version gate (P3.5)[2m > [22m[2muses errorAndLog on MongoDB 8.1+ when creating collections
[22m[39m15:57:44.480 [memory:mongodb:schema] info: applied schema validation to test_memory_quarantine

[90mstdout[2m | src/mongodb-schema.test.ts[2m > [22m[2mvalidationAction version gate (P3.5)[2m > [22m[2muses errorAndLog on MongoDB 8.1+ when creating collections
[22m[39m15:57:44.480 [memory:mongodb:schema] info: applied schema validation to test_files

[90mstdout[2m | src/mongodb-schema.test.ts[2m > [22m[2mvalidationAction version gate (P3.5)[2m > [22m[2mkeeps error below MongoDB 8.1 when creating collections
[22m[39m15:57:44.480 [memory:mongodb:schema] info: created collection test_chunks

[90mstdout[2m | src/mongodb-schema.test.ts[2m > [22m[2mvalidationAction version gate (P3.5)[2m > [22m[2mkeeps error below MongoDB 8.1 when creating collections
[22m[39m15:57:44.481 [memory:mongodb:schema] info: created collection test_files

[90mstdout[2m | src/mongodb-schema.test.ts[2m > [22m[2mvalidationAction version gate (P3.5)[2m > [22m[2mkeeps error below MongoDB 8.1 when creating collections
[22m[39m15:57:44.481 [memory:mongodb:schema] info: created collection test_meta

[90mstdout[2m | src/mongodb-schema.test.ts[2m > [22m[2mvalidationAction version gate (P3.5)[2m > [22m[2mkeeps error below MongoDB 8.1 when creating collections
[22m[39m15:57:44.481 [memory:mongodb:schema] info: created collection test_knowledge_base

[90mstdout[2m | src/mongodb-schema.test.ts[2m > [22m[2mvalidationAction version gate (P3.5)[2m > [22m[2mkeeps error below MongoDB 8.1 when creating collections
[22m[39m15:57:44.481 [memory:mongodb:schema] info: created collection test_kb_chunks

[90mstdout[2m | src/mongodb-schema.test.ts[2m > [22m[2mvalidationAction version gate (P3.5)[2m > [22m[2mkeeps error below MongoDB 8.1 when creating collections
[22m[39m15:57:44.481 [memory:mongodb:schema] info: created collection test_structured_mem

[90mstdout[2m | src/mongodb-schema.test.ts[2m > [22m[2mvalidationAction version gate (P3.5)[2m > [22m[2mkeeps error below MongoDB 8.1 when creating collections
[22m[39m15:57:44.481 [memory:mongodb:schema] info: created collection test_structured_mem_revisions

[90mstdout[2m | src/mongodb-schema.test.ts[2m > [22m[2mvalidationAction version gate (P3.5)[2m > [22m[2mkeeps error below MongoDB 8.1 when creating collections
[22m[39m15:57:44.481 [memory:mongodb:schema] info: created collection test_procedures

[90mstdout[2m | src/mongodb-schema.test.ts[2m > [22m[2mvalidationAction version gate (P3.5)[2m > [22m[2mkeeps error below MongoDB 8.1 when creating collections
[22m[39m15:57:44.481 [memory:mongodb:schema] info: created collection test_procedure_revisions

[90mstdout[2m | src/mongodb-schema.test.ts[2m > [22m[2mvalidationAction version gate (P3.5)[2m > [22m[2mkeeps error below MongoDB 8.1 when creating collections
[22m[39m15:57:44.481 [memory:mongodb:schema] info: created collection test_relevance_runs

[90mstdout[2m | src/mongodb-schema.test.ts[2m > [22m[2mvalidationAction version gate (P3.5)[2m > [22m[2mkeeps error below MongoDB 8.1 when creating collections
[22m[39m15:57:44.481 [memory:mongodb:schema] info: created collection test_relevance_artifacts

[90mstdout[2m | src/mongodb-schema.test.ts[2m > [22m[2mvalidationAction version gate (P3.5)[2m > [22m[2mkeeps error below MongoDB 8.1 when creating collections
[22m[39m15:57:44.481 [memory:mongodb:schema] info: created collection test_relevance_regressions

[90mstdout[2m | src/mongodb-schema.test.ts[2m > [22m[2mvalidationAction version gate (P3.5)[2m > [22m[2mkeeps error below MongoDB 8.1 when creating collections
[22m[39m15:57:44.481 [memory:mongodb:schema] info: created collection test_events

[90mstdout[2m | src/mongodb-schema.test.ts[2m > [22m[2mvalidationAction version gate (P3.5)[2m > [22m[2mkeeps error below MongoDB 8.1 when creating collections
[22m[39m15:57:44.481 [memory:mongodb:schema] info: created collection test_entities

[90mstdout[2m | src/mongodb-schema.test.ts[2m > [22m[2mvalidationAction version gate (P3.5)[2m > [22m[2mkeeps error below MongoDB 8.1 when creating collections
[22m[39m15:57:44.481 [memory:mongodb:schema] info: created collection test_relations

[90mstdout[2m | src/mongodb-schema.test.ts[2m > [22m[2mvalidationAction version gate (P3.5)[2m > [22m[2mkeeps error below MongoDB 8.1 when creating collections
[22m[39m15:57:44.481 [memory:mongodb:schema] info: created collection test_entity_links

[90mstdout[2m | src/mongodb-schema.test.ts[2m > [22m[2mvalidationAction version gate (P3.5)[2m > [22m[2mkeeps error below MongoDB 8.1 when creating collections
[22m[39m15:57:44.481 [memory:mongodb:schema] info: created collection test_episodes

[90mstdout[2m | src/mongodb-schema.test.ts[2m > [22m[2mvalidationAction version gate (P3.5)[2m > [22m[2mkeeps error below MongoDB 8.1 when creating collections
[22m[39m15:57:44.481 [memory:mongodb:schema] info: created collection test_ingest_runs

[90mstdout[2m | src/mongodb-schema.test.ts[2m > [22m[2mvalidationAction version gate (P3.5)[2m > [22m[2mkeeps error below MongoDB 8.1 when creating collections
[22m[39m15:57:44.481 [memory:mongodb:schema] info: created collection test_projection_runs

[90mstdout[2m | src/mongodb-schema.test.ts[2m > [22m[2mvalidationAction version gate (P3.5)[2m > [22m[2mkeeps error below MongoDB 8.1 when creating collections
[22m[39m15:57:44.481 [memory:mongodb:schema] info: created collection test_query_cache

[90mstdout[2m | src/mongodb-schema.test.ts[2m > [22m[2mvalidationAction version gate (P3.5)[2m > [22m[2mkeeps error below MongoDB 8.1 when creating collections
[22m[39m15:57:44.481 [memory:mongodb:schema] info: created collection test_memory_mutations

[90mstdout[2m | src/mongodb-schema.test.ts[2m > [22m[2mvalidationAction version gate (P3.5)[2m > [22m[2mkeeps error below MongoDB 8.1 when creating collections
[22m[39m15:57:44.481 [memory:mongodb:schema] info: created collection test_lane_coverage

[90mstdout[2m | src/mongodb-schema.test.ts[2m > [22m[2mvalidationAction version gate (P3.5)[2m > [22m[2mkeeps error below MongoDB 8.1 when creating collections
[22m[39m15:57:44.481 [memory:mongodb:schema] info: created collection test_consolidation_runs

[90mstdout[2m | src/mongodb-schema.test.ts[2m > [22m[2mvalidationAction version gate (P3.5)[2m > [22m[2mkeeps error below MongoDB 8.1 when creating collections
[22m[39m15:57:44.481 [memory:mongodb:schema] info: created collection test_recall_traces

[90mstdout[2m | src/mongodb-schema.test.ts[2m > [22m[2mvalidationAction version gate (P3.5)[2m > [22m[2mkeeps error below MongoDB 8.1 when creating collections
[22m[39m15:57:44.481 [memory:mongodb:schema] info: created collection test_memory_jobs

[90mstdout[2m | src/mongodb-schema.test.ts[2m > [22m[2mvalidationAction version gate (P3.5)[2m > [22m[2mkeeps error below MongoDB 8.1 when creating collections
[22m[39m15:57:44.481 [memory:mongodb:schema] info: created collection test_session_chunks

[90mstdout[2m | src/mongodb-schema.test.ts[2m > [22m[2mvalidationAction version gate (P3.5)[2m > [22m[2mkeeps error below MongoDB 8.1 when creating collections
[22m[39m15:57:44.481 [memory:mongodb:schema] info: created collection test_memory_quarantine

[90mstdout[2m | src/mongodb-schema.test.ts[2m > [22m[2mvalidationAction version gate (P3.5)[2m > [22m[2mkeeps error below MongoDB 8.1 when creating collections
[22m[39m15:57:44.482 [memory:mongodb:schema] info: created time series collection test_memory_telemetry

[90mstdout[2m | src/mongodb-schema.test.ts[2m > [22m[2mvalidationAction version gate (P3.5)[2m > [22m[2mkeeps error below MongoDB 8.1 when creating collections
[22m[39m15:57:44.482 [memory:mongodb:schema] info: created telemetry collection test_memory_telemetry

[90mstdout[2m | src/mongodb-schema.test.ts[2m > [22m[2mvalidationAction version gate (P3.5)[2m > [22m[2mkeeps error below MongoDB 8.1 when creating collections
[22m[39m15:57:44.482 [memory:mongodb:schema] info: created time series collection test_access_events

[90mstdout[2m | src/mongodb-schema.test.ts[2m > [22m[2mvalidationAction version gate (P3.5)[2m > [22m[2mkeeps error below MongoDB 8.1 when creating collections
[22m[39m15:57:44.482 [memory:mongodb:schema] info: created access events collection test_access_events

[90mstdout[2m | src/mongodb-schema.test.ts[2m > [22m[2mvalidationAction version gate (P3.5)[2m > [22m[2mkeeps error below MongoDB 8.1 when creating collections
[22m[39m15:57:44.482 [memory:mongodb:schema] info: applied schema validation to test_chunks

[90mstdout[2m | src/mongodb-schema.test.ts[2m > [22m[2mvalidationAction version gate (P3.5)[2m > [22m[2mkeeps error below MongoDB 8.1 when creating collections
[22m[39m15:57:44.482 [memory:mongodb:schema] info: applied schema validation to test_knowledge_base

[90mstdout[2m | src/mongodb-schema.test.ts[2m > [22m[2mvalidationAction version gate (P3.5)[2m > [22m[2mkeeps error below MongoDB 8.1 when creating collections
[22m[39m15:57:44.482 [memory:mongodb:schema] info: applied schema validation to test_kb_chunks

[90mstdout[2m | src/mongodb-schema.test.ts[2m > [22m[2mvalidationAction version gate (P3.5)[2m > [22m[2mkeeps error below MongoDB 8.1 when creating collections
[22m[39m15:57:44.482 [memory:mongodb:schema] info: applied schema validation to test_structured_mem

[90mstdout[2m | src/mongodb-schema.test.ts[2m > [22m[2mvalidationAction version gate (P3.5)[2m > [22m[2mkeeps error below MongoDB 8.1 when creating collections
[22m[39m15:57:44.482 [memory:mongodb:schema] info: applied schema validation to test_structured_mem_revisions

[90mstdout[2m | src/mongodb-schema.test.ts[2m > [22m[2mvalidationAction version gate (P3.5)[2m > [22m[2mkeeps error below MongoDB 8.1 when creating collections
[22m[39m15:57:44.482 [memory:mongodb:schema] info: applied schema validation to test_procedures

[90mstdout[2m | src/mongodb-schema.test.ts[2m > [22m[2mvalidationAction version gate (P3.5)[2m > [22m[2mkeeps error below MongoDB 8.1 when creating collections
[22m[39m15:57:44.482 [memory:mongodb:schema] info: applied schema validation to test_procedure_revisions

[90mstdout[2m | src/mongodb-schema.test.ts[2m > [22m[2mvalidationAction version gate (P3.5)[2m > [22m[2mkeeps error below MongoDB 8.1 when creating collections
[22m[39m15:57:44.482 [memory:mongodb:schema] info: applied schema validation to test_relevance_runs

[90mstdout[2m | src/mongodb-schema.test.ts[2m > [22m[2mvalidationAction version gate (P3.5)[2m > [22m[2mkeeps error below MongoDB 8.1 when creating collections
[22m[39m15:57:44.482 [memory:mongodb:schema] info: applied schema validation to test_relevance_artifacts

[90mstdout[2m | src/mongodb-schema.test.ts[2m > [22m[2mvalidationAction version gate (P3.5)[2m > [22m[2mkeeps error below MongoDB 8.1 when creating collections
[22m[39m15:57:44.482 [memory:mongodb:schema] info: applied schema validation to test_relevance_regressions

[90mstdout[2m | src/mongodb-schema.test.ts[2m > [22m[2mvalidationAction version gate (P3.5)[2m > [22m[2mkeeps error below MongoDB 8.1 when creating collections
[22m[39m15:57:44.482 [memory:mongodb:schema] info: applied schema validation to test_events

[90mstdout[2m | src/mongodb-schema.test.ts[2m > [22m[2mvalidationAction version gate (P3.5)[2m > [22m[2mkeeps error below MongoDB 8.1 when creating collections
[22m[39m15:57:44.482 [memory:mongodb:schema] info: applied schema validation to test_entities

[90mstdout[2m | src/mongodb-schema.test.ts[2m > [22m[2mvalidationAction version gate (P3.5)[2m > [22m[2mkeeps error below MongoDB 8.1 when creating collections
[22m[39m15:57:44.482 [memory:mongodb:schema] info: applied schema validation to test_relations

[90mstdout[2m | src/mongodb-schema.test.ts[2m > [22m[2mvalidationAction version gate (P3.5)[2m > [22m[2mkeeps error below MongoDB 8.1 when creating collections
[22m[39m15:57:44.482 [memory:mongodb:schema] info: applied schema validation to test_entity_links

[90mstdout[2m | src/mongodb-schema.test.ts[2m > [22m[2mvalidationAction version gate (P3.5)[2m > [22m[2mkeeps error below MongoDB 8.1 when creating collections
[22m[39m15:57:44.482 [memory:mongodb:schema] info: applied schema validation to test_episodes

[90mstdout[2m | src/mongodb-schema.test.ts[2m > [22m[2mvalidationAction version gate (P3.5)[2m > [22m[2mkeeps error below MongoDB 8.1 when creating collections
[22m[39m15:57:44.482 [memory:mongodb:schema] info: applied schema validation to test_ingest_runs

[90mstdout[2m | src/mongodb-schema.test.ts[2m > [22m[2mvalidationAction version gate (P3.5)[2m > [22m[2mkeeps error below MongoDB 8.1 when creating collections
[22m[39m15:57:44.482 [memory:mongodb:schema] info: applied schema validation to test_projection_runs

[90mstdout[2m | src/mongodb-schema.test.ts[2m > [22m[2mvalidationAction version gate (P3.5)[2m > [22m[2mkeeps error below MongoDB 8.1 when creating collections
[22m[39m15:57:44.482 [memory:mongodb:schema] info: applied schema validation to test_query_cache

[90mstdout[2m | src/mongodb-schema.test.ts[2m > [22m[2mvalidationAction version gate (P3.5)[2m > [22m[2mkeeps error below MongoDB 8.1 when creating collections
[22m[39m15:57:44.482 [memory:mongodb:schema] info: applied schema validation to test_memory_mutations

[90mstdout[2m | src/mongodb-schema.test.ts[2m > [22m[2mvalidationAction version gate (P3.5)[2m > [22m[2mkeeps error below MongoDB 8.1 when creating collections
[22m[39m15:57:44.482 [memory:mongodb:schema] info: applied schema validation to test_recall_traces

[90mstdout[2m | src/mongodb-schema.test.ts[2m > [22m[2mvalidationAction version gate (P3.5)[2m > [22m[2mkeeps error below MongoDB 8.1 when creating collections
[22m[39m15:57:44.482 [memory:mongodb:schema] info: applied schema validation to test_memory_jobs

[90mstdout[2m | src/mongodb-schema.test.ts[2m > [22m[2mvalidationAction version gate (P3.5)[2m > [22m[2mkeeps error below MongoDB 8.1 when creating collections
[22m[39m15:57:44.482 [memory:mongodb:schema] info: applied schema validation to test_memory_quarantine

[90mstdout[2m | src/mongodb-schema.test.ts[2m > [22m[2mvalidationAction version gate (P3.5)[2m > [22m[2mkeeps error below MongoDB 8.1 when creating collections
[22m[39m15:57:44.482 [memory:mongodb:schema] info: applied schema validation to test_files

[90mstdout[2m | src/mongodb-schema.test.ts[2m > [22m[2mvalidationAction version gate (P3.5)[2m > [22m[2mkeeps error when the server version is unknown
[22m[39m15:57:44.482 [memory:mongodb:schema] info: created collection test_chunks

[90mstdout[2m | src/mongodb-schema.test.ts[2m > [22m[2mvalidationAction version gate (P3.5)[2m > [22m[2mkeeps error when the server version is unknown
[22m[39m15:57:44.482 [memory:mongodb:schema] info: created collection test_files

[90mstdout[2m | src/mongodb-schema.test.ts[2m > [22m[2mvalidationAction version gate (P3.5)[2m > [22m[2mkeeps error when the server version is unknown
[22m[39m15:57:44.482 [memory:mongodb:schema] info: created collection test_meta

[90mstdout[2m | src/mongodb-schema.test.ts[2m > [22m[2mvalidationAction version gate (P3.5)[2m > [22m[2mkeeps error when the server version is unknown
[22m[39m15:57:44.482 [memory:mongodb:schema] info: created collection test_knowledge_base

[90mstdout[2m | src/mongodb-schema.test.ts[2m > [22m[2mvalidationAction version gate (P3.5)[2m > [22m[2mkeeps error when the server version is unknown
[22m[39m15:57:44.482 [memory:mongodb:schema] info: created collection test_kb_chunks

[90mstdout[2m | src/mongodb-schema.test.ts[2m > [22m[2mvalidationAction version gate (P3.5)[2m > [22m[2mkeeps error when the server version is unknown
[22m[39m15:57:44.483 [memory:mongodb:schema] info: created collection test_structured_mem

[90mstdout[2m | src/mongodb-schema.test.ts[2m > [22m[2mvalidationAction version gate (P3.5)[2m > [22m[2mkeeps error when the server version is unknown
[22m[39m15:57:44.483 [memory:mongodb:schema] info: created collection test_structured_mem_revisions

[90mstdout[2m | src/mongodb-schema.test.ts[2m > [22m[2mvalidationAction version gate (P3.5)[2m > [22m[2mkeeps error when the server version is unknown
[22m[39m15:57:44.483 [memory:mongodb:schema] info: created collection test_procedures

[90mstdout[2m | src/mongodb-schema.test.ts[2m > [22m[2mvalidationAction version gate (P3.5)[2m > [22m[2mkeeps error when the server version is unknown
[22m[39m15:57:44.483 [memory:mongodb:schema] info: created collection test_procedure_revisions

[90mstdout[2m | src/mongodb-schema.test.ts[2m > [22m[2mvalidationAction version gate (P3.5)[2m > [22m[2mkeeps error when the server version is unknown
[22m[39m15:57:44.483 [memory:mongodb:schema] info: created collection test_relevance_runs

[90mstdout[2m | src/mongodb-schema.test.ts[2m > [22m[2mvalidationAction version gate (P3.5)[2m > [22m[2mkeeps error when the server version is unknown
[22m[39m15:57:44.483 [memory:mongodb:schema] info: created collection test_relevance_artifacts

[90mstdout[2m | src/mongodb-schema.test.ts[2m > [22m[2mvalidationAction version gate (P3.5)[2m > [22m[2mkeeps error when the server version is unknown
[22m[39m15:57:44.483 [memory:mongodb:schema] info: created collection test_relevance_regressions

[90mstdout[2m | src/mongodb-schema.test.ts[2m > [22m[2mvalidationAction version gate (P3.5)[2m > [22m[2mkeeps error when the server version is unknown
[22m[39m15:57:44.483 [memory:mongodb:schema] info: created collection test_events

[90mstdout[2m | src/mongodb-schema.test.ts[2m > [22m[2mvalidationAction version gate (P3.5)[2m > [22m[2mkeeps error when the server version is unknown
[22m[39m15:57:44.483 [memory:mongodb:schema] info: created collection test_entities

[90mstdout[2m | src/mongodb-schema.test.ts[2m > [22m[2mvalidationAction version gate (P3.5)[2m > [22m[2mkeeps error when the server version is unknown
[22m[39m15:57:44.483 [memory:mongodb:schema] info: created collection test_relations

[90mstdout[2m | src/mongodb-schema.test.ts[2m > [22m[2mvalidationAction version gate (P3.5)[2m > [22m[2mkeeps error when the server version is unknown
[22m[39m15:57:44.483 [memory:mongodb:schema] info: created collection test_entity_links

[90mstdout[2m | src/mongodb-schema.test.ts[2m > [22m[2mvalidationAction version gate (P3.5)[2m > [22m[2mkeeps error when the server version is unknown
[22m[39m15:57:44.483 [memory:mongodb:schema] info: created collection test_episodes

[90mstdout[2m | src/mongodb-schema.test.ts[2m > [22m[2mvalidationAction version gate (P3.5)[2m > [22m[2mkeeps error when the server version is unknown
[22m[39m15:57:44.483 [memory:mongodb:schema] info: created collection test_ingest_runs

[90mstdout[2m | src/mongodb-schema.test.ts[2m > [22m[2mvalidationAction version gate (P3.5)[2m > [22m[2mkeeps error when the server version is unknown
[22m[39m15:57:44.483 [memory:mongodb:schema] info: created collection test_projection_runs

[90mstdout[2m | src/mongodb-schema.test.ts[2m > [22m[2mvalidationAction version gate (P3.5)[2m > [22m[2mkeeps error when the server version is unknown
[22m[39m15:57:44.483 [memory:mongodb:schema] info: created collection test_query_cache

[90mstdout[2m | src/mongodb-schema.test.ts[2m > [22m[2mvalidationAction version gate (P3.5)[2m > [22m[2mkeeps error when the server version is unknown
[22m[39m15:57:44.483 [memory:mongodb:schema] info: created collection test_memory_mutations

[90mstdout[2m | src/mongodb-schema.test.ts[2m > [22m[2mvalidationAction version gate (P3.5)[2m > [22m[2mkeeps error when the server version is unknown
[22m[39m15:57:44.483 [memory:mongodb:schema] info: created collection test_lane_coverage

[90mstdout[2m | src/mongodb-schema.test.ts[2m > [22m[2mvalidationAction version gate (P3.5)[2m > [22m[2mkeeps error when the server version is unknown
[22m[39m15:57:44.483 [memory:mongodb:schema] info: created collection test_consolidation_runs

[90mstdout[2m | src/mongodb-schema.test.ts[2m > [22m[2mvalidationAction version gate (P3.5)[2m > [22m[2mkeeps error when the server version is unknown
[22m[39m15:57:44.483 [memory:mongodb:schema] info: created collection test_recall_traces

[90mstdout[2m | src/mongodb-schema.test.ts[2m > [22m[2mvalidationAction version gate (P3.5)[2m > [22m[2mkeeps error when the server version is unknown
[22m[39m15:57:44.483 [memory:mongodb:schema] info: created collection test_memory_jobs

[90mstdout[2m | src/mongodb-schema.test.ts[2m > [22m[2mvalidationAction version gate (P3.5)[2m > [22m[2mkeeps error when the server version is unknown
[22m[39m15:57:44.483 [memory:mongodb:schema] info: created collection test_session_chunks

[90mstdout[2m | src/mongodb-schema.test.ts[2m > [22m[2mvalidationAction version gate (P3.5)[2m > [22m[2mkeeps error when the server version is unknown
[22m[39m15:57:44.483 [memory:mongodb:schema] info: created collection test_memory_quarantine

[90mstdout[2m | src/mongodb-schema.test.ts[2m > [22m[2mvalidationAction version gate (P3.5)[2m > [22m[2mkeeps error when the server version is unknown
[22m[39m15:57:44.483 [memory:mongodb:schema] info: created time series collection test_memory_telemetry

[90mstdout[2m | src/mongodb-schema.test.ts[2m > [22m[2mvalidationAction version gate (P3.5)[2m > [22m[2mkeeps error when the server version is unknown
[22m[39m15:57:44.483 [memory:mongodb:schema] info: created telemetry collection test_memory_telemetry

[90mstdout[2m | src/mongodb-schema.test.ts[2m > [22m[2mvalidationAction version gate (P3.5)[2m > [22m[2mkeeps error when the server version is unknown
[22m[39m15:57:44.483 [memory:mongodb:schema] info: created time series collection test_access_events

[90mstdout[2m | src/mongodb-schema.test.ts[2m > [22m[2mvalidationAction version gate (P3.5)[2m > [22m[2mkeeps error when the server version is unknown
[22m[39m15:57:44.483 [memory:mongodb:schema] info: created access events collection test_access_events

[90mstdout[2m | src/mongodb-schema.test.ts[2m > [22m[2mvalidationAction version gate (P3.5)[2m > [22m[2mkeeps error when the server version is unknown
[22m[39m15:57:44.484 [memory:mongodb:schema] info: applied schema validation to test_chunks

[90mstdout[2m | src/mongodb-schema.test.ts[2m > [22m[2mvalidationAction version gate (P3.5)[2m > [22m[2mkeeps error when the server version is unknown
[22m[39m15:57:44.484 [memory:mongodb:schema] info: applied schema validation to test_knowledge_base

[90mstdout[2m | src/mongodb-schema.test.ts[2m > [22m[2mvalidationAction version gate (P3.5)[2m > [22m[2mkeeps error when the server version is unknown
[22m[39m15:57:44.484 [memory:mongodb:schema] info: applied schema validation to test_kb_chunks

[90mstdout[2m | src/mongodb-schema.test.ts[2m > [22m[2mvalidationAction version gate (P3.5)[2m > [22m[2mkeeps error when the server version is unknown
[22m[39m15:57:44.484 [memory:mongodb:schema] info: applied schema validation to test_structured_mem

[90mstdout[2m | src/mongodb-schema.test.ts[2m > [22m[2mvalidationAction version gate (P3.5)[2m > [22m[2mkeeps error when the server version is unknown
[22m[39m15:57:44.484 [memory:mongodb:schema] info: applied schema validation to test_structured_mem_revisions

[90mstdout[2m | src/mongodb-schema.test.ts[2m > [22m[2mvalidationAction version gate (P3.5)[2m > [22m[2mkeeps error when the server version is unknown
[22m[39m15:57:44.484 [memory:mongodb:schema] info: applied schema validation to test_procedures

[90mstdout[2m | src/mongodb-schema.test.ts[2m > [22m[2mvalidationAction version gate (P3.5)[2m > [22m[2mkeeps error when the server version is unknown
[22m[39m15:57:44.484 [memory:mongodb:schema] info: applied schema validation to test_procedure_revisions

[90mstdout[2m | src/mongodb-schema.test.ts[2m > [22m[2mvalidationAction version gate (P3.5)[2m > [22m[2mkeeps error when the server version is unknown
[22m[39m15:57:44.484 [memory:mongodb:schema] info: applied schema validation to test_relevance_runs

[90mstdout[2m | src/mongodb-schema.test.ts[2m > [22m[2mvalidationAction version gate (P3.5)[2m > [22m[2mkeeps error when the server version is unknown
[22m[39m15:57:44.484 [memory:mongodb:schema] info: applied schema validation to test_relevance_artifacts

[90mstdout[2m | src/mongodb-schema.test.ts[2m > [22m[2mvalidationAction version gate (P3.5)[2m > [22m[2mkeeps error when the server version is unknown
[22m[39m15:57:44.484 [memory:mongodb:schema] info: applied schema validation to test_relevance_regressions

[90mstdout[2m | src/mongodb-schema.test.ts[2m > [22m[2mvalidationAction version gate (P3.5)[2m > [22m[2mkeeps error when the server version is unknown
[22m[39m15:57:44.484 [memory:mongodb:schema] info: applied schema validation to test_events

[90mstdout[2m | src/mongodb-schema.test.ts[2m > [22m[2mvalidationAction version gate (P3.5)[2m > [22m[2mkeeps error when the server version is unknown
[22m[39m15:57:44.484 [memory:mongodb:schema] info: applied schema validation to test_entities

[90mstdout[2m | src/mongodb-schema.test.ts[2m > [22m[2mvalidationAction version gate (P3.5)[2m > [22m[2mkeeps error when the server version is unknown
[22m[39m15:57:44.484 [memory:mongodb:schema] info: applied schema validation to test_relations

[90mstdout[2m | src/mongodb-schema.test.ts[2m > [22m[2mvalidationAction version gate (P3.5)[2m > [22m[2mkeeps error when the server version is unknown
[22m[39m15:57:44.484 [memory:mongodb:schema] info: applied schema validation to test_entity_links

[90mstdout[2m | src/mongodb-schema.test.ts[2m > [22m[2mvalidationAction version gate (P3.5)[2m > [22m[2mkeeps error when the server version is unknown
[22m[39m15:57:44.484 [memory:mongodb:schema] info: applied schema validation to test_episodes

[90mstdout[2m | src/mongodb-schema.test.ts[2m > [22m[2mvalidationAction version gate (P3.5)[2m > [22m[2mkeeps error when the server version is unknown
[22m[39m15:57:44.484 [memory:mongodb:schema] info: applied schema validation to test_ingest_runs

[90mstdout[2m | src/mongodb-schema.test.ts[2m > [22m[2mvalidationAction version gate (P3.5)[2m > [22m[2mkeeps error when the server version is unknown
[22m[39m15:57:44.484 [memory:mongodb:schema] info: applied schema validation to test_projection_runs

[90mstdout[2m | src/mongodb-schema.test.ts[2m > [22m[2mvalidationAction version gate (P3.5)[2m > [22m[2mkeeps error when the server version is unknown
[22m[39m15:57:44.484 [memory:mongodb:schema] info: applied schema validation to test_query_cache

[90mstdout[2m | src/mongodb-schema.test.ts[2m > [22m[2mvalidationAction version gate (P3.5)[2m > [22m[2mkeeps error when the server version is unknown
[22m[39m15:57:44.484 [memory:mongodb:schema] info: applied schema validation to test_memory_mutations

[90mstdout[2m | src/mongodb-schema.test.ts[2m > [22m[2mvalidationAction version gate (P3.5)[2m > [22m[2mkeeps error when the server version is unknown
[22m[39m15:57:44.484 [memory:mongodb:schema] info: applied schema validation to test_recall_traces

[90mstdout[2m | src/mongodb-schema.test.ts[2m > [22m[2mvalidationAction version gate (P3.5)[2m > [22m[2mkeeps error when the server version is unknown
[22m[39m15:57:44.484 [memory:mongodb:schema] info: applied schema validation to test_memory_jobs

[90mstdout[2m | src/mongodb-schema.test.ts[2m > [22m[2mvalidationAction version gate (P3.5)[2m > [22m[2mkeeps error when the server version is unknown
[22m[39m15:57:44.484 [memory:mongodb:schema] info: applied schema validation to test_memory_quarantine

[90mstdout[2m | src/mongodb-schema.test.ts[2m > [22m[2mvalidationAction version gate (P3.5)[2m > [22m[2mkeeps error when the server version is unknown
[22m[39m15:57:44.484 [memory:mongodb:schema] info: applied schema validation to test_files

[90mstdout[2m | src/mongodb-schema.test.ts[2m > [22m[2mvalidationAction version gate (P3.5)[2m > [22m[2muses errorAndLog on MongoDB 8.1+ for collMod schema validation
[22m[39m15:57:44.484 [memory:mongodb:schema] info: applied schema validation to test_chunks

[90mstdout[2m | src/mongodb-schema.test.ts[2m > [22m[2mvalidationAction version gate (P3.5)[2m > [22m[2muses errorAndLog on MongoDB 8.1+ for collMod schema validation
[22m[39m15:57:44.484 [memory:mongodb:schema] info: applied schema validation to test_knowledge_base

[90mstdout[2m | src/mongodb-schema.test.ts[2m > [22m[2mvalidationAction version gate (P3.5)[2m > [22m[2muses errorAndLog on MongoDB 8.1+ for collMod schema validation
[22m[39m15:57:44.484 [memory:mongodb:schema] info: applied schema validation to test_kb_chunks

[90mstdout[2m | src/mongodb-schema.test.ts[2m > [22m[2mvalidationAction version gate (P3.5)[2m > [22m[2muses errorAndLog on MongoDB 8.1+ for collMod schema validation
[22m[39m15:57:44.484 [memory:mongodb:schema] info: applied schema validation to test_structured_mem

[90mstdout[2m | src/mongodb-schema.test.ts[2m > [22m[2mvalidationAction version gate (P3.5)[2m > [22m[2muses errorAndLog on MongoDB 8.1+ for collMod schema validation
[22m[39m15:57:44.484 [memory:mongodb:schema] info: applied schema validation to test_structured_mem_revisions

[90mstdout[2m | src/mongodb-schema.test.ts[2m > [22m[2mvalidationAction version gate (P3.5)[2m > [22m[2muses errorAndLog on MongoDB 8.1+ for collMod schema validation
[22m[39m15:57:44.484 [memory:mongodb:schema] info: applied schema validation to test_procedures

[90mstdout[2m | src/mongodb-schema.test.ts[2m > [22m[2mvalidationAction version gate (P3.5)[2m > [22m[2muses errorAndLog on MongoDB 8.1+ for collMod schema validation
[22m[39m15:57:44.484 [memory:mongodb:schema] info: applied schema validation to test_procedure_revisions

[90mstdout[2m | src/mongodb-schema.test.ts[2m > [22m[2mvalidationAction version gate (P3.5)[2m > [22m[2muses errorAndLog on MongoDB 8.1+ for collMod schema validation
[22m[39m15:57:44.485 [memory:mongodb:schema] info: applied schema validation to test_relevance_runs

[90mstdout[2m | src/mongodb-schema.test.ts[2m > [22m[2mvalidationAction version gate (P3.5)[2m > [22m[2muses errorAndLog on MongoDB 8.1+ for collMod schema validation
[22m[39m15:57:44.485 [memory:mongodb:schema] info: applied schema validation to test_relevance_artifacts

[90mstdout[2m | src/mongodb-schema.test.ts[2m > [22m[2mvalidationAction version gate (P3.5)[2m > [22m[2muses errorAndLog on MongoDB 8.1+ for collMod schema validation
[22m[39m15:57:44.485 [memory:mongodb:schema] info: applied schema validation to test_relevance_regressions

[90mstdout[2m | src/mongodb-schema.test.ts[2m > [22m[2mvalidationAction version gate (P3.5)[2m > [22m[2muses errorAndLog on MongoDB 8.1+ for collMod schema validation
[22m[39m15:57:44.485 [memory:mongodb:schema] info: applied schema validation to test_events

[90mstdout[2m | src/mongodb-schema.test.ts[2m > [22m[2mvalidationAction version gate (P3.5)[2m > [22m[2muses errorAndLog on MongoDB 8.1+ for collMod schema validation
[22m[39m15:57:44.485 [memory:mongodb:schema] info: applied schema validation to test_entities

[90mstdout[2m | src/mongodb-schema.test.ts[2m > [22m[2mvalidationAction version gate (P3.5)[2m > [22m[2muses errorAndLog on MongoDB 8.1+ for collMod schema validation
[22m[39m15:57:44.485 [memory:mongodb:schema] info: applied schema validation to test_relations

[90mstdout[2m | src/mongodb-schema.test.ts[2m > [22m[2mvalidationAction version gate (P3.5)[2m > [22m[2muses errorAndLog on MongoDB 8.1+ for collMod schema validation
[22m[39m15:57:44.485 [memory:mongodb:schema] info: applied schema validation to test_entity_links

[90mstdout[2m | src/mongodb-schema.test.ts[2m > [22m[2mvalidationAction version gate (P3.5)[2m > [22m[2muses errorAndLog on MongoDB 8.1+ for collMod schema validation
[22m[39m15:57:44.485 [memory:mongodb:schema] info: applied schema validation to test_episodes

[90mstdout[2m | src/mongodb-schema.test.ts[2m > [22m[2mvalidationAction version gate (P3.5)[2m > [22m[2muses errorAndLog on MongoDB 8.1+ for collMod schema validation
[22m[39m15:57:44.485 [memory:mongodb:schema] info: applied schema validation to test_ingest_runs

[90mstdout[2m | src/mongodb-schema.test.ts[2m > [22m[2mvalidationAction version gate (P3.5)[2m > [22m[2muses errorAndLog on MongoDB 8.1+ for collMod schema validation
[22m[39m15:57:44.485 [memory:mongodb:schema] info: applied schema validation to test_projection_runs

[90mstdout[2m | src/mongodb-schema.test.ts[2m > [22m[2mvalidationAction version gate (P3.5)[2m > [22m[2muses errorAndLog on MongoDB 8.1+ for collMod schema validation
[22m[39m15:57:44.485 [memory:mongodb:schema] info: applied schema validation to test_query_cache

[90mstdout[2m | src/mongodb-schema.test.ts[2m > [22m[2mvalidationAction version gate (P3.5)[2m > [22m[2muses errorAndLog on MongoDB 8.1+ for collMod schema validation
[22m[39m15:57:44.485 [memory:mongodb:schema] info: applied schema validation to test_memory_mutations

[90mstdout[2m | src/mongodb-schema.test.ts[2m > [22m[2mvalidationAction version gate (P3.5)[2m > [22m[2muses errorAndLog on MongoDB 8.1+ for collMod schema validation
[22m[39m15:57:44.485 [memory:mongodb:schema] info: applied schema validation to test_recall_traces

[90mstdout[2m | src/mongodb-schema.test.ts[2m > [22m[2mvalidationAction version gate (P3.5)[2m > [22m[2muses errorAndLog on MongoDB 8.1+ for collMod schema validation
[22m[39m15:57:44.485 [memory:mongodb:schema] info: applied schema validation to test_memory_jobs

[90mstdout[2m | src/mongodb-schema.test.ts[2m > [22m[2mvalidationAction version gate (P3.5)[2m > [22m[2muses errorAndLog on MongoDB 8.1+ for collMod schema validation
[22m[39m15:57:44.485 [memory:mongodb:schema] info: applied schema validation to test_memory_quarantine

[90mstdout[2m | src/mongodb-schema.test.ts[2m > [22m[2mvalidationAction version gate (P3.5)[2m > [22m[2muses errorAndLog on MongoDB 8.1+ for collMod schema validation
[22m[39m15:57:44.485 [memory:mongodb:schema] info: applied schema validation to test_files

[90mstdout[2m | src/mongodb-schema.test.ts[2m > [22m[2mvalidationAction version gate (P3.5)[2m > [22m[2mkeeps error below MongoDB 8.1 for collMod schema validation
[22m[39m15:57:44.485 [memory:mongodb:schema] info: applied schema validation to test_chunks

[90mstdout[2m | src/mongodb-schema.test.ts[2m > [22m[2mvalidationAction version gate (P3.5)[2m > [22m[2mkeeps error below MongoDB 8.1 for collMod schema validation
[22m[39m15:57:44.485 [memory:mongodb:schema] info: applied schema validation to test_knowledge_base

[90mstdout[2m | src/mongodb-schema.test.ts[2m > [22m[2mvalidationAction version gate (P3.5)[2m > [22m[2mkeeps error below MongoDB 8.1 for collMod schema validation
[22m[39m15:57:44.485 [memory:mongodb:schema] info: applied schema validation to test_kb_chunks

[90mstdout[2m | src/mongodb-schema.test.ts[2m > [22m[2mvalidationAction version gate (P3.5)[2m > [22m[2mkeeps error below MongoDB 8.1 for collMod schema validation
[22m[39m15:57:44.485 [memory:mongodb:schema] info: applied schema validation to test_structured_mem

[90mstdout[2m | src/mongodb-schema.test.ts[2m > [22m[2mvalidationAction version gate (P3.5)[2m > [22m[2mkeeps error below MongoDB 8.1 for collMod schema validation
[22m[39m15:57:44.485 [memory:mongodb:schema] info: applied schema validation to test_structured_mem_revisions

[90mstdout[2m | src/mongodb-schema.test.ts[2m > [22m[2mvalidationAction version gate (P3.5)[2m > [22m[2mkeeps error below MongoDB 8.1 for collMod schema validation
[22m[39m15:57:44.485 [memory:mongodb:schema] info: applied schema validation to test_procedures

[90mstdout[2m | src/mongodb-schema.test.ts[2m > [22m[2mvalidationAction version gate (P3.5)[2m > [22m[2mkeeps error below MongoDB 8.1 for collMod schema validation
[22m[39m15:57:44.485 [memory:mongodb:schema] info: applied schema validation to test_procedure_revisions

[90mstdout[2m | src/mongodb-schema.test.ts[2m > [22m[2mvalidationAction version gate (P3.5)[2m > [22m[2mkeeps error below MongoDB 8.1 for collMod schema validation
[22m[39m15:57:44.485 [memory:mongodb:schema] info: applied schema validation to test_relevance_runs

[90mstdout[2m | src/mongodb-schema.test.ts[2m > [22m[2mvalidationAction version gate (P3.5)[2m > [22m[2mkeeps error below MongoDB 8.1 for collMod schema validation
[22m[39m15:57:44.485 [memory:mongodb:schema] info: applied schema validation to test_relevance_artifacts

[90mstdout[2m | src/mongodb-schema.test.ts[2m > [22m[2mvalidationAction version gate (P3.5)[2m > [22m[2mkeeps error below MongoDB 8.1 for collMod schema validation
[22m[39m15:57:44.485 [memory:mongodb:schema] info: applied schema validation to test_relevance_regressions

[90mstdout[2m | src/mongodb-schema.test.ts[2m > [22m[2mvalidationAction version gate (P3.5)[2m > [22m[2mkeeps error below MongoDB 8.1 for collMod schema validation
[22m[39m15:57:44.485 [memory:mongodb:schema] info: applied schema validation to test_events

[90mstdout[2m | src/mongodb-schema.test.ts[2m > [22m[2mvalidationAction version gate (P3.5)[2m > [22m[2mkeeps error below MongoDB 8.1 for collMod schema validation
[22m[39m15:57:44.485 [memory:mongodb:schema] info: applied schema validation to test_entities

[90mstdout[2m | src/mongodb-schema.test.ts[2m > [22m[2mvalidationAction version gate (P3.5)[2m > [22m[2mkeeps error below MongoDB 8.1 for collMod schema validation
[22m[39m15:57:44.485 [memory:mongodb:schema] info: applied schema validation to test_relations

[90mstdout[2m | src/mongodb-schema.test.ts[2m > [22m[2mvalidationAction version gate (P3.5)[2m > [22m[2mkeeps error below MongoDB 8.1 for collMod schema validation
[22m[39m15:57:44.485 [memory:mongodb:schema] info: applied schema validation to test_entity_links

[90mstdout[2m | src/mongodb-schema.test.ts[2m > [22m[2mvalidationAction version gate (P3.5)[2m > [22m[2mkeeps error below MongoDB 8.1 for collMod schema validation
[22m[39m15:57:44.485 [memory:mongodb:schema] info: applied schema validation to test_episodes

[90mstdout[2m | src/mongodb-schema.test.ts[2m > [22m[2mvalidationAction version gate (P3.5)[2m > [22m[2mkeeps error below MongoDB 8.1 for collMod schema validation
[22m[39m15:57:44.485 [memory:mongodb:schema] info: applied schema validation to test_ingest_runs

[90mstdout[2m | src/mongodb-schema.test.ts[2m > [22m[2mvalidationAction version gate (P3.5)[2m > [22m[2mkeeps error below MongoDB 8.1 for collMod schema validation
[22m[39m15:57:44.485 [memory:mongodb:schema] info: applied schema validation to test_projection_runs

[90mstdout[2m | src/mongodb-schema.test.ts[2m > [22m[2mvalidationAction version gate (P3.5)[2m > [22m[2mkeeps error below MongoDB 8.1 for collMod schema validation
[22m[39m15:57:44.485 [memory:mongodb:schema] info: applied schema validation to test_query_cache

[90mstdout[2m | src/mongodb-schema.test.ts[2m > [22m[2mvalidationAction version gate (P3.5)[2m > [22m[2mkeeps error below MongoDB 8.1 for collMod schema validation
[22m[39m15:57:44.485 [memory:mongodb:schema] info: applied schema validation to test_memory_mutations

[90mstdout[2m | src/mongodb-schema.test.ts[2m > [22m[2mvalidationAction version gate (P3.5)[2m > [22m[2mkeeps error below MongoDB 8.1 for collMod schema validation
[22m[39m15:57:44.485 [memory:mongodb:schema] info: applied schema validation to test_recall_traces

[90mstdout[2m | src/mongodb-schema.test.ts[2m > [22m[2mvalidationAction version gate (P3.5)[2m > [22m[2mkeeps error below MongoDB 8.1 for collMod schema validation
[22m[39m15:57:44.485 [memory:mongodb:schema] info: applied schema validation to test_memory_jobs

[90mstdout[2m | src/mongodb-schema.test.ts[2m > [22m[2mvalidationAction version gate (P3.5)[2m > [22m[2mkeeps error below MongoDB 8.1 for collMod schema validation
[22m[39m15:57:44.485 [memory:mongodb:schema] info: applied schema validation to test_memory_quarantine

[90mstdout[2m | src/mongodb-schema.test.ts[2m > [22m[2mvalidationAction version gate (P3.5)[2m > [22m[2mkeeps error below MongoDB 8.1 for collMod schema validation
[22m[39m15:57:44.485 [memory:mongodb:schema] info: applied schema validation to test_files

 [32m✓[39m src/mongodb-schema.test.ts [2m([22m[2m57 tests[22m[2m)[22m[32m 92[2mms[22m[39m
[90mstdout[2m | src/mongodb-quarantine-review.test.ts[2m > [22m[2mpromoteQuarantined — classifier overrule (C-004)[2m > [22m[2mwrites structured memory via the consolidator's extraction and records the decision
[22m[39m15:57:45.073 [memory:mongodb:structured] info: structured memory created: type=preference key=*** over spaces in TypeScript files revision=1

[90mstdout[2m | src/mongodb-quarantine-review.test.ts[2m > [22m[2mMongoDBMemoryManager — facade wiring (C-004)[2m > [22m[2mdelegates list/promote/reject through the ops collaborators
[22m[39m15:57:45.078 [memory:mongodb:structured] info: structured memory created: type=preference key=*** over spaces in TypeScript files revision=1

 [32m✓[39m src/mongodb-quarantine-review.test.ts [2m([22m[2m9 tests[22m[2m)[22m[32m 10[2mms[22m[39m

[2m Test Files [22m [1m[32m2 passed[39m[22m[90m (2)[39m
[2m      Tests [22m [1m[32m66 passed[39m[22m[90m (66)[39m
[2m   Start at [22m 15:57:43
[2m   Duration [22m 1.08s[2m (transform 903ms, setup 0ms, import 1.19s, tests 103ms, environment 0ms)[22m

control_exit=0 expected_zero=true
final_review_sha256=c95549e7ae119d4a223e919a086df37589a0329e3fb546158a4d95e8099bbe68 expected=c95549e7ae119d4a223e919a086df37589a0329e3fb546158a4d95e8099bbe68
final_schema_sha256=cf63a968ecd0691e3d6e0f88d2fb86f75c19515326223834f96a6142b3a1e239 expected=cf63a968ecd0691e3d6e0f88d2fb86f75c19515326223834f96a6142b3a1e239
final_review_cmp_exit=0
final_schema_cmp_exit=0
