
[1m[30m[46m RUN [49m[39m[22m [36mv4.1.10 [39m[90m/Users/rom.iluz/Dev/memongo/packages/memory-engine[39m

[90mstdout[2m | src/mongodb-schema.part3.test.ts[2m > [22m[2mwiki source categorization fields[2m > [22m[2mKB_SCHEMA includes optional wikiSource field
[22m[39m17:52:57.273 [memory:mongodb:schema] info: created collection test_chunks

[90mstdout[2m | src/mongodb-schema.part3.test.ts[2m > [22m[2mwiki source categorization fields[2m > [22m[2mKB_SCHEMA includes optional wikiSource field
[22m[39m17:52:57.276 [memory:mongodb:schema] info: created collection test_files

[90mstdout[2m | src/mongodb-schema.part3.test.ts[2m > [22m[2mwiki source categorization fields[2m > [22m[2mKB_SCHEMA includes optional wikiSource field
[22m[39m17:52:57.276 [memory:mongodb:schema] info: created collection test_meta

[90mstdout[2m | src/mongodb-schema.part3.test.ts[2m > [22m[2mwiki source categorization fields[2m > [22m[2mKB_SCHEMA includes optional wikiSource field
[22m[39m17:52:57.276 [memory:mongodb:schema] info: created collection test_knowledge_base

[90mstdout[2m | src/mongodb-schema.part3.test.ts[2m > [22m[2mwiki source categorization fields[2m > [22m[2mKB_SCHEMA includes optional wikiSource field
[22m[39m17:52:57.276 [memory:mongodb:schema] info: created collection test_kb_chunks

[90mstdout[2m | src/mongodb-schema.part3.test.ts[2m > [22m[2mwiki source categorization fields[2m > [22m[2mKB_SCHEMA includes optional wikiSource field
[22m[39m17:52:57.276 [memory:mongodb:schema] info: created collection test_structured_mem

[90mstdout[2m | src/mongodb-schema.part3.test.ts[2m > [22m[2mwiki source categorization fields[2m > [22m[2mKB_SCHEMA includes optional wikiSource field
[22m[39m17:52:57.276 [memory:mongodb:schema] info: created collection test_structured_mem_revisions

[90mstdout[2m | src/mongodb-schema.part3.test.ts[2m > [22m[2mwiki source categorization fields[2m > [22m[2mKB_SCHEMA includes optional wikiSource field
[22m[39m17:52:57.276 [memory:mongodb:schema] info: created collection test_procedures

[90mstdout[2m | src/mongodb-schema.part3.test.ts[2m > [22m[2mwiki source categorization fields[2m > [22m[2mKB_SCHEMA includes optional wikiSource field
[22m[39m17:52:57.276 [memory:mongodb:schema] info: created collection test_procedure_revisions

[90mstdout[2m | src/mongodb-schema.part3.test.ts[2m > [22m[2mwiki source categorization fields[2m > [22m[2mKB_SCHEMA includes optional wikiSource field
[22m[39m17:52:57.277 [memory:mongodb:schema] info: created collection test_relevance_runs

[90mstdout[2m | src/mongodb-schema.part3.test.ts[2m > [22m[2mwiki source categorization fields[2m > [22m[2mKB_SCHEMA includes optional wikiSource field
[22m[39m17:52:57.277 [memory:mongodb:schema] info: created collection test_relevance_artifacts

[90mstdout[2m | src/mongodb-schema.part3.test.ts[2m > [22m[2mwiki source categorization fields[2m > [22m[2mKB_SCHEMA includes optional wikiSource field
[22m[39m17:52:57.277 [memory:mongodb:schema] info: created collection test_relevance_regressions

[90mstdout[2m | src/mongodb-schema.part3.test.ts[2m > [22m[2mwiki source categorization fields[2m > [22m[2mKB_SCHEMA includes optional wikiSource field
[22m[39m17:52:57.277 [memory:mongodb:schema] info: created collection test_events

[90mstdout[2m | src/mongodb-schema.part3.test.ts[2m > [22m[2mwiki source categorization fields[2m > [22m[2mKB_SCHEMA includes optional wikiSource field
[22m[39m17:52:57.277 [memory:mongodb:schema] info: created collection test_entities

[90mstdout[2m | src/mongodb-schema.part3.test.ts[2m > [22m[2mwiki source categorization fields[2m > [22m[2mKB_SCHEMA includes optional wikiSource field
[22m[39m17:52:57.277 [memory:mongodb:schema] info: created collection test_relations

[90mstdout[2m | src/mongodb-schema.part3.test.ts[2m > [22m[2mwiki source categorization fields[2m > [22m[2mKB_SCHEMA includes optional wikiSource field
[22m[39m17:52:57.277 [memory:mongodb:schema] info: created collection test_entity_links

[90mstdout[2m | src/mongodb-schema.part3.test.ts[2m > [22m[2mwiki source categorization fields[2m > [22m[2mKB_SCHEMA includes optional wikiSource field
[22m[39m17:52:57.277 [memory:mongodb:schema] info: created collection test_episodes

[90mstdout[2m | src/mongodb-schema.part3.test.ts[2m > [22m[2mwiki source categorization fields[2m > [22m[2mKB_SCHEMA includes optional wikiSource field
[22m[39m17:52:57.277 [memory:mongodb:schema] info: created collection test_ingest_runs

[90mstdout[2m | src/mongodb-schema.part3.test.ts[2m > [22m[2mwiki source categorization fields[2m > [22m[2mKB_SCHEMA includes optional wikiSource field
[22m[39m17:52:57.277 [memory:mongodb:schema] info: created collection test_projection_runs

[90mstdout[2m | src/mongodb-schema.part3.test.ts[2m > [22m[2mwiki source categorization fields[2m > [22m[2mKB_SCHEMA includes optional wikiSource field
[22m[39m17:52:57.277 [memory:mongodb:schema] info: created collection test_query_cache

[90mstdout[2m | src/mongodb-schema.part3.test.ts[2m > [22m[2mwiki source categorization fields[2m > [22m[2mKB_SCHEMA includes optional wikiSource field
[22m[39m17:52:57.277 [memory:mongodb:schema] info: created collection test_memory_mutations

[90mstdout[2m | src/mongodb-schema.part3.test.ts[2m > [22m[2mwiki source categorization fields[2m > [22m[2mKB_SCHEMA includes optional wikiSource field
[22m[39m17:52:57.277 [memory:mongodb:schema] info: created collection test_lane_coverage

[90mstdout[2m | src/mongodb-schema.part3.test.ts[2m > [22m[2mwiki source categorization fields[2m > [22m[2mKB_SCHEMA includes optional wikiSource field
[22m[39m17:52:57.277 [memory:mongodb:schema] info: created collection test_consolidation_runs

[90mstdout[2m | src/mongodb-schema.part3.test.ts[2m > [22m[2mwiki source categorization fields[2m > [22m[2mKB_SCHEMA includes optional wikiSource field
[22m[39m17:52:57.277 [memory:mongodb:schema] info: created collection test_recall_traces

[90mstdout[2m | src/mongodb-schema.part3.test.ts[2m > [22m[2mwiki source categorization fields[2m > [22m[2mKB_SCHEMA includes optional wikiSource field
[22m[39m17:52:57.277 [memory:mongodb:schema] info: created collection test_memory_jobs

[90mstdout[2m | src/mongodb-schema.part3.test.ts[2m > [22m[2mwiki source categorization fields[2m > [22m[2mKB_SCHEMA includes optional wikiSource field
[22m[39m17:52:57.277 [memory:mongodb:schema] info: created collection test_session_chunks

[90mstdout[2m | src/mongodb-schema.part3.test.ts[2m > [22m[2mwiki source categorization fields[2m > [22m[2mKB_SCHEMA includes optional wikiSource field
[22m[39m17:52:57.277 [memory:mongodb:schema] info: created collection test_memory_quarantine

[90mstdout[2m | src/mongodb-schema.part3.test.ts[2m > [22m[2mwiki source categorization fields[2m > [22m[2mKB_SCHEMA includes optional wikiSource field
[22m[39m17:52:57.278 [memory:mongodb:schema] info: created time series collection test_memory_telemetry

[90mstdout[2m | src/mongodb-schema.part3.test.ts[2m > [22m[2mwiki source categorization fields[2m > [22m[2mKB_SCHEMA includes optional wikiSource field
[22m[39m17:52:57.278 [memory:mongodb:schema] info: created telemetry collection test_memory_telemetry

[90mstdout[2m | src/mongodb-schema.part3.test.ts[2m > [22m[2mwiki source categorization fields[2m > [22m[2mKB_SCHEMA includes optional wikiSource field
[22m[39m17:52:57.278 [memory:mongodb:schema] info: created time series collection test_access_events

[90mstdout[2m | src/mongodb-schema.part3.test.ts[2m > [22m[2mwiki source categorization fields[2m > [22m[2mKB_SCHEMA includes optional wikiSource field
[22m[39m17:52:57.278 [memory:mongodb:schema] info: created access events collection test_access_events

[90mstdout[2m | src/mongodb-schema.part3.test.ts[2m > [22m[2mwiki source categorization fields[2m > [22m[2mKB_SCHEMA includes optional wikiSource field
[22m[39m17:52:57.278 [memory:mongodb:schema] info: applied schema validation to test_chunks

[90mstdout[2m | src/mongodb-schema.part3.test.ts[2m > [22m[2mwiki source categorization fields[2m > [22m[2mKB_SCHEMA includes optional wikiSource field
[22m[39m17:52:57.278 [memory:mongodb:schema] info: applied schema validation to test_knowledge_base

[90mstdout[2m | src/mongodb-schema.part3.test.ts[2m > [22m[2mwiki source categorization fields[2m > [22m[2mKB_SCHEMA includes optional wikiSource field
[22m[39m17:52:57.278 [memory:mongodb:schema] info: applied schema validation to test_kb_chunks

[90mstdout[2m | src/mongodb-schema.part3.test.ts[2m > [22m[2mwiki source categorization fields[2m > [22m[2mKB_SCHEMA includes optional wikiSource field
[22m[39m17:52:57.278 [memory:mongodb:schema] info: applied schema validation to test_structured_mem

[90mstdout[2m | src/mongodb-schema.part3.test.ts[2m > [22m[2mwiki source categorization fields[2m > [22m[2mKB_SCHEMA includes optional wikiSource field
[22m[39m17:52:57.278 [memory:mongodb:schema] info: applied schema validation to test_structured_mem_revisions

[90mstdout[2m | src/mongodb-schema.part3.test.ts[2m > [22m[2mwiki source categorization fields[2m > [22m[2mKB_SCHEMA includes optional wikiSource field
[22m[39m17:52:57.278 [memory:mongodb:schema] info: applied schema validation to test_procedures

[90mstdout[2m | src/mongodb-schema.part3.test.ts[2m > [22m[2mwiki source categorization fields[2m > [22m[2mKB_SCHEMA includes optional wikiSource field
[22m[39m17:52:57.278 [memory:mongodb:schema] info: applied schema validation to test_procedure_revisions

[90mstdout[2m | src/mongodb-schema.part3.test.ts[2m > [22m[2mwiki source categorization fields[2m > [22m[2mKB_SCHEMA includes optional wikiSource field
[22m[39m17:52:57.278 [memory:mongodb:schema] info: applied schema validation to test_relevance_runs

[90mstdout[2m | src/mongodb-schema.part3.test.ts[2m > [22m[2mwiki source categorization fields[2m > [22m[2mKB_SCHEMA includes optional wikiSource field
[22m[39m17:52:57.278 [memory:mongodb:schema] info: applied schema validation to test_relevance_artifacts

[90mstdout[2m | src/mongodb-schema.part3.test.ts[2m > [22m[2mwiki source categorization fields[2m > [22m[2mKB_SCHEMA includes optional wikiSource field
[22m[39m17:52:57.279 [memory:mongodb:schema] info: applied schema validation to test_relevance_regressions

[90mstdout[2m | src/mongodb-schema.part3.test.ts[2m > [22m[2mwiki source categorization fields[2m > [22m[2mKB_SCHEMA includes optional wikiSource field
[22m[39m17:52:57.279 [memory:mongodb:schema] info: applied schema validation to test_events

[90mstdout[2m | src/mongodb-schema.part3.test.ts[2m > [22m[2mwiki source categorization fields[2m > [22m[2mKB_SCHEMA includes optional wikiSource field
[22m[39m17:52:57.279 [memory:mongodb:schema] info: applied schema validation to test_entities

[90mstdout[2m | src/mongodb-schema.part3.test.ts[2m > [22m[2mwiki source categorization fields[2m > [22m[2mKB_SCHEMA includes optional wikiSource field
[22m[39m17:52:57.279 [memory:mongodb:schema] info: applied schema validation to test_relations

[90mstdout[2m | src/mongodb-schema.part3.test.ts[2m > [22m[2mwiki source categorization fields[2m > [22m[2mKB_SCHEMA includes optional wikiSource field
[22m[39m17:52:57.279 [memory:mongodb:schema] info: applied schema validation to test_entity_links

[90mstdout[2m | src/mongodb-schema.part3.test.ts[2m > [22m[2mwiki source categorization fields[2m > [22m[2mKB_SCHEMA includes optional wikiSource field
[22m[39m17:52:57.279 [memory:mongodb:schema] info: applied schema validation to test_episodes

[90mstdout[2m | src/mongodb-schema.part3.test.ts[2m > [22m[2mwiki source categorization fields[2m > [22m[2mKB_SCHEMA includes optional wikiSource field
[22m[39m17:52:57.279 [memory:mongodb:schema] info: applied schema validation to test_ingest_runs

[90mstdout[2m | src/mongodb-schema.part3.test.ts[2m > [22m[2mwiki source categorization fields[2m > [22m[2mKB_SCHEMA includes optional wikiSource field
[22m[39m17:52:57.279 [memory:mongodb:schema] info: applied schema validation to test_projection_runs

[90mstdout[2m | src/mongodb-schema.part3.test.ts[2m > [22m[2mwiki source categorization fields[2m > [22m[2mKB_SCHEMA includes optional wikiSource field
[22m[39m17:52:57.279 [memory:mongodb:schema] info: applied schema validation to test_query_cache

[90mstdout[2m | src/mongodb-schema.part3.test.ts[2m > [22m[2mwiki source categorization fields[2m > [22m[2mKB_SCHEMA includes optional wikiSource field
[22m[39m17:52:57.279 [memory:mongodb:schema] info: applied schema validation to test_memory_mutations

[90mstdout[2m | src/mongodb-schema.part3.test.ts[2m > [22m[2mwiki source categorization fields[2m > [22m[2mKB_SCHEMA includes optional wikiSource field
[22m[39m17:52:57.279 [memory:mongodb:schema] info: applied schema validation to test_recall_traces

[90mstdout[2m | src/mongodb-schema.part3.test.ts[2m > [22m[2mwiki source categorization fields[2m > [22m[2mKB_SCHEMA includes optional wikiSource field
[22m[39m17:52:57.279 [memory:mongodb:schema] info: applied schema validation to test_memory_jobs

[90mstdout[2m | src/mongodb-schema.part3.test.ts[2m > [22m[2mwiki source categorization fields[2m > [22m[2mKB_SCHEMA includes optional wikiSource field
[22m[39m17:52:57.279 [memory:mongodb:schema] info: applied schema validation to test_memory_quarantine

[90mstdout[2m | src/mongodb-schema.part3.test.ts[2m > [22m[2mwiki source categorization fields[2m > [22m[2mKB_SCHEMA includes optional wikiSource field
[22m[39m17:52:57.279 [memory:mongodb:schema] info: applied schema validation to test_files

[90mstdout[2m | src/mongodb-schema.part3.test.ts[2m > [22m[2mwiki source categorization fields[2m > [22m[2mKB_SCHEMA includes optional vault and section fields
[22m[39m17:52:57.280 [memory:mongodb:schema] info: created collection test_chunks

[90mstdout[2m | src/mongodb-schema.part3.test.ts[2m > [22m[2mwiki source categorization fields[2m > [22m[2mKB_SCHEMA includes optional vault and section fields
[22m[39m17:52:57.280 [memory:mongodb:schema] info: created collection test_files

[90mstdout[2m | src/mongodb-schema.test.ts[2m > [22m[2mschema constants[2m > [22m[2mkb_chunks schema uses string docId, not objectId (F9)
[22m[39m17:52:57.277 [memory:mongodb:schema] info: created collection test_chunks

[90mstdout[2m | src/mongodb-schema.part3.test.ts[2m > [22m[2mwiki source categorization fields[2m > [22m[2mKB_SCHEMA includes optional vault and section fields
[22m[39m17:52:57.280 [memory:mongodb:schema] info: created collection test_meta

[90mstdout[2m | src/mongodb-schema.test.ts[2m > [22m[2mschema constants[2m > [22m[2mkb_chunks schema uses string docId, not objectId (F9)
[22m[39m17:52:57.280 [memory:mongodb:schema] info: created collection test_files

[90mstdout[2m | src/mongodb-schema.test.ts[2m > [22m[2mschema constants[2m > [22m[2mkb_chunks schema uses string docId, not objectId (F9)
[22m[39m17:52:57.280 [memory:mongodb:schema] info: created collection test_meta

[90mstdout[2m | src/mongodb-schema.test.ts[2m > [22m[2mschema constants[2m > [22m[2mkb_chunks schema uses string docId, not objectId (F9)
[22m[39m17:52:57.280 [memory:mongodb:schema] info: created collection test_knowledge_base

[90mstdout[2m | src/mongodb-schema.test.ts[2m > [22m[2mschema constants[2m > [22m[2mkb_chunks schema uses string docId, not objectId (F9)
[22m[39m17:52:57.280 [memory:mongodb:schema] info: created collection test_kb_chunks

[90mstdout[2m | src/mongodb-schema.test.ts[2m > [22m[2mschema constants[2m > [22m[2mkb_chunks schema uses string docId, not objectId (F9)
[22m[39m17:52:57.280 [memory:mongodb:schema] info: created collection test_structured_mem

[90mstdout[2m | src/mongodb-schema.test.ts[2m > [22m[2mschema constants[2m > [22m[2mkb_chunks schema uses string docId, not objectId (F9)
[22m[39m17:52:57.280 [memory:mongodb:schema] info: created collection test_structured_mem_revisions

[90mstdout[2m | src/mongodb-schema.test.ts[2m > [22m[2mschema constants[2m > [22m[2mkb_chunks schema uses string docId, not objectId (F9)
[22m[39m17:52:57.280 [memory:mongodb:schema] info: created collection test_procedures

[90mstdout[2m | src/mongodb-schema.test.ts[2m > [22m[2mschema constants[2m > [22m[2mkb_chunks schema uses string docId, not objectId (F9)
[22m[39m17:52:57.281 [memory:mongodb:schema] info: created collection test_procedure_revisions

[90mstdout[2m | src/mongodb-schema.part3.test.ts[2m > [22m[2mwiki source categorization fields[2m > [22m[2mKB_SCHEMA includes optional vault and section fields
[22m[39m17:52:57.280 [memory:mongodb:schema] info: created collection test_knowledge_base

[90mstdout[2m | src/mongodb-schema.test.ts[2m > [22m[2mschema constants[2m > [22m[2mkb_chunks schema uses string docId, not objectId (F9)
[22m[39m17:52:57.281 [memory:mongodb:schema] info: created collection test_relevance_runs

[90mstdout[2m | src/mongodb-schema.part3.test.ts[2m > [22m[2mwiki source categorization fields[2m > [22m[2mKB_SCHEMA includes optional vault and section fields
[22m[39m17:52:57.281 [memory:mongodb:schema] info: created collection test_kb_chunks

[90mstdout[2m | src/mongodb-schema.test.ts[2m > [22m[2mschema constants[2m > [22m[2mkb_chunks schema uses string docId, not objectId (F9)
[22m[39m17:52:57.281 [memory:mongodb:schema] info: created collection test_relevance_artifacts

[90mstdout[2m | src/mongodb-schema.test.ts[2m > [22m[2mschema constants[2m > [22m[2mkb_chunks schema uses string docId, not objectId (F9)
[22m[39m17:52:57.281 [memory:mongodb:schema] info: created collection test_relevance_regressions

[90mstdout[2m | src/mongodb-schema.part3.test.ts[2m > [22m[2mwiki source categorization fields[2m > [22m[2mKB_SCHEMA includes optional vault and section fields
[22m[39m17:52:57.281 [memory:mongodb:schema] info: created collection test_structured_mem

[90mstdout[2m | src/mongodb-schema.test.ts[2m > [22m[2mschema constants[2m > [22m[2mkb_chunks schema uses string docId, not objectId (F9)
[22m[39m17:52:57.281 [memory:mongodb:schema] info: created collection test_events

[90mstdout[2m | src/mongodb-schema.part3.test.ts[2m > [22m[2mwiki source categorization fields[2m > [22m[2mKB_SCHEMA includes optional vault and section fields
[22m[39m17:52:57.281 [memory:mongodb:schema] info: created collection test_structured_mem_revisions

[90mstdout[2m | src/mongodb-schema.test.ts[2m > [22m[2mschema constants[2m > [22m[2mkb_chunks schema uses string docId, not objectId (F9)
[22m[39m17:52:57.281 [memory:mongodb:schema] info: created collection test_entities

[90mstdout[2m | src/mongodb-schema.part3.test.ts[2m > [22m[2mwiki source categorization fields[2m > [22m[2mKB_SCHEMA includes optional vault and section fields
[22m[39m17:52:57.281 [memory:mongodb:schema] info: created collection test_procedures

[90mstdout[2m | src/mongodb-schema.part3.test.ts[2m > [22m[2mwiki source categorization fields[2m > [22m[2mKB_SCHEMA includes optional vault and section fields
[22m[39m17:52:57.281 [memory:mongodb:schema] info: created collection test_procedure_revisions

[90mstdout[2m | src/mongodb-schema.part3.test.ts[2m > [22m[2mwiki source categorization fields[2m > [22m[2mKB_SCHEMA includes optional vault and section fields
[22m[39m17:52:57.281 [memory:mongodb:schema] info: created collection test_relevance_runs

[90mstdout[2m | src/mongodb-schema.test.ts[2m > [22m[2mschema constants[2m > [22m[2mkb_chunks schema uses string docId, not objectId (F9)
[22m[39m17:52:57.281 [memory:mongodb:schema] info: created collection test_relations

[90mstdout[2m | src/mongodb-schema.part3.test.ts[2m > [22m[2mwiki source categorization fields[2m > [22m[2mKB_SCHEMA includes optional vault and section fields
[22m[39m17:52:57.281 [memory:mongodb:schema] info: created collection test_relevance_artifacts

[90mstdout[2m | src/mongodb-schema.test.ts[2m > [22m[2mschema constants[2m > [22m[2mkb_chunks schema uses string docId, not objectId (F9)
[22m[39m17:52:57.281 [memory:mongodb:schema] info: created collection test_entity_links

[90mstdout[2m | src/mongodb-schema.part3.test.ts[2m > [22m[2mwiki source categorization fields[2m > [22m[2mKB_SCHEMA includes optional vault and section fields
[22m[39m17:52:57.281 [memory:mongodb:schema] info: created collection test_relevance_regressions

[90mstdout[2m | src/mongodb-schema.part3.test.ts[2m > [22m[2mwiki source categorization fields[2m > [22m[2mKB_SCHEMA includes optional vault and section fields
[22m[39m17:52:57.281 [memory:mongodb:schema] info: created collection test_events

[90mstdout[2m | src/mongodb-schema.test.ts[2m > [22m[2mschema constants[2m > [22m[2mkb_chunks schema uses string docId, not objectId (F9)
[22m[39m17:52:57.281 [memory:mongodb:schema] info: created collection test_episodes

[90mstdout[2m | src/mongodb-schema.part3.test.ts[2m > [22m[2mwiki source categorization fields[2m > [22m[2mKB_SCHEMA includes optional vault and section fields
[22m[39m17:52:57.281 [memory:mongodb:schema] info: created collection test_entities

[90mstdout[2m | src/mongodb-schema.part3.test.ts[2m > [22m[2mwiki source categorization fields[2m > [22m[2mKB_SCHEMA includes optional vault and section fields
[22m[39m17:52:57.281 [memory:mongodb:schema] info: created collection test_relations

[90mstdout[2m | src/mongodb-schema.part3.test.ts[2m > [22m[2mwiki source categorization fields[2m > [22m[2mKB_SCHEMA includes optional vault and section fields
[22m[39m17:52:57.282 [memory:mongodb:schema] info: created collection test_entity_links

[90mstdout[2m | src/mongodb-schema.part3.test.ts[2m > [22m[2mwiki source categorization fields[2m > [22m[2mKB_SCHEMA includes optional vault and section fields
[22m[39m17:52:57.282 [memory:mongodb:schema] info: created collection test_episodes

[90mstdout[2m | src/mongodb-schema.part3.test.ts[2m > [22m[2mwiki source categorization fields[2m > [22m[2mKB_SCHEMA includes optional vault and section fields
[22m[39m17:52:57.282 [memory:mongodb:schema] info: created collection test_ingest_runs

[90mstdout[2m | src/mongodb-schema.part3.test.ts[2m > [22m[2mwiki source categorization fields[2m > [22m[2mKB_SCHEMA includes optional vault and section fields
[22m[39m17:52:57.282 [memory:mongodb:schema] info: created collection test_projection_runs

[90mstdout[2m | src/mongodb-schema.part3.test.ts[2m > [22m[2mwiki source categorization fields[2m > [22m[2mKB_SCHEMA includes optional vault and section fields
[22m[39m17:52:57.282 [memory:mongodb:schema] info: created collection test_query_cache

[90mstdout[2m | src/mongodb-schema.part3.test.ts[2m > [22m[2mwiki source categorization fields[2m > [22m[2mKB_SCHEMA includes optional vault and section fields
[22m[39m17:52:57.282 [memory:mongodb:schema] info: created collection test_memory_mutations

[90mstdout[2m | src/mongodb-schema.part3.test.ts[2m > [22m[2mwiki source categorization fields[2m > [22m[2mKB_SCHEMA includes optional vault and section fields
[22m[39m17:52:57.282 [memory:mongodb:schema] info: created collection test_lane_coverage

[90mstdout[2m | src/mongodb-schema.part3.test.ts[2m > [22m[2mwiki source categorization fields[2m > [22m[2mKB_SCHEMA includes optional vault and section fields
[22m[39m17:52:57.282 [memory:mongodb:schema] info: created collection test_consolidation_runs

[90mstdout[2m | src/mongodb-schema.part3.test.ts[2m > [22m[2mwiki source categorization fields[2m > [22m[2mKB_SCHEMA includes optional vault and section fields
[22m[39m17:52:57.282 [memory:mongodb:schema] info: created collection test_recall_traces

[90mstdout[2m | src/mongodb-schema.part3.test.ts[2m > [22m[2mwiki source categorization fields[2m > [22m[2mKB_SCHEMA includes optional vault and section fields
[22m[39m17:52:57.282 [memory:mongodb:schema] info: created collection test_memory_jobs

[90mstdout[2m | src/mongodb-schema.part3.test.ts[2m > [22m[2mwiki source categorization fields[2m > [22m[2mKB_SCHEMA includes optional vault and section fields
[22m[39m17:52:57.282 [memory:mongodb:schema] info: created collection test_session_chunks

[90mstdout[2m | src/mongodb-schema.part3.test.ts[2m > [22m[2mwiki source categorization fields[2m > [22m[2mKB_SCHEMA includes optional vault and section fields
[22m[39m17:52:57.282 [memory:mongodb:schema] info: created collection test_memory_quarantine

[90mstdout[2m | src/mongodb-schema.part3.test.ts[2m > [22m[2mwiki source categorization fields[2m > [22m[2mKB_SCHEMA includes optional vault and section fields
[22m[39m17:52:57.282 [memory:mongodb:schema] info: created time series collection test_memory_telemetry

[90mstdout[2m | src/mongodb-schema.part3.test.ts[2m > [22m[2mwiki source categorization fields[2m > [22m[2mKB_SCHEMA includes optional vault and section fields
[22m[39m17:52:57.282 [memory:mongodb:schema] info: created telemetry collection test_memory_telemetry

[90mstdout[2m | src/mongodb-schema.part3.test.ts[2m > [22m[2mwiki source categorization fields[2m > [22m[2mKB_SCHEMA includes optional vault and section fields
[22m[39m17:52:57.282 [memory:mongodb:schema] info: created time series collection test_access_events

[90mstdout[2m | src/mongodb-schema.part3.test.ts[2m > [22m[2mwiki source categorization fields[2m > [22m[2mKB_SCHEMA includes optional vault and section fields
[22m[39m17:52:57.282 [memory:mongodb:schema] info: created access events collection test_access_events

[90mstdout[2m | src/mongodb-schema.part3.test.ts[2m > [22m[2mwiki source categorization fields[2m > [22m[2mKB_SCHEMA includes optional vault and section fields
[22m[39m17:52:57.282 [memory:mongodb:schema] info: applied schema validation to test_chunks

[90mstdout[2m | src/mongodb-schema.part3.test.ts[2m > [22m[2mwiki source categorization fields[2m > [22m[2mKB_SCHEMA includes optional vault and section fields
[22m[39m17:52:57.282 [memory:mongodb:schema] info: applied schema validation to test_knowledge_base

[90mstdout[2m | src/mongodb-schema.part3.test.ts[2m > [22m[2mwiki source categorization fields[2m > [22m[2mKB_SCHEMA includes optional vault and section fields
[22m[39m17:52:57.282 [memory:mongodb:schema] info: applied schema validation to test_kb_chunks

[90mstdout[2m | src/mongodb-schema.part3.test.ts[2m > [22m[2mwiki source categorization fields[2m > [22m[2mKB_SCHEMA includes optional vault and section fields
[22m[39m17:52:57.282 [memory:mongodb:schema] info: applied schema validation to test_structured_mem

[90mstdout[2m | src/mongodb-schema.part3.test.ts[2m > [22m[2mwiki source categorization fields[2m > [22m[2mKB_SCHEMA includes optional vault and section fields
[22m[39m17:52:57.282 [memory:mongodb:schema] info: applied schema validation to test_structured_mem_revisions

[90mstdout[2m | src/mongodb-schema.part3.test.ts[2m > [22m[2mwiki source categorization fields[2m > [22m[2mKB_SCHEMA includes optional vault and section fields
[22m[39m17:52:57.282 [memory:mongodb:schema] info: applied schema validation to test_procedures

[90mstdout[2m | src/mongodb-schema.part3.test.ts[2m > [22m[2mwiki source categorization fields[2m > [22m[2mKB_SCHEMA includes optional vault and section fields
[22m[39m17:52:57.282 [memory:mongodb:schema] info: applied schema validation to test_procedure_revisions

[90mstdout[2m | src/mongodb-schema.part3.test.ts[2m > [22m[2mwiki source categorization fields[2m > [22m[2mKB_SCHEMA includes optional vault and section fields
[22m[39m17:52:57.282 [memory:mongodb:schema] info: applied schema validation to test_relevance_runs

[90mstdout[2m | src/mongodb-schema.part3.test.ts[2m > [22m[2mwiki source categorization fields[2m > [22m[2mKB_SCHEMA includes optional vault and section fields
[22m[39m17:52:57.282 [memory:mongodb:schema] info: applied schema validation to test_relevance_artifacts

[90mstdout[2m | src/mongodb-schema.part3.test.ts[2m > [22m[2mwiki source categorization fields[2m > [22m[2mKB_SCHEMA includes optional vault and section fields
[22m[39m17:52:57.282 [memory:mongodb:schema] info: applied schema validation to test_relevance_regressions

[90mstdout[2m | src/mongodb-schema.part3.test.ts[2m > [22m[2mwiki source categorization fields[2m > [22m[2mKB_SCHEMA includes optional vault and section fields
[22m[39m17:52:57.282 [memory:mongodb:schema] info: applied schema validation to test_events

[90mstdout[2m | src/mongodb-schema.test.ts[2m > [22m[2mschema constants[2m > [22m[2mkb_chunks schema uses string docId, not objectId (F9)
[22m[39m17:52:57.281 [memory:mongodb:schema] info: created collection test_ingest_runs

[90mstdout[2m | src/mongodb-schema.part3.test.ts[2m > [22m[2mwiki source categorization fields[2m > [22m[2mKB_SCHEMA includes optional vault and section fields
[22m[39m17:52:57.282 [memory:mongodb:schema] info: applied schema validation to test_entities

[90mstdout[2m | src/mongodb-schema.part3.test.ts[2m > [22m[2mwiki source categorization fields[2m > [22m[2mKB_SCHEMA includes optional vault and section fields
[22m[39m17:52:57.282 [memory:mongodb:schema] info: applied schema validation to test_relations

[90mstdout[2m | src/mongodb-schema.part3.test.ts[2m > [22m[2mwiki source categorization fields[2m > [22m[2mKB_SCHEMA includes optional vault and section fields
[22m[39m17:52:57.282 [memory:mongodb:schema] info: applied schema validation to test_entity_links

[90mstdout[2m | src/mongodb-schema.part3.test.ts[2m > [22m[2mwiki source categorization fields[2m > [22m[2mKB_SCHEMA includes optional vault and section fields
[22m[39m17:52:57.282 [memory:mongodb:schema] info: applied schema validation to test_episodes

[90mstdout[2m | src/mongodb-schema.test.ts[2m > [22m[2mschema constants[2m > [22m[2mkb_chunks schema uses string docId, not objectId (F9)
[22m[39m17:52:57.282 [memory:mongodb:schema] info: created collection test_projection_runs

[90mstdout[2m | src/mongodb-schema.test.ts[2m > [22m[2mschema constants[2m > [22m[2mkb_chunks schema uses string docId, not objectId (F9)
[22m[39m17:52:57.282 [memory:mongodb:schema] info: created collection test_query_cache

[90mstdout[2m | src/mongodb-schema.test.ts[2m > [22m[2mschema constants[2m > [22m[2mkb_chunks schema uses string docId, not objectId (F9)
[22m[39m17:52:57.283 [memory:mongodb:schema] info: created collection test_memory_mutations

[90mstdout[2m | src/mongodb-schema.part3.test.ts[2m > [22m[2mwiki source categorization fields[2m > [22m[2mKB_SCHEMA includes optional vault and section fields
[22m[39m17:52:57.282 [memory:mongodb:schema] info: applied schema validation to test_ingest_runs

[90mstdout[2m | src/mongodb-schema.part3.test.ts[2m > [22m[2mwiki source categorization fields[2m > [22m[2mKB_SCHEMA includes optional vault and section fields
[22m[39m17:52:57.282 [memory:mongodb:schema] info: applied schema validation to test_projection_runs

[90mstdout[2m | src/mongodb-schema.part3.test.ts[2m > [22m[2mwiki source categorization fields[2m > [22m[2mKB_SCHEMA includes optional vault and section fields
[22m[39m17:52:57.282 [memory:mongodb:schema] info: applied schema validation to test_query_cache

[90mstdout[2m | src/mongodb-schema.part3.test.ts[2m > [22m[2mwiki source categorization fields[2m > [22m[2mKB_SCHEMA includes optional vault and section fields
[22m[39m17:52:57.283 [memory:mongodb:schema] info: applied schema validation to test_memory_mutations

[90mstdout[2m | src/mongodb-schema.part3.test.ts[2m > [22m[2mwiki source categorization fields[2m > [22m[2mKB_SCHEMA includes optional vault and section fields
[22m[39m17:52:57.283 [memory:mongodb:schema] info: applied schema validation to test_recall_traces

[90mstdout[2m | src/mongodb-schema.part3.test.ts[2m > [22m[2mwiki source categorization fields[2m > [22m[2mKB_SCHEMA includes optional vault and section fields
[22m[39m17:52:57.283 [memory:mongodb:schema] info: applied schema validation to test_memory_jobs

[90mstdout[2m | src/mongodb-schema.part3.test.ts[2m > [22m[2mwiki source categorization fields[2m > [22m[2mKB_SCHEMA includes optional vault and section fields
[22m[39m17:52:57.283 [memory:mongodb:schema] info: applied schema validation to test_memory_quarantine

[90mstdout[2m | src/mongodb-schema.test.ts[2m > [22m[2mschema constants[2m > [22m[2mkb_chunks schema uses string docId, not objectId (F9)
[22m[39m17:52:57.283 [memory:mongodb:schema] info: created collection test_lane_coverage

[90mstdout[2m | src/mongodb-schema.test.ts[2m > [22m[2mschema constants[2m > [22m[2mkb_chunks schema uses string docId, not objectId (F9)
[22m[39m17:52:57.283 [memory:mongodb:schema] info: created collection test_consolidation_runs

[90mstdout[2m | src/mongodb-schema.test.ts[2m > [22m[2mschema constants[2m > [22m[2mkb_chunks schema uses string docId, not objectId (F9)
[22m[39m17:52:57.283 [memory:mongodb:schema] info: created collection test_recall_traces

[90mstdout[2m | src/mongodb-schema.part3.test.ts[2m > [22m[2mwiki source categorization fields[2m > [22m[2mKB_SCHEMA includes optional vault and section fields
[22m[39m17:52:57.283 [memory:mongodb:schema] info: applied schema validation to test_files

[90mstdout[2m | src/mongodb-schema.test.ts[2m > [22m[2mschema constants[2m > [22m[2mkb_chunks schema uses string docId, not objectId (F9)
[22m[39m17:52:57.283 [memory:mongodb:schema] info: created collection test_memory_jobs

[90mstdout[2m | src/mongodb-schema.test.ts[2m > [22m[2mschema constants[2m > [22m[2mkb_chunks schema uses string docId, not objectId (F9)
[22m[39m17:52:57.283 [memory:mongodb:schema] info: created collection test_session_chunks

[90mstdout[2m | src/mongodb-schema.test.ts[2m > [22m[2mschema constants[2m > [22m[2mkb_chunks schema uses string docId, not objectId (F9)
[22m[39m17:52:57.283 [memory:mongodb:schema] info: created collection test_memory_quarantine

[90mstdout[2m | src/mongodb-schema.test.ts[2m > [22m[2mschema constants[2m > [22m[2mkb_chunks schema uses string docId, not objectId (F9)
[22m[39m17:52:57.283 [memory:mongodb:schema] info: created time series collection test_memory_telemetry

[90mstdout[2m | src/mongodb-schema.test.ts[2m > [22m[2mschema constants[2m > [22m[2mkb_chunks schema uses string docId, not objectId (F9)
[22m[39m17:52:57.283 [memory:mongodb:schema] info: created telemetry collection test_memory_telemetry

[90mstdout[2m | src/mongodb-schema.test.ts[2m > [22m[2mschema constants[2m > [22m[2mkb_chunks schema uses string docId, not objectId (F9)
[22m[39m17:52:57.283 [memory:mongodb:schema] info: created time series collection test_access_events

[90mstdout[2m | src/mongodb-schema.test.ts[2m > [22m[2mschema constants[2m > [22m[2mkb_chunks schema uses string docId, not objectId (F9)
[22m[39m17:52:57.283 [memory:mongodb:schema] info: created access events collection test_access_events

[90mstdout[2m | src/mongodb-schema.test.ts[2m > [22m[2mschema constants[2m > [22m[2mkb_chunks schema uses string docId, not objectId (F9)
[22m[39m17:52:57.283 [memory:mongodb:schema] info: applied schema validation to test_chunks

[90mstdout[2m | src/mongodb-schema.test.ts[2m > [22m[2mschema constants[2m > [22m[2mkb_chunks schema uses string docId, not objectId (F9)
[22m[39m17:52:57.283 [memory:mongodb:schema] info: applied schema validation to test_knowledge_base

[90mstdout[2m | src/mongodb-schema.test.ts[2m > [22m[2mschema constants[2m > [22m[2mkb_chunks schema uses string docId, not objectId (F9)
[22m[39m17:52:57.283 [memory:mongodb:schema] info: applied schema validation to test_kb_chunks

[90mstdout[2m | src/mongodb-schema.part3.test.ts[2m > [22m[2mwiki source categorization fields[2m > [22m[2mKB_CHUNKS_SCHEMA includes optional wikiSource field
[22m[39m17:52:57.283 [memory:mongodb:schema] info: created collection test_chunks

[90mstdout[2m | src/mongodb-schema.part3.test.ts[2m > [22m[2mwiki source categorization fields[2m > [22m[2mKB_CHUNKS_SCHEMA includes optional wikiSource field
[22m[39m17:52:57.283 [memory:mongodb:schema] info: created collection test_files

[90mstdout[2m | src/mongodb-schema.part3.test.ts[2m > [22m[2mwiki source categorization fields[2m > [22m[2mKB_CHUNKS_SCHEMA includes optional wikiSource field
[22m[39m17:52:57.283 [memory:mongodb:schema] info: created collection test_meta

[90mstdout[2m | src/mongodb-schema.part3.test.ts[2m > [22m[2mwiki source categorization fields[2m > [22m[2mKB_CHUNKS_SCHEMA includes optional wikiSource field
[22m[39m17:52:57.283 [memory:mongodb:schema] info: created collection test_knowledge_base

[90mstdout[2m | src/mongodb-schema.part3.test.ts[2m > [22m[2mwiki source categorization fields[2m > [22m[2mKB_CHUNKS_SCHEMA includes optional wikiSource field
[22m[39m17:52:57.283 [memory:mongodb:schema] info: created collection test_kb_chunks

[90mstdout[2m | src/mongodb-schema.test.ts[2m > [22m[2mschema constants[2m > [22m[2mkb_chunks schema uses string docId, not objectId (F9)
[22m[39m17:52:57.283 [memory:mongodb:schema] info: applied schema validation to test_structured_mem

[90mstdout[2m | src/mongodb-schema.test.ts[2m > [22m[2mschema constants[2m > [22m[2mkb_chunks schema uses string docId, not objectId (F9)
[22m[39m17:52:57.283 [memory:mongodb:schema] info: applied schema validation to test_structured_mem_revisions

[90mstdout[2m | src/mongodb-schema.test.ts[2m > [22m[2mschema constants[2m > [22m[2mkb_chunks schema uses string docId, not objectId (F9)
[22m[39m17:52:57.283 [memory:mongodb:schema] info: applied schema validation to test_procedures

[90mstdout[2m | src/mongodb-schema.test.ts[2m > [22m[2mschema constants[2m > [22m[2mkb_chunks schema uses string docId, not objectId (F9)
[22m[39m17:52:57.283 [memory:mongodb:schema] info: applied schema validation to test_procedure_revisions

[90mstdout[2m | src/mongodb-schema.test.ts[2m > [22m[2mschema constants[2m > [22m[2mkb_chunks schema uses string docId, not objectId (F9)
[22m[39m17:52:57.283 [memory:mongodb:schema] info: applied schema validation to test_relevance_runs

[90mstdout[2m | src/mongodb-schema.test.ts[2m > [22m[2mschema constants[2m > [22m[2mkb_chunks schema uses string docId, not objectId (F9)
[22m[39m17:52:57.283 [memory:mongodb:schema] info: applied schema validation to test_relevance_artifacts

[90mstdout[2m | src/mongodb-schema.test.ts[2m > [22m[2mschema constants[2m > [22m[2mkb_chunks schema uses string docId, not objectId (F9)
[22m[39m17:52:57.283 [memory:mongodb:schema] info: applied schema validation to test_relevance_regressions

[90mstdout[2m | src/mongodb-schema.test.ts[2m > [22m[2mschema constants[2m > [22m[2mkb_chunks schema uses string docId, not objectId (F9)
[22m[39m17:52:57.283 [memory:mongodb:schema] info: applied schema validation to test_events

[90mstdout[2m | src/mongodb-schema.test.ts[2m > [22m[2mschema constants[2m > [22m[2mkb_chunks schema uses string docId, not objectId (F9)
[22m[39m17:52:57.283 [memory:mongodb:schema] info: applied schema validation to test_entities

[90mstdout[2m | src/mongodb-schema.test.ts[2m > [22m[2mschema constants[2m > [22m[2mkb_chunks schema uses string docId, not objectId (F9)
[22m[39m17:52:57.283 [memory:mongodb:schema] info: applied schema validation to test_relations

[90mstdout[2m | src/mongodb-schema.part3.test.ts[2m > [22m[2mwiki source categorization fields[2m > [22m[2mKB_CHUNKS_SCHEMA includes optional wikiSource field
[22m[39m17:52:57.283 [memory:mongodb:schema] info: created collection test_structured_mem

[90mstdout[2m | src/mongodb-schema.part3.test.ts[2m > [22m[2mwiki source categorization fields[2m > [22m[2mKB_CHUNKS_SCHEMA includes optional wikiSource field
[22m[39m17:52:57.283 [memory:mongodb:schema] info: created collection test_structured_mem_revisions

[90mstdout[2m | src/mongodb-schema.part3.test.ts[2m > [22m[2mwiki source categorization fields[2m > [22m[2mKB_CHUNKS_SCHEMA includes optional wikiSource field
[22m[39m17:52:57.283 [memory:mongodb:schema] info: created collection test_procedures

[90mstdout[2m | src/mongodb-schema.part3.test.ts[2m > [22m[2mwiki source categorization fields[2m > [22m[2mKB_CHUNKS_SCHEMA includes optional wikiSource field
[22m[39m17:52:57.283 [memory:mongodb:schema] info: created collection test_procedure_revisions

[90mstdout[2m | src/mongodb-schema.part3.test.ts[2m > [22m[2mwiki source categorization fields[2m > [22m[2mKB_CHUNKS_SCHEMA includes optional wikiSource field
[22m[39m17:52:57.284 [memory:mongodb:schema] info: created collection test_relevance_runs

[90mstdout[2m | src/mongodb-schema.test.ts[2m > [22m[2mschema constants[2m > [22m[2mkb_chunks schema uses string docId, not objectId (F9)
[22m[39m17:52:57.283 [memory:mongodb:schema] info: applied schema validation to test_entity_links

[90mstdout[2m | src/mongodb-schema.test.ts[2m > [22m[2mschema constants[2m > [22m[2mkb_chunks schema uses string docId, not objectId (F9)
[22m[39m17:52:57.283 [memory:mongodb:schema] info: applied schema validation to test_episodes

[90mstdout[2m | src/mongodb-schema.test.ts[2m > [22m[2mschema constants[2m > [22m[2mkb_chunks schema uses string docId, not objectId (F9)
[22m[39m17:52:57.283 [memory:mongodb:schema] info: applied schema validation to test_ingest_runs

[90mstdout[2m | src/mongodb-schema.test.ts[2m > [22m[2mschema constants[2m > [22m[2mkb_chunks schema uses string docId, not objectId (F9)
[22m[39m17:52:57.283 [memory:mongodb:schema] info: applied schema validation to test_projection_runs

[90mstdout[2m | src/mongodb-schema.test.ts[2m > [22m[2mschema constants[2m > [22m[2mkb_chunks schema uses string docId, not objectId (F9)
[22m[39m17:52:57.284 [memory:mongodb:schema] info: applied schema validation to test_query_cache

[90mstdout[2m | src/mongodb-schema.test.ts[2m > [22m[2mschema constants[2m > [22m[2mkb_chunks schema uses string docId, not objectId (F9)
[22m[39m17:52:57.284 [memory:mongodb:schema] info: applied schema validation to test_memory_mutations

[90mstdout[2m | src/mongodb-schema.test.ts[2m > [22m[2mschema constants[2m > [22m[2mkb_chunks schema uses string docId, not objectId (F9)
[22m[39m17:52:57.284 [memory:mongodb:schema] info: applied schema validation to test_recall_traces

[90mstdout[2m | src/mongodb-schema.test.ts[2m > [22m[2mschema constants[2m > [22m[2mkb_chunks schema uses string docId, not objectId (F9)
[22m[39m17:52:57.284 [memory:mongodb:schema] info: applied schema validation to test_memory_jobs

[90mstdout[2m | src/mongodb-schema.test.ts[2m > [22m[2mschema constants[2m > [22m[2mkb_chunks schema uses string docId, not objectId (F9)
[22m[39m17:52:57.284 [memory:mongodb:schema] info: applied schema validation to test_memory_quarantine

[90mstdout[2m | src/mongodb-schema.test.ts[2m > [22m[2mschema constants[2m > [22m[2mkb_chunks schema uses string docId, not objectId (F9)
[22m[39m17:52:57.284 [memory:mongodb:schema] info: applied schema validation to test_files

[90mstdout[2m | src/mongodb-schema.part3.test.ts[2m > [22m[2mwiki source categorization fields[2m > [22m[2mKB_CHUNKS_SCHEMA includes optional wikiSource field
[22m[39m17:52:57.284 [memory:mongodb:schema] info: created collection test_relevance_artifacts

[90mstdout[2m | src/mongodb-schema.part3.test.ts[2m > [22m[2mwiki source categorization fields[2m > [22m[2mKB_CHUNKS_SCHEMA includes optional wikiSource field
[22m[39m17:52:57.284 [memory:mongodb:schema] info: created collection test_relevance_regressions

[90mstdout[2m | src/mongodb-schema.part3.test.ts[2m > [22m[2mwiki source categorization fields[2m > [22m[2mKB_CHUNKS_SCHEMA includes optional wikiSource field
[22m[39m17:52:57.284 [memory:mongodb:schema] info: created collection test_events

[90mstdout[2m | src/mongodb-schema.part3.test.ts[2m > [22m[2mwiki source categorization fields[2m > [22m[2mKB_CHUNKS_SCHEMA includes optional wikiSource field
[22m[39m17:52:57.284 [memory:mongodb:schema] info: created collection test_entities

[90mstdout[2m | src/mongodb-schema.part3.test.ts[2m > [22m[2mwiki source categorization fields[2m > [22m[2mKB_CHUNKS_SCHEMA includes optional wikiSource field
[22m[39m17:52:57.284 [memory:mongodb:schema] info: created collection test_relations

[90mstdout[2m | src/mongodb-schema.part3.test.ts[2m > [22m[2mwiki source categorization fields[2m > [22m[2mKB_CHUNKS_SCHEMA includes optional wikiSource field
[22m[39m17:52:57.284 [memory:mongodb:schema] info: created collection test_entity_links

[90mstdout[2m | src/mongodb-schema.part3.test.ts[2m > [22m[2mwiki source categorization fields[2m > [22m[2mKB_CHUNKS_SCHEMA includes optional wikiSource field
[22m[39m17:52:57.284 [memory:mongodb:schema] info: created collection test_episodes

[90mstdout[2m | src/mongodb-schema.part3.test.ts[2m > [22m[2mwiki source categorization fields[2m > [22m[2mKB_CHUNKS_SCHEMA includes optional wikiSource field
[22m[39m17:52:57.284 [memory:mongodb:schema] info: created collection test_ingest_runs

[90mstdout[2m | src/mongodb-schema.part3.test.ts[2m > [22m[2mwiki source categorization fields[2m > [22m[2mKB_CHUNKS_SCHEMA includes optional wikiSource field
[22m[39m17:52:57.284 [memory:mongodb:schema] info: created collection test_projection_runs

[90mstdout[2m | src/mongodb-schema.part3.test.ts[2m > [22m[2mwiki source categorization fields[2m > [22m[2mKB_CHUNKS_SCHEMA includes optional wikiSource field
[22m[39m17:52:57.284 [memory:mongodb:schema] info: created collection test_query_cache

[90mstdout[2m | src/mongodb-schema.test.ts[2m > [22m[2mschema constants[2m > [22m[2mkb_chunks schema includes source field (F14)
[22m[39m17:52:57.284 [memory:mongodb:schema] info: created collection test_chunks

[90mstdout[2m | src/mongodb-schema.part3.test.ts[2m > [22m[2mwiki source categorization fields[2m > [22m[2mKB_CHUNKS_SCHEMA includes optional wikiSource field
[22m[39m17:52:57.284 [memory:mongodb:schema] info: created collection test_memory_mutations

[90mstdout[2m | src/mongodb-schema.part3.test.ts[2m > [22m[2mwiki source categorization fields[2m > [22m[2mKB_CHUNKS_SCHEMA includes optional wikiSource field
[22m[39m17:52:57.284 [memory:mongodb:schema] info: created collection test_lane_coverage

[90mstdout[2m | src/mongodb-schema.test.ts[2m > [22m[2mschema constants[2m > [22m[2mkb_chunks schema includes source field (F14)
[22m[39m17:52:57.284 [memory:mongodb:schema] info: created collection test_files

[90mstdout[2m | src/mongodb-schema.part3.test.ts[2m > [22m[2mwiki source categorization fields[2m > [22m[2mKB_CHUNKS_SCHEMA includes optional wikiSource field
[22m[39m17:52:57.284 [memory:mongodb:schema] info: created collection test_consolidation_runs

[90mstdout[2m | src/mongodb-schema.test.ts[2m > [22m[2mschema constants[2m > [22m[2mkb_chunks schema includes source field (F14)
[22m[39m17:52:57.284 [memory:mongodb:schema] info: created collection test_meta

[90mstdout[2m | src/mongodb-schema.test.ts[2m > [22m[2mschema constants[2m > [22m[2mkb_chunks schema includes source field (F14)
[22m[39m17:52:57.284 [memory:mongodb:schema] info: created collection test_knowledge_base

[90mstdout[2m | src/mongodb-schema.test.ts[2m > [22m[2mschema constants[2m > [22m[2mkb_chunks schema includes source field (F14)
[22m[39m17:52:57.284 [memory:mongodb:schema] info: created collection test_kb_chunks

[90mstdout[2m | src/mongodb-schema.test.ts[2m > [22m[2mschema constants[2m > [22m[2mkb_chunks schema includes source field (F14)
[22m[39m17:52:57.284 [memory:mongodb:schema] info: created collection test_structured_mem

[90mstdout[2m | src/mongodb-schema.test.ts[2m > [22m[2mschema constants[2m > [22m[2mkb_chunks schema includes source field (F14)
[22m[39m17:52:57.284 [memory:mongodb:schema] info: created collection test_structured_mem_revisions

[90mstdout[2m | src/mongodb-schema.test.ts[2m > [22m[2mschema constants[2m > [22m[2mkb_chunks schema includes source field (F14)
[22m[39m17:52:57.284 [memory:mongodb:schema] info: created collection test_procedures

[90mstdout[2m | src/mongodb-schema.test.ts[2m > [22m[2mschema constants[2m > [22m[2mkb_chunks schema includes source field (F14)
[22m[39m17:52:57.284 [memory:mongodb:schema] info: created collection test_procedure_revisions

[90mstdout[2m | src/mongodb-schema.part3.test.ts[2m > [22m[2mwiki source categorization fields[2m > [22m[2mKB_CHUNKS_SCHEMA includes optional wikiSource field
[22m[39m17:52:57.284 [memory:mongodb:schema] info: created collection test_recall_traces

[90mstdout[2m | src/mongodb-schema.part3.test.ts[2m > [22m[2mwiki source categorization fields[2m > [22m[2mKB_CHUNKS_SCHEMA includes optional wikiSource field
[22m[39m17:52:57.284 [memory:mongodb:schema] info: created collection test_memory_jobs

[90mstdout[2m | src/mongodb-schema.part3.test.ts[2m > [22m[2mwiki source categorization fields[2m > [22m[2mKB_CHUNKS_SCHEMA includes optional wikiSource field
[22m[39m17:52:57.284 [memory:mongodb:schema] info: created collection test_session_chunks

[90mstdout[2m | src/mongodb-schema.part3.test.ts[2m > [22m[2mwiki source categorization fields[2m > [22m[2mKB_CHUNKS_SCHEMA includes optional wikiSource field
[22m[39m17:52:57.284 [memory:mongodb:schema] info: created collection test_memory_quarantine

[90mstdout[2m | src/mongodb-schema.part3.test.ts[2m > [22m[2mwiki source categorization fields[2m > [22m[2mKB_CHUNKS_SCHEMA includes optional wikiSource field
[22m[39m17:52:57.284 [memory:mongodb:schema] info: created time series collection test_memory_telemetry

[90mstdout[2m | src/mongodb-schema.part3.test.ts[2m > [22m[2mwiki source categorization fields[2m > [22m[2mKB_CHUNKS_SCHEMA includes optional wikiSource field
[22m[39m17:52:57.284 [memory:mongodb:schema] info: created telemetry collection test_memory_telemetry

[90mstdout[2m | src/mongodb-schema.part3.test.ts[2m > [22m[2mwiki source categorization fields[2m > [22m[2mKB_CHUNKS_SCHEMA includes optional wikiSource field
[22m[39m17:52:57.284 [memory:mongodb:schema] info: created time series collection test_access_events

[90mstdout[2m | src/mongodb-schema.test.ts[2m > [22m[2mschema constants[2m > [22m[2mkb_chunks schema includes source field (F14)
[22m[39m17:52:57.284 [memory:mongodb:schema] info: created collection test_relevance_runs

[90mstdout[2m | src/mongodb-schema.test.ts[2m > [22m[2mschema constants[2m > [22m[2mkb_chunks schema includes source field (F14)
[22m[39m17:52:57.284 [memory:mongodb:schema] info: created collection test_relevance_artifacts

[90mstdout[2m | src/mongodb-schema.test.ts[2m > [22m[2mschema constants[2m > [22m[2mkb_chunks schema includes source field (F14)
[22m[39m17:52:57.285 [memory:mongodb:schema] info: created collection test_relevance_regressions

[90mstdout[2m | src/mongodb-schema.test.ts[2m > [22m[2mschema constants[2m > [22m[2mkb_chunks schema includes source field (F14)
[22m[39m17:52:57.285 [memory:mongodb:schema] info: created collection test_events

[90mstdout[2m | src/mongodb-schema.test.ts[2m > [22m[2mschema constants[2m > [22m[2mkb_chunks schema includes source field (F14)
[22m[39m17:52:57.285 [memory:mongodb:schema] info: created collection test_entities

[90mstdout[2m | src/mongodb-schema.test.ts[2m > [22m[2mschema constants[2m > [22m[2mkb_chunks schema includes source field (F14)
[22m[39m17:52:57.285 [memory:mongodb:schema] info: created collection test_relations

[90mstdout[2m | src/mongodb-schema.test.ts[2m > [22m[2mschema constants[2m > [22m[2mkb_chunks schema includes source field (F14)
[22m[39m17:52:57.285 [memory:mongodb:schema] info: created collection test_entity_links

[90mstdout[2m | src/mongodb-schema.test.ts[2m > [22m[2mschema constants[2m > [22m[2mkb_chunks schema includes source field (F14)
[22m[39m17:52:57.285 [memory:mongodb:schema] info: created collection test_episodes

[90mstdout[2m | src/mongodb-schema.test.ts[2m > [22m[2mschema constants[2m > [22m[2mkb_chunks schema includes source field (F14)
[22m[39m17:52:57.285 [memory:mongodb:schema] info: created collection test_ingest_runs

[90mstdout[2m | src/mongodb-schema.test.ts[2m > [22m[2mschema constants[2m > [22m[2mkb_chunks schema includes source field (F14)
[22m[39m17:52:57.285 [memory:mongodb:schema] info: created collection test_projection_runs

[90mstdout[2m | src/mongodb-schema.test.ts[2m > [22m[2mschema constants[2m > [22m[2mkb_chunks schema includes source field (F14)
[22m[39m17:52:57.285 [memory:mongodb:schema] info: created collection test_query_cache

[90mstdout[2m | src/mongodb-schema.test.ts[2m > [22m[2mschema constants[2m > [22m[2mkb_chunks schema includes source field (F14)
[22m[39m17:52:57.285 [memory:mongodb:schema] info: created collection test_memory_mutations

[90mstdout[2m | src/mongodb-schema.test.ts[2m > [22m[2mschema constants[2m > [22m[2mkb_chunks schema includes source field (F14)
[22m[39m17:52:57.285 [memory:mongodb:schema] info: created collection test_lane_coverage

[90mstdout[2m | src/mongodb-schema.test.ts[2m > [22m[2mschema constants[2m > [22m[2mkb_chunks schema includes source field (F14)
[22m[39m17:52:57.285 [memory:mongodb:schema] info: created collection test_consolidation_runs

[90mstdout[2m | src/mongodb-schema.test.ts[2m > [22m[2mschema constants[2m > [22m[2mkb_chunks schema includes source field (F14)
[22m[39m17:52:57.285 [memory:mongodb:schema] info: created collection test_recall_traces

[90mstdout[2m | src/mongodb-schema.test.ts[2m > [22m[2mschema constants[2m > [22m[2mkb_chunks schema includes source field (F14)
[22m[39m17:52:57.285 [memory:mongodb:schema] info: created collection test_memory_jobs

[90mstdout[2m | src/mongodb-schema.test.ts[2m > [22m[2mschema constants[2m > [22m[2mkb_chunks schema includes source field (F14)
[22m[39m17:52:57.285 [memory:mongodb:schema] info: created collection test_session_chunks

[90mstdout[2m | src/mongodb-schema.test.ts[2m > [22m[2mschema constants[2m > [22m[2mkb_chunks schema includes source field (F14)
[22m[39m17:52:57.286 [memory:mongodb:schema] info: created collection test_memory_quarantine

[90mstdout[2m | src/mongodb-schema.test.ts[2m > [22m[2mschema constants[2m > [22m[2mkb_chunks schema includes source field (F14)
[22m[39m17:52:57.286 [memory:mongodb:schema] info: created time series collection test_memory_telemetry

[90mstdout[2m | src/mongodb-schema.test.ts[2m > [22m[2mschema constants[2m > [22m[2mkb_chunks schema includes source field (F14)
[22m[39m17:52:57.286 [memory:mongodb:schema] info: created telemetry collection test_memory_telemetry

[90mstdout[2m | src/mongodb-schema.test.ts[2m > [22m[2mschema constants[2m > [22m[2mkb_chunks schema includes source field (F14)
[22m[39m17:52:57.286 [memory:mongodb:schema] info: created time series collection test_access_events

[90mstdout[2m | src/mongodb-schema.test.ts[2m > [22m[2mschema constants[2m > [22m[2mkb_chunks schema includes source field (F14)
[22m[39m17:52:57.286 [memory:mongodb:schema] info: created access events collection test_access_events

[90mstdout[2m | src/mongodb-schema.test.ts[2m > [22m[2mschema constants[2m > [22m[2mkb_chunks schema includes source field (F14)
[22m[39m17:52:57.286 [memory:mongodb:schema] info: applied schema validation to test_chunks

[90mstdout[2m | src/mongodb-schema.test.ts[2m > [22m[2mschema constants[2m > [22m[2mkb_chunks schema includes source field (F14)
[22m[39m17:52:57.286 [memory:mongodb:schema] info: applied schema validation to test_knowledge_base

[90mstdout[2m | src/mongodb-schema.test.ts[2m > [22m[2mschema constants[2m > [22m[2mkb_chunks schema includes source field (F14)
[22m[39m17:52:57.286 [memory:mongodb:schema] info: applied schema validation to test_kb_chunks

[90mstdout[2m | src/mongodb-schema.test.ts[2m > [22m[2mschema constants[2m > [22m[2mkb_chunks schema includes source field (F14)
[22m[39m17:52:57.286 [memory:mongodb:schema] info: applied schema validation to test_structured_mem

[90mstdout[2m | src/mongodb-schema.test.ts[2m > [22m[2mschema constants[2m > [22m[2mkb_chunks schema includes source field (F14)
[22m[39m17:52:57.286 [memory:mongodb:schema] info: applied schema validation to test_structured_mem_revisions

[90mstdout[2m | src/mongodb-schema.test.ts[2m > [22m[2mschema constants[2m > [22m[2mkb_chunks schema includes source field (F14)
[22m[39m17:52:57.286 [memory:mongodb:schema] info: applied schema validation to test_procedures

[90mstdout[2m | src/mongodb-schema.test.ts[2m > [22m[2mschema constants[2m > [22m[2mkb_chunks schema includes source field (F14)
[22m[39m17:52:57.286 [memory:mongodb:schema] info: applied schema validation to test_procedure_revisions

[90mstdout[2m | src/mongodb-schema.test.ts[2m > [22m[2mschema constants[2m > [22m[2mkb_chunks schema includes source field (F14)
[22m[39m17:52:57.286 [memory:mongodb:schema] info: applied schema validation to test_relevance_runs

[90mstdout[2m | src/mongodb-schema.test.ts[2m > [22m[2mschema constants[2m > [22m[2mkb_chunks schema includes source field (F14)
[22m[39m17:52:57.286 [memory:mongodb:schema] info: applied schema validation to test_relevance_artifacts

[90mstdout[2m | src/mongodb-schema.test.ts[2m > [22m[2mschema constants[2m > [22m[2mkb_chunks schema includes source field (F14)
[22m[39m17:52:57.287 [memory:mongodb:schema] info: applied schema validation to test_relevance_regressions

[90mstdout[2m | src/mongodb-schema.test.ts[2m > [22m[2mschema constants[2m > [22m[2mkb_chunks schema includes source field (F14)
[22m[39m17:52:57.287 [memory:mongodb:schema] info: applied schema validation to test_events

[90mstdout[2m | src/mongodb-schema.test.ts[2m > [22m[2mschema constants[2m > [22m[2mkb_chunks schema includes source field (F14)
[22m[39m17:52:57.287 [memory:mongodb:schema] info: applied schema validation to test_entities

[90mstdout[2m | src/mongodb-schema.test.ts[2m > [22m[2mschema constants[2m > [22m[2mkb_chunks schema includes source field (F14)
[22m[39m17:52:57.287 [memory:mongodb:schema] info: applied schema validation to test_relations

[90mstdout[2m | src/mongodb-schema.test.ts[2m > [22m[2mschema constants[2m > [22m[2mkb_chunks schema includes source field (F14)
[22m[39m17:52:57.287 [memory:mongodb:schema] info: applied schema validation to test_entity_links

[90mstdout[2m | src/mongodb-schema.test.ts[2m > [22m[2mschema constants[2m > [22m[2mkb_chunks schema includes source field (F14)
[22m[39m17:52:57.287 [memory:mongodb:schema] info: applied schema validation to test_episodes

[90mstdout[2m | src/mongodb-schema.test.ts[2m > [22m[2mschema constants[2m > [22m[2mkb_chunks schema includes source field (F14)
[22m[39m17:52:57.287 [memory:mongodb:schema] info: applied schema validation to test_ingest_runs

[90mstdout[2m | src/mongodb-schema.test.ts[2m > [22m[2mschema constants[2m > [22m[2mkb_chunks schema includes source field (F14)
[22m[39m17:52:57.287 [memory:mongodb:schema] info: applied schema validation to test_projection_runs

[90mstdout[2m | src/mongodb-schema.test.ts[2m > [22m[2mschema constants[2m > [22m[2mkb_chunks schema includes source field (F14)
[22m[39m17:52:57.287 [memory:mongodb:schema] info: applied schema validation to test_query_cache

[90mstdout[2m | src/mongodb-schema.test.ts[2m > [22m[2mschema constants[2m > [22m[2mkb_chunks schema includes source field (F14)
[22m[39m17:52:57.287 [memory:mongodb:schema] info: applied schema validation to test_memory_mutations

[90mstdout[2m | src/mongodb-schema.test.ts[2m > [22m[2mschema constants[2m > [22m[2mkb_chunks schema includes source field (F14)
[22m[39m17:52:57.287 [memory:mongodb:schema] info: applied schema validation to test_recall_traces

[90mstdout[2m | src/mongodb-schema.test.ts[2m > [22m[2mschema constants[2m > [22m[2mkb_chunks schema includes source field (F14)
[22m[39m17:52:57.287 [memory:mongodb:schema] info: applied schema validation to test_memory_jobs

[90mstdout[2m | src/mongodb-schema.test.ts[2m > [22m[2mschema constants[2m > [22m[2mkb_chunks schema includes source field (F14)
[22m[39m17:52:57.287 [memory:mongodb:schema] info: applied schema validation to test_memory_quarantine

[90mstdout[2m | src/mongodb-schema.test.ts[2m > [22m[2mschema constants[2m > [22m[2mkb_chunks schema includes source field (F14)
[22m[39m17:52:57.287 [memory:mongodb:schema] info: applied schema validation to test_files

[90mstdout[2m | src/mongodb-schema.test.ts[2m > [22m[2mschema constants[2m > [22m[2mKB source.type enum uses 'manual' not 'text' (F16)
[22m[39m17:52:57.287 [memory:mongodb:schema] info: created collection test_chunks

[90mstdout[2m | src/mongodb-schema.part3.test.ts[2m > [22m[2mwiki source categorization fields[2m > [22m[2mKB_CHUNKS_SCHEMA includes optional wikiSource field
[22m[39m17:52:57.284 [memory:mongodb:schema] info: created access events collection test_access_events

[90mstdout[2m | src/mongodb-schema.test.ts[2m > [22m[2mschema constants[2m > [22m[2mKB source.type enum uses 'manual' not 'text' (F16)
[22m[39m17:52:57.287 [memory:mongodb:schema] info: created collection test_files

[90mstdout[2m | src/mongodb-schema.test.ts[2m > [22m[2mschema constants[2m > [22m[2mKB source.type enum uses 'manual' not 'text' (F16)
[22m[39m17:52:57.287 [memory:mongodb:schema] info: created collection test_meta

[90mstdout[2m | src/mongodb-schema.part3.test.ts[2m > [22m[2mwiki source categorization fields[2m > [22m[2mKB_CHUNKS_SCHEMA includes optional wikiSource field
[22m[39m17:52:57.287 [memory:mongodb:schema] info: applied schema validation to test_chunks

[90mstdout[2m | src/mongodb-schema.part3.test.ts[2m > [22m[2mwiki source categorization fields[2m > [22m[2mKB_CHUNKS_SCHEMA includes optional wikiSource field
[22m[39m17:52:57.288 [memory:mongodb:schema] info: applied schema validation to test_knowledge_base

[90mstdout[2m | src/mongodb-schema.test.ts[2m > [22m[2mschema constants[2m > [22m[2mKB source.type enum uses 'manual' not 'text' (F16)
[22m[39m17:52:57.287 [memory:mongodb:schema] info: created collection test_knowledge_base

[90mstdout[2m | src/mongodb-schema.part3.test.ts[2m > [22m[2mwiki source categorization fields[2m > [22m[2mKB_CHUNKS_SCHEMA includes optional wikiSource field
[22m[39m17:52:57.288 [memory:mongodb:schema] info: applied schema validation to test_kb_chunks

[90mstdout[2m | src/mongodb-schema.part3.test.ts[2m > [22m[2mwiki source categorization fields[2m > [22m[2mKB_CHUNKS_SCHEMA includes optional wikiSource field
[22m[39m17:52:57.288 [memory:mongodb:schema] info: applied schema validation to test_structured_mem

[90mstdout[2m | src/mongodb-schema.part3.test.ts[2m > [22m[2mwiki source categorization fields[2m > [22m[2mKB_CHUNKS_SCHEMA includes optional wikiSource field
[22m[39m17:52:57.288 [memory:mongodb:schema] info: applied schema validation to test_structured_mem_revisions

[90mstdout[2m | src/mongodb-schema.test.ts[2m > [22m[2mschema constants[2m > [22m[2mKB source.type enum uses 'manual' not 'text' (F16)
[22m[39m17:52:57.288 [memory:mongodb:schema] info: created collection test_kb_chunks

[90mstdout[2m | src/mongodb-schema.test.ts[2m > [22m[2mschema constants[2m > [22m[2mKB source.type enum uses 'manual' not 'text' (F16)
[22m[39m17:52:57.288 [memory:mongodb:schema] info: created collection test_structured_mem

[90mstdout[2m | src/mongodb-schema.test.ts[2m > [22m[2mschema constants[2m > [22m[2mKB source.type enum uses 'manual' not 'text' (F16)
[22m[39m17:52:57.288 [memory:mongodb:schema] info: created collection test_structured_mem_revisions

[90mstdout[2m | src/mongodb-schema.test.ts[2m > [22m[2mschema constants[2m > [22m[2mKB source.type enum uses 'manual' not 'text' (F16)
[22m[39m17:52:57.288 [memory:mongodb:schema] info: created collection test_procedures

[90mstdout[2m | src/mongodb-schema.part3.test.ts[2m > [22m[2mwiki source categorization fields[2m > [22m[2mKB_CHUNKS_SCHEMA includes optional wikiSource field
[22m[39m17:52:57.288 [memory:mongodb:schema] info: applied schema validation to test_procedures

[90mstdout[2m | src/mongodb-schema.part3.test.ts[2m > [22m[2mwiki source categorization fields[2m > [22m[2mKB_CHUNKS_SCHEMA includes optional wikiSource field
[22m[39m17:52:57.288 [memory:mongodb:schema] info: applied schema validation to test_procedure_revisions

[90mstdout[2m | src/mongodb-schema.part3.test.ts[2m > [22m[2mwiki source categorization fields[2m > [22m[2mKB_CHUNKS_SCHEMA includes optional wikiSource field
[22m[39m17:52:57.288 [memory:mongodb:schema] info: applied schema validation to test_relevance_runs

[90mstdout[2m | src/mongodb-schema.part3.test.ts[2m > [22m[2mwiki source categorization fields[2m > [22m[2mKB_CHUNKS_SCHEMA includes optional wikiSource field
[22m[39m17:52:57.288 [memory:mongodb:schema] info: applied schema validation to test_relevance_artifacts

[90mstdout[2m | src/mongodb-schema.part3.test.ts[2m > [22m[2mwiki source categorization fields[2m > [22m[2mKB_CHUNKS_SCHEMA includes optional wikiSource field
[22m[39m17:52:57.288 [memory:mongodb:schema] info: applied schema validation to test_relevance_regressions

[90mstdout[2m | src/mongodb-schema.part3.test.ts[2m > [22m[2mwiki source categorization fields[2m > [22m[2mKB_CHUNKS_SCHEMA includes optional wikiSource field
[22m[39m17:52:57.288 [memory:mongodb:schema] info: applied schema validation to test_events

[90mstdout[2m | src/mongodb-schema.part3.test.ts[2m > [22m[2mwiki source categorization fields[2m > [22m[2mKB_CHUNKS_SCHEMA includes optional wikiSource field
[22m[39m17:52:57.288 [memory:mongodb:schema] info: applied schema validation to test_entities

[90mstdout[2m | src/mongodb-schema.part3.test.ts[2m > [22m[2mwiki source categorization fields[2m > [22m[2mKB_CHUNKS_SCHEMA includes optional wikiSource field
[22m[39m17:52:57.288 [memory:mongodb:schema] info: applied schema validation to test_relations

[90mstdout[2m | src/mongodb-schema.part3.test.ts[2m > [22m[2mwiki source categorization fields[2m > [22m[2mKB_CHUNKS_SCHEMA includes optional wikiSource field
[22m[39m17:52:57.288 [memory:mongodb:schema] info: applied schema validation to test_entity_links

[90mstdout[2m | src/mongodb-schema.part3.test.ts[2m > [22m[2mwiki source categorization fields[2m > [22m[2mKB_CHUNKS_SCHEMA includes optional wikiSource field
[22m[39m17:52:57.288 [memory:mongodb:schema] info: applied schema validation to test_episodes

[90mstdout[2m | src/mongodb-schema.part3.test.ts[2m > [22m[2mwiki source categorization fields[2m > [22m[2mKB_CHUNKS_SCHEMA includes optional wikiSource field
[22m[39m17:52:57.288 [memory:mongodb:schema] info: applied schema validation to test_ingest_runs

[90mstdout[2m | src/mongodb-schema.part3.test.ts[2m > [22m[2mwiki source categorization fields[2m > [22m[2mKB_CHUNKS_SCHEMA includes optional wikiSource field
[22m[39m17:52:57.288 [memory:mongodb:schema] info: applied schema validation to test_projection_runs

[90mstdout[2m | src/mongodb-schema.part3.test.ts[2m > [22m[2mwiki source categorization fields[2m > [22m[2mKB_CHUNKS_SCHEMA includes optional wikiSource field
[22m[39m17:52:57.288 [memory:mongodb:schema] info: applied schema validation to test_query_cache

[90mstdout[2m | src/mongodb-schema.part3.test.ts[2m > [22m[2mwiki source categorization fields[2m > [22m[2mKB_CHUNKS_SCHEMA includes optional wikiSource field
[22m[39m17:52:57.288 [memory:mongodb:schema] info: applied schema validation to test_memory_mutations

[90mstdout[2m | src/mongodb-schema.part3.test.ts[2m > [22m[2mwiki source categorization fields[2m > [22m[2mKB_CHUNKS_SCHEMA includes optional wikiSource field
[22m[39m17:52:57.288 [memory:mongodb:schema] info: applied schema validation to test_recall_traces

[90mstdout[2m | src/mongodb-schema.part3.test.ts[2m > [22m[2mwiki source categorization fields[2m > [22m[2mKB_CHUNKS_SCHEMA includes optional wikiSource field
[22m[39m17:52:57.288 [memory:mongodb:schema] info: applied schema validation to test_memory_jobs

[90mstdout[2m | src/mongodb-schema.part3.test.ts[2m > [22m[2mwiki source categorization fields[2m > [22m[2mKB_CHUNKS_SCHEMA includes optional wikiSource field
[22m[39m17:52:57.288 [memory:mongodb:schema] info: applied schema validation to test_memory_quarantine

[90mstdout[2m | src/mongodb-schema.part3.test.ts[2m > [22m[2mwiki source categorization fields[2m > [22m[2mKB_CHUNKS_SCHEMA includes optional wikiSource field
[22m[39m17:52:57.288 [memory:mongodb:schema] info: applied schema validation to test_files

[90mstdout[2m | src/mongodb-schema.test.ts[2m > [22m[2mschema constants[2m > [22m[2mKB source.type enum uses 'manual' not 'text' (F16)
[22m[39m17:52:57.288 [memory:mongodb:schema] info: created collection test_procedure_revisions

[90mstdout[2m | src/mongodb-schema.test.ts[2m > [22m[2mschema constants[2m > [22m[2mKB source.type enum uses 'manual' not 'text' (F16)
[22m[39m17:52:57.288 [memory:mongodb:schema] info: created collection test_relevance_runs

[90mstdout[2m | src/mongodb-schema.test.ts[2m > [22m[2mschema constants[2m > [22m[2mKB source.type enum uses 'manual' not 'text' (F16)
[22m[39m17:52:57.288 [memory:mongodb:schema] info: created collection test_relevance_artifacts

[90mstdout[2m | src/mongodb-schema.part3.test.ts[2m > [22m[2mwiki source categorization fields[2m > [22m[2mKB_CHUNKS_SCHEMA includes optional vault and section fields
[22m[39m17:52:57.288 [memory:mongodb:schema] info: created collection test_chunks

[90mstdout[2m | src/mongodb-schema.part3.test.ts[2m > [22m[2mwiki source categorization fields[2m > [22m[2mKB_CHUNKS_SCHEMA includes optional vault and section fields
[22m[39m17:52:57.288 [memory:mongodb:schema] info: created collection test_files

[90mstdout[2m | src/mongodb-schema.part3.test.ts[2m > [22m[2mwiki source categorization fields[2m > [22m[2mKB_CHUNKS_SCHEMA includes optional vault and section fields
[22m[39m17:52:57.288 [memory:mongodb:schema] info: created collection test_meta

[90mstdout[2m | src/mongodb-schema.part3.test.ts[2m > [22m[2mwiki source categorization fields[2m > [22m[2mKB_CHUNKS_SCHEMA includes optional vault and section fields
[22m[39m17:52:57.288 [memory:mongodb:schema] info: created collection test_knowledge_base

[90mstdout[2m | src/mongodb-schema.part3.test.ts[2m > [22m[2mwiki source categorization fields[2m > [22m[2mKB_CHUNKS_SCHEMA includes optional vault and section fields
[22m[39m17:52:57.288 [memory:mongodb:schema] info: created collection test_kb_chunks

[90mstdout[2m | src/mongodb-schema.part3.test.ts[2m > [22m[2mwiki source categorization fields[2m > [22m[2mKB_CHUNKS_SCHEMA includes optional vault and section fields
[22m[39m17:52:57.288 [memory:mongodb:schema] info: created collection test_structured_mem

[90mstdout[2m | src/mongodb-schema.part3.test.ts[2m > [22m[2mwiki source categorization fields[2m > [22m[2mKB_CHUNKS_SCHEMA includes optional vault and section fields
[22m[39m17:52:57.288 [memory:mongodb:schema] info: created collection test_structured_mem_revisions

[90mstdout[2m | src/mongodb-schema.part3.test.ts[2m > [22m[2mwiki source categorization fields[2m > [22m[2mKB_CHUNKS_SCHEMA includes optional vault and section fields
[22m[39m17:52:57.289 [memory:mongodb:schema] info: created collection test_procedures

[90mstdout[2m | src/mongodb-schema.part3.test.ts[2m > [22m[2mwiki source categorization fields[2m > [22m[2mKB_CHUNKS_SCHEMA includes optional vault and section fields
[22m[39m17:52:57.289 [memory:mongodb:schema] info: created collection test_procedure_revisions

[90mstdout[2m | src/mongodb-schema.part3.test.ts[2m > [22m[2mwiki source categorization fields[2m > [22m[2mKB_CHUNKS_SCHEMA includes optional vault and section fields
[22m[39m17:52:57.289 [memory:mongodb:schema] info: created collection test_relevance_runs

[90mstdout[2m | src/mongodb-schema.part3.test.ts[2m > [22m[2mwiki source categorization fields[2m > [22m[2mKB_CHUNKS_SCHEMA includes optional vault and section fields
[22m[39m17:52:57.289 [memory:mongodb:schema] info: created collection test_relevance_artifacts

[90mstdout[2m | src/mongodb-schema.part3.test.ts[2m > [22m[2mwiki source categorization fields[2m > [22m[2mKB_CHUNKS_SCHEMA includes optional vault and section fields
[22m[39m17:52:57.289 [memory:mongodb:schema] info: created collection test_relevance_regressions

[90mstdout[2m | src/mongodb-schema.part3.test.ts[2m > [22m[2mwiki source categorization fields[2m > [22m[2mKB_CHUNKS_SCHEMA includes optional vault and section fields
[22m[39m17:52:57.289 [memory:mongodb:schema] info: created collection test_events

[90mstdout[2m | src/mongodb-schema.part3.test.ts[2m > [22m[2mwiki source categorization fields[2m > [22m[2mKB_CHUNKS_SCHEMA includes optional vault and section fields
[22m[39m17:52:57.289 [memory:mongodb:schema] info: created collection test_entities

[90mstdout[2m | src/mongodb-schema.part3.test.ts[2m > [22m[2mwiki source categorization fields[2m > [22m[2mKB_CHUNKS_SCHEMA includes optional vault and section fields
[22m[39m17:52:57.289 [memory:mongodb:schema] info: created collection test_relations

[90mstdout[2m | src/mongodb-schema.part3.test.ts[2m > [22m[2mwiki source categorization fields[2m > [22m[2mKB_CHUNKS_SCHEMA includes optional vault and section fields
[22m[39m17:52:57.289 [memory:mongodb:schema] info: created collection test_entity_links

[90mstdout[2m | src/mongodb-schema.part3.test.ts[2m > [22m[2mwiki source categorization fields[2m > [22m[2mKB_CHUNKS_SCHEMA includes optional vault and section fields
[22m[39m17:52:57.289 [memory:mongodb:schema] info: created collection test_episodes

[90mstdout[2m | src/mongodb-schema.part3.test.ts[2m > [22m[2mwiki source categorization fields[2m > [22m[2mKB_CHUNKS_SCHEMA includes optional vault and section fields
[22m[39m17:52:57.289 [memory:mongodb:schema] info: created collection test_ingest_runs

[90mstdout[2m | src/mongodb-schema.part3.test.ts[2m > [22m[2mwiki source categorization fields[2m > [22m[2mKB_CHUNKS_SCHEMA includes optional vault and section fields
[22m[39m17:52:57.289 [memory:mongodb:schema] info: created collection test_projection_runs

[90mstdout[2m | src/mongodb-schema.part3.test.ts[2m > [22m[2mwiki source categorization fields[2m > [22m[2mKB_CHUNKS_SCHEMA includes optional vault and section fields
[22m[39m17:52:57.289 [memory:mongodb:schema] info: created collection test_query_cache

[90mstdout[2m | src/mongodb-schema.part3.test.ts[2m > [22m[2mwiki source categorization fields[2m > [22m[2mKB_CHUNKS_SCHEMA includes optional vault and section fields
[22m[39m17:52:57.289 [memory:mongodb:schema] info: created collection test_memory_mutations

[90mstdout[2m | src/mongodb-schema.part3.test.ts[2m > [22m[2mwiki source categorization fields[2m > [22m[2mKB_CHUNKS_SCHEMA includes optional vault and section fields
[22m[39m17:52:57.289 [memory:mongodb:schema] info: created collection test_lane_coverage

[90mstdout[2m | src/mongodb-schema.part3.test.ts[2m > [22m[2mwiki source categorization fields[2m > [22m[2mKB_CHUNKS_SCHEMA includes optional vault and section fields
[22m[39m17:52:57.289 [memory:mongodb:schema] info: created collection test_consolidation_runs

[90mstdout[2m | src/mongodb-schema.part3.test.ts[2m > [22m[2mwiki source categorization fields[2m > [22m[2mKB_CHUNKS_SCHEMA includes optional vault and section fields
[22m[39m17:52:57.289 [memory:mongodb:schema] info: created collection test_recall_traces

[90mstdout[2m | src/mongodb-schema.part3.test.ts[2m > [22m[2mwiki source categorization fields[2m > [22m[2mKB_CHUNKS_SCHEMA includes optional vault and section fields
[22m[39m17:52:57.289 [memory:mongodb:schema] info: created collection test_memory_jobs

[90mstdout[2m | src/mongodb-schema.part3.test.ts[2m > [22m[2mwiki source categorization fields[2m > [22m[2mKB_CHUNKS_SCHEMA includes optional vault and section fields
[22m[39m17:52:57.289 [memory:mongodb:schema] info: created collection test_session_chunks

[90mstdout[2m | src/mongodb-schema.part3.test.ts[2m > [22m[2mwiki source categorization fields[2m > [22m[2mKB_CHUNKS_SCHEMA includes optional vault and section fields
[22m[39m17:52:57.289 [memory:mongodb:schema] info: created collection test_memory_quarantine

[90mstdout[2m | src/mongodb-schema.part3.test.ts[2m > [22m[2mwiki source categorization fields[2m > [22m[2mKB_CHUNKS_SCHEMA includes optional vault and section fields
[22m[39m17:52:57.289 [memory:mongodb:schema] info: created time series collection test_memory_telemetry

[90mstdout[2m | src/mongodb-schema.part3.test.ts[2m > [22m[2mwiki source categorization fields[2m > [22m[2mKB_CHUNKS_SCHEMA includes optional vault and section fields
[22m[39m17:52:57.289 [memory:mongodb:schema] info: created telemetry collection test_memory_telemetry

[90mstdout[2m | src/mongodb-schema.part3.test.ts[2m > [22m[2mwiki source categorization fields[2m > [22m[2mKB_CHUNKS_SCHEMA includes optional vault and section fields
[22m[39m17:52:57.289 [memory:mongodb:schema] info: created time series collection test_access_events

[90mstdout[2m | src/mongodb-schema.part3.test.ts[2m > [22m[2mwiki source categorization fields[2m > [22m[2mKB_CHUNKS_SCHEMA includes optional vault and section fields
[22m[39m17:52:57.289 [memory:mongodb:schema] info: created access events collection test_access_events

[90mstdout[2m | src/mongodb-schema.part3.test.ts[2m > [22m[2mwiki source categorization fields[2m > [22m[2mKB_CHUNKS_SCHEMA includes optional vault and section fields
[22m[39m17:52:57.289 [memory:mongodb:schema] info: applied schema validation to test_chunks

[90mstdout[2m | src/mongodb-schema.part3.test.ts[2m > [22m[2mwiki source categorization fields[2m > [22m[2mKB_CHUNKS_SCHEMA includes optional vault and section fields
[22m[39m17:52:57.289 [memory:mongodb:schema] info: applied schema validation to test_knowledge_base

[90mstdout[2m | src/mongodb-schema.part3.test.ts[2m > [22m[2mwiki source categorization fields[2m > [22m[2mKB_CHUNKS_SCHEMA includes optional vault and section fields
[22m[39m17:52:57.289 [memory:mongodb:schema] info: applied schema validation to test_kb_chunks

[90mstdout[2m | src/mongodb-schema.part3.test.ts[2m > [22m[2mwiki source categorization fields[2m > [22m[2mKB_CHUNKS_SCHEMA includes optional vault and section fields
[22m[39m17:52:57.289 [memory:mongodb:schema] info: applied schema validation to test_structured_mem

[90mstdout[2m | src/mongodb-schema.part3.test.ts[2m > [22m[2mwiki source categorization fields[2m > [22m[2mKB_CHUNKS_SCHEMA includes optional vault and section fields
[22m[39m17:52:57.289 [memory:mongodb:schema] info: applied schema validation to test_structured_mem_revisions

[90mstdout[2m | src/mongodb-schema.part3.test.ts[2m > [22m[2mwiki source categorization fields[2m > [22m[2mKB_CHUNKS_SCHEMA includes optional vault and section fields
[22m[39m17:52:57.289 [memory:mongodb:schema] info: applied schema validation to test_procedures

[90mstdout[2m | src/mongodb-schema.part3.test.ts[2m > [22m[2mwiki source categorization fields[2m > [22m[2mKB_CHUNKS_SCHEMA includes optional vault and section fields
[22m[39m17:52:57.290 [memory:mongodb:schema] info: applied schema validation to test_procedure_revisions

[90mstdout[2m | src/mongodb-schema.part3.test.ts[2m > [22m[2mwiki source categorization fields[2m > [22m[2mKB_CHUNKS_SCHEMA includes optional vault and section fields
[22m[39m17:52:57.290 [memory:mongodb:schema] info: applied schema validation to test_relevance_runs

[90mstdout[2m | src/mongodb-schema.part3.test.ts[2m > [22m[2mwiki source categorization fields[2m > [22m[2mKB_CHUNKS_SCHEMA includes optional vault and section fields
[22m[39m17:52:57.290 [memory:mongodb:schema] info: applied schema validation to test_relevance_artifacts

[90mstdout[2m | src/mongodb-schema.part3.test.ts[2m > [22m[2mwiki source categorization fields[2m > [22m[2mKB_CHUNKS_SCHEMA includes optional vault and section fields
[22m[39m17:52:57.290 [memory:mongodb:schema] info: applied schema validation to test_relevance_regressions

[90mstdout[2m | src/mongodb-schema.part3.test.ts[2m > [22m[2mwiki source categorization fields[2m > [22m[2mKB_CHUNKS_SCHEMA includes optional vault and section fields
[22m[39m17:52:57.290 [memory:mongodb:schema] info: applied schema validation to test_events

[90mstdout[2m | src/mongodb-schema.part3.test.ts[2m > [22m[2mwiki source categorization fields[2m > [22m[2mKB_CHUNKS_SCHEMA includes optional vault and section fields
[22m[39m17:52:57.290 [memory:mongodb:schema] info: applied schema validation to test_entities

[90mstdout[2m | src/mongodb-schema.part3.test.ts[2m > [22m[2mwiki source categorization fields[2m > [22m[2mKB_CHUNKS_SCHEMA includes optional vault and section fields
[22m[39m17:52:57.290 [memory:mongodb:schema] info: applied schema validation to test_relations

[90mstdout[2m | src/mongodb-schema.part3.test.ts[2m > [22m[2mwiki source categorization fields[2m > [22m[2mKB_CHUNKS_SCHEMA includes optional vault and section fields
[22m[39m17:52:57.290 [memory:mongodb:schema] info: applied schema validation to test_entity_links

[90mstdout[2m | src/mongodb-schema.part3.test.ts[2m > [22m[2mwiki source categorization fields[2m > [22m[2mKB_CHUNKS_SCHEMA includes optional vault and section fields
[22m[39m17:52:57.290 [memory:mongodb:schema] info: applied schema validation to test_episodes

[90mstdout[2m | src/mongodb-schema.part3.test.ts[2m > [22m[2mwiki source categorization fields[2m > [22m[2mKB_CHUNKS_SCHEMA includes optional vault and section fields
[22m[39m17:52:57.290 [memory:mongodb:schema] info: applied schema validation to test_ingest_runs

[90mstdout[2m | src/mongodb-schema.part3.test.ts[2m > [22m[2mwiki source categorization fields[2m > [22m[2mKB_CHUNKS_SCHEMA includes optional vault and section fields
[22m[39m17:52:57.290 [memory:mongodb:schema] info: applied schema validation to test_projection_runs

[90mstdout[2m | src/mongodb-schema.part3.test.ts[2m > [22m[2mwiki source categorization fields[2m > [22m[2mKB_CHUNKS_SCHEMA includes optional vault and section fields
[22m[39m17:52:57.290 [memory:mongodb:schema] info: applied schema validation to test_query_cache

[90mstdout[2m | src/mongodb-schema.part3.test.ts[2m > [22m[2mwiki source categorization fields[2m > [22m[2mKB_CHUNKS_SCHEMA includes optional vault and section fields
[22m[39m17:52:57.290 [memory:mongodb:schema] info: applied schema validation to test_memory_mutations

[90mstdout[2m | src/mongodb-schema.part3.test.ts[2m > [22m[2mwiki source categorization fields[2m > [22m[2mKB_CHUNKS_SCHEMA includes optional vault and section fields
[22m[39m17:52:57.290 [memory:mongodb:schema] info: applied schema validation to test_recall_traces

[90mstdout[2m | src/mongodb-schema.part3.test.ts[2m > [22m[2mwiki source categorization fields[2m > [22m[2mKB_CHUNKS_SCHEMA includes optional vault and section fields
[22m[39m17:52:57.290 [memory:mongodb:schema] info: applied schema validation to test_memory_jobs

[90mstdout[2m | src/mongodb-schema.part3.test.ts[2m > [22m[2mwiki source categorization fields[2m > [22m[2mKB_CHUNKS_SCHEMA includes optional vault and section fields
[22m[39m17:52:57.290 [memory:mongodb:schema] info: applied schema validation to test_memory_quarantine

[90mstdout[2m | src/mongodb-schema.part3.test.ts[2m > [22m[2mwiki source categorization fields[2m > [22m[2mKB_CHUNKS_SCHEMA includes optional vault and section fields
[22m[39m17:52:57.290 [memory:mongodb:schema] info: applied schema validation to test_files

[90mstdout[2m | src/mongodb-schema.part3.test.ts[2m > [22m[2mEPISODES_SCHEMA enum completeness[2m > [22m[2mEPISODES_SCHEMA enum includes all 5 EpisodeType values
[22m[39m17:52:57.290 [memory:mongodb:schema] info: created collection test_chunks

[90mstdout[2m | src/mongodb-schema.part3.test.ts[2m > [22m[2mEPISODES_SCHEMA enum completeness[2m > [22m[2mEPISODES_SCHEMA enum includes all 5 EpisodeType values
[22m[39m17:52:57.290 [memory:mongodb:schema] info: created collection test_files

[90mstdout[2m | src/mongodb-schema.part3.test.ts[2m > [22m[2mEPISODES_SCHEMA enum completeness[2m > [22m[2mEPISODES_SCHEMA enum includes all 5 EpisodeType values
[22m[39m17:52:57.290 [memory:mongodb:schema] info: created collection test_meta

[90mstdout[2m | src/mongodb-schema.part3.test.ts[2m > [22m[2mEPISODES_SCHEMA enum completeness[2m > [22m[2mEPISODES_SCHEMA enum includes all 5 EpisodeType values
[22m[39m17:52:57.290 [memory:mongodb:schema] info: created collection test_knowledge_base

[90mstdout[2m | src/mongodb-schema.part3.test.ts[2m > [22m[2mEPISODES_SCHEMA enum completeness[2m > [22m[2mEPISODES_SCHEMA enum includes all 5 EpisodeType values
[22m[39m17:52:57.290 [memory:mongodb:schema] info: created collection test_kb_chunks

[90mstdout[2m | src/mongodb-schema.part3.test.ts[2m > [22m[2mEPISODES_SCHEMA enum completeness[2m > [22m[2mEPISODES_SCHEMA enum includes all 5 EpisodeType values
[22m[39m17:52:57.291 [memory:mongodb:schema] info: created collection test_structured_mem

[90mstdout[2m | src/mongodb-schema.part3.test.ts[2m > [22m[2mEPISODES_SCHEMA enum completeness[2m > [22m[2mEPISODES_SCHEMA enum includes all 5 EpisodeType values
[22m[39m17:52:57.291 [memory:mongodb:schema] info: created collection test_structured_mem_revisions

[90mstdout[2m | src/mongodb-schema.part3.test.ts[2m > [22m[2mEPISODES_SCHEMA enum completeness[2m > [22m[2mEPISODES_SCHEMA enum includes all 5 EpisodeType values
[22m[39m17:52:57.291 [memory:mongodb:schema] info: created collection test_procedures

[90mstdout[2m | src/mongodb-schema.part3.test.ts[2m > [22m[2mEPISODES_SCHEMA enum completeness[2m > [22m[2mEPISODES_SCHEMA enum includes all 5 EpisodeType values
[22m[39m17:52:57.291 [memory:mongodb:schema] info: created collection test_procedure_revisions

[90mstdout[2m | src/mongodb-schema.part3.test.ts[2m > [22m[2mEPISODES_SCHEMA enum completeness[2m > [22m[2mEPISODES_SCHEMA enum includes all 5 EpisodeType values
[22m[39m17:52:57.291 [memory:mongodb:schema] info: created collection test_relevance_runs

[90mstdout[2m | src/mongodb-schema.part3.test.ts[2m > [22m[2mEPISODES_SCHEMA enum completeness[2m > [22m[2mEPISODES_SCHEMA enum includes all 5 EpisodeType values
[22m[39m17:52:57.291 [memory:mongodb:schema] info: created collection test_relevance_artifacts

[90mstdout[2m | src/mongodb-schema.part3.test.ts[2m > [22m[2mEPISODES_SCHEMA enum completeness[2m > [22m[2mEPISODES_SCHEMA enum includes all 5 EpisodeType values
[22m[39m17:52:57.291 [memory:mongodb:schema] info: created collection test_relevance_regressions

[90mstdout[2m | src/mongodb-schema.part3.test.ts[2m > [22m[2mEPISODES_SCHEMA enum completeness[2m > [22m[2mEPISODES_SCHEMA enum includes all 5 EpisodeType values
[22m[39m17:52:57.291 [memory:mongodb:schema] info: created collection test_events

[90mstdout[2m | src/mongodb-schema.part3.test.ts[2m > [22m[2mEPISODES_SCHEMA enum completeness[2m > [22m[2mEPISODES_SCHEMA enum includes all 5 EpisodeType values
[22m[39m17:52:57.291 [memory:mongodb:schema] info: created collection test_entities

[90mstdout[2m | src/mongodb-schema.part3.test.ts[2m > [22m[2mEPISODES_SCHEMA enum completeness[2m > [22m[2mEPISODES_SCHEMA enum includes all 5 EpisodeType values
[22m[39m17:52:57.291 [memory:mongodb:schema] info: created collection test_relations

[90mstdout[2m | src/mongodb-schema.part3.test.ts[2m > [22m[2mEPISODES_SCHEMA enum completeness[2m > [22m[2mEPISODES_SCHEMA enum includes all 5 EpisodeType values
[22m[39m17:52:57.291 [memory:mongodb:schema] info: created collection test_entity_links

[90mstdout[2m | src/mongodb-schema.part3.test.ts[2m > [22m[2mEPISODES_SCHEMA enum completeness[2m > [22m[2mEPISODES_SCHEMA enum includes all 5 EpisodeType values
[22m[39m17:52:57.291 [memory:mongodb:schema] info: created collection test_episodes

[90mstdout[2m | src/mongodb-schema.part3.test.ts[2m > [22m[2mEPISODES_SCHEMA enum completeness[2m > [22m[2mEPISODES_SCHEMA enum includes all 5 EpisodeType values
[22m[39m17:52:57.291 [memory:mongodb:schema] info: created collection test_ingest_runs

[90mstdout[2m | src/mongodb-schema.part3.test.ts[2m > [22m[2mEPISODES_SCHEMA enum completeness[2m > [22m[2mEPISODES_SCHEMA enum includes all 5 EpisodeType values
[22m[39m17:52:57.291 [memory:mongodb:schema] info: created collection test_projection_runs

[90mstdout[2m | src/mongodb-schema.part3.test.ts[2m > [22m[2mEPISODES_SCHEMA enum completeness[2m > [22m[2mEPISODES_SCHEMA enum includes all 5 EpisodeType values
[22m[39m17:52:57.291 [memory:mongodb:schema] info: created collection test_query_cache

[90mstdout[2m | src/mongodb-schema.part3.test.ts[2m > [22m[2mEPISODES_SCHEMA enum completeness[2m > [22m[2mEPISODES_SCHEMA enum includes all 5 EpisodeType values
[22m[39m17:52:57.291 [memory:mongodb:schema] info: created collection test_memory_mutations

[90mstdout[2m | src/mongodb-schema.part3.test.ts[2m > [22m[2mEPISODES_SCHEMA enum completeness[2m > [22m[2mEPISODES_SCHEMA enum includes all 5 EpisodeType values
[22m[39m17:52:57.291 [memory:mongodb:schema] info: created collection test_lane_coverage

[90mstdout[2m | src/mongodb-schema.part3.test.ts[2m > [22m[2mEPISODES_SCHEMA enum completeness[2m > [22m[2mEPISODES_SCHEMA enum includes all 5 EpisodeType values
[22m[39m17:52:57.291 [memory:mongodb:schema] info: created collection test_consolidation_runs

[90mstdout[2m | src/mongodb-schema.part3.test.ts[2m > [22m[2mEPISODES_SCHEMA enum completeness[2m > [22m[2mEPISODES_SCHEMA enum includes all 5 EpisodeType values
[22m[39m17:52:57.291 [memory:mongodb:schema] info: created collection test_recall_traces

[90mstdout[2m | src/mongodb-schema.part3.test.ts[2m > [22m[2mEPISODES_SCHEMA enum completeness[2m > [22m[2mEPISODES_SCHEMA enum includes all 5 EpisodeType values
[22m[39m17:52:57.291 [memory:mongodb:schema] info: created collection test_memory_jobs

[90mstdout[2m | src/mongodb-schema.part3.test.ts[2m > [22m[2mEPISODES_SCHEMA enum completeness[2m > [22m[2mEPISODES_SCHEMA enum includes all 5 EpisodeType values
[22m[39m17:52:57.291 [memory:mongodb:schema] info: created collection test_session_chunks

[90mstdout[2m | src/mongodb-schema.part3.test.ts[2m > [22m[2mEPISODES_SCHEMA enum completeness[2m > [22m[2mEPISODES_SCHEMA enum includes all 5 EpisodeType values
[22m[39m17:52:57.291 [memory:mongodb:schema] info: created collection test_memory_quarantine

[90mstdout[2m | src/mongodb-schema.part3.test.ts[2m > [22m[2mEPISODES_SCHEMA enum completeness[2m > [22m[2mEPISODES_SCHEMA enum includes all 5 EpisodeType values
[22m[39m17:52:57.291 [memory:mongodb:schema] info: created time series collection test_memory_telemetry

[90mstdout[2m | src/mongodb-schema.part3.test.ts[2m > [22m[2mEPISODES_SCHEMA enum completeness[2m > [22m[2mEPISODES_SCHEMA enum includes all 5 EpisodeType values
[22m[39m17:52:57.291 [memory:mongodb:schema] info: created telemetry collection test_memory_telemetry

[90mstdout[2m | src/mongodb-schema.part3.test.ts[2m > [22m[2mEPISODES_SCHEMA enum completeness[2m > [22m[2mEPISODES_SCHEMA enum includes all 5 EpisodeType values
[22m[39m17:52:57.292 [memory:mongodb:schema] info: created time series collection test_access_events

[90mstdout[2m | src/mongodb-schema.part3.test.ts[2m > [22m[2mEPISODES_SCHEMA enum completeness[2m > [22m[2mEPISODES_SCHEMA enum includes all 5 EpisodeType values
[22m[39m17:52:57.292 [memory:mongodb:schema] info: created access events collection test_access_events

[90mstdout[2m | src/mongodb-schema.part3.test.ts[2m > [22m[2mEPISODES_SCHEMA enum completeness[2m > [22m[2mEPISODES_SCHEMA enum includes all 5 EpisodeType values
[22m[39m17:52:57.292 [memory:mongodb:schema] info: applied schema validation to test_chunks

[90mstdout[2m | src/mongodb-schema.part3.test.ts[2m > [22m[2mEPISODES_SCHEMA enum completeness[2m > [22m[2mEPISODES_SCHEMA enum includes all 5 EpisodeType values
[22m[39m17:52:57.292 [memory:mongodb:schema] info: applied schema validation to test_knowledge_base

[90mstdout[2m | src/mongodb-schema.part3.test.ts[2m > [22m[2mEPISODES_SCHEMA enum completeness[2m > [22m[2mEPISODES_SCHEMA enum includes all 5 EpisodeType values
[22m[39m17:52:57.292 [memory:mongodb:schema] info: applied schema validation to test_kb_chunks

[90mstdout[2m | src/mongodb-schema.part3.test.ts[2m > [22m[2mEPISODES_SCHEMA enum completeness[2m > [22m[2mEPISODES_SCHEMA enum includes all 5 EpisodeType values
[22m[39m17:52:57.292 [memory:mongodb:schema] info: applied schema validation to test_structured_mem

[90mstdout[2m | src/mongodb-schema.part3.test.ts[2m > [22m[2mEPISODES_SCHEMA enum completeness[2m > [22m[2mEPISODES_SCHEMA enum includes all 5 EpisodeType values
[22m[39m17:52:57.292 [memory:mongodb:schema] info: applied schema validation to test_structured_mem_revisions

[90mstdout[2m | src/mongodb-schema.part3.test.ts[2m > [22m[2mEPISODES_SCHEMA enum completeness[2m > [22m[2mEPISODES_SCHEMA enum includes all 5 EpisodeType values
[22m[39m17:52:57.292 [memory:mongodb:schema] info: applied schema validation to test_procedures

[90mstdout[2m | src/mongodb-schema.part3.test.ts[2m > [22m[2mEPISODES_SCHEMA enum completeness[2m > [22m[2mEPISODES_SCHEMA enum includes all 5 EpisodeType values
[22m[39m17:52:57.292 [memory:mongodb:schema] info: applied schema validation to test_procedure_revisions

[90mstdout[2m | src/mongodb-schema.part3.test.ts[2m > [22m[2mEPISODES_SCHEMA enum completeness[2m > [22m[2mEPISODES_SCHEMA enum includes all 5 EpisodeType values
[22m[39m17:52:57.292 [memory:mongodb:schema] info: applied schema validation to test_relevance_runs

[90mstdout[2m | src/mongodb-schema.part3.test.ts[2m > [22m[2mEPISODES_SCHEMA enum completeness[2m > [22m[2mEPISODES_SCHEMA enum includes all 5 EpisodeType values
[22m[39m17:52:57.292 [memory:mongodb:schema] info: applied schema validation to test_relevance_artifacts

[90mstdout[2m | src/mongodb-schema.part3.test.ts[2m > [22m[2mEPISODES_SCHEMA enum completeness[2m > [22m[2mEPISODES_SCHEMA enum includes all 5 EpisodeType values
[22m[39m17:52:57.292 [memory:mongodb:schema] info: applied schema validation to test_relevance_regressions

[90mstdout[2m | src/mongodb-schema.part3.test.ts[2m > [22m[2mEPISODES_SCHEMA enum completeness[2m > [22m[2mEPISODES_SCHEMA enum includes all 5 EpisodeType values
[22m[39m17:52:57.292 [memory:mongodb:schema] info: applied schema validation to test_events

[90mstdout[2m | src/mongodb-schema.part3.test.ts[2m > [22m[2mEPISODES_SCHEMA enum completeness[2m > [22m[2mEPISODES_SCHEMA enum includes all 5 EpisodeType values
[22m[39m17:52:57.292 [memory:mongodb:schema] info: applied schema validation to test_entities

[90mstdout[2m | src/mongodb-schema.part3.test.ts[2m > [22m[2mEPISODES_SCHEMA enum completeness[2m > [22m[2mEPISODES_SCHEMA enum includes all 5 EpisodeType values
[22m[39m17:52:57.292 [memory:mongodb:schema] info: applied schema validation to test_relations

[90mstdout[2m | src/mongodb-schema.part3.test.ts[2m > [22m[2mEPISODES_SCHEMA enum completeness[2m > [22m[2mEPISODES_SCHEMA enum includes all 5 EpisodeType values
[22m[39m17:52:57.292 [memory:mongodb:schema] info: applied schema validation to test_entity_links

[90mstdout[2m | src/mongodb-schema.part3.test.ts[2m > [22m[2mEPISODES_SCHEMA enum completeness[2m > [22m[2mEPISODES_SCHEMA enum includes all 5 EpisodeType values
[22m[39m17:52:57.292 [memory:mongodb:schema] info: applied schema validation to test_episodes

[90mstdout[2m | src/mongodb-schema.part3.test.ts[2m > [22m[2mEPISODES_SCHEMA enum completeness[2m > [22m[2mEPISODES_SCHEMA enum includes all 5 EpisodeType values
[22m[39m17:52:57.292 [memory:mongodb:schema] info: applied schema validation to test_ingest_runs

[90mstdout[2m | src/mongodb-schema.part3.test.ts[2m > [22m[2mEPISODES_SCHEMA enum completeness[2m > [22m[2mEPISODES_SCHEMA enum includes all 5 EpisodeType values
[22m[39m17:52:57.292 [memory:mongodb:schema] info: applied schema validation to test_projection_runs

[90mstdout[2m | src/mongodb-schema.part3.test.ts[2m > [22m[2mEPISODES_SCHEMA enum completeness[2m > [22m[2mEPISODES_SCHEMA enum includes all 5 EpisodeType values
[22m[39m17:52:57.292 [memory:mongodb:schema] info: applied schema validation to test_query_cache

[90mstdout[2m | src/mongodb-schema.part3.test.ts[2m > [22m[2mEPISODES_SCHEMA enum completeness[2m > [22m[2mEPISODES_SCHEMA enum includes all 5 EpisodeType values
[22m[39m17:52:57.292 [memory:mongodb:schema] info: applied schema validation to test_memory_mutations

[90mstdout[2m | src/mongodb-schema.part3.test.ts[2m > [22m[2mEPISODES_SCHEMA enum completeness[2m > [22m[2mEPISODES_SCHEMA enum includes all 5 EpisodeType values
[22m[39m17:52:57.292 [memory:mongodb:schema] info: applied schema validation to test_recall_traces

[90mstdout[2m | src/mongodb-schema.part3.test.ts[2m > [22m[2mEPISODES_SCHEMA enum completeness[2m > [22m[2mEPISODES_SCHEMA enum includes all 5 EpisodeType values
[22m[39m17:52:57.292 [memory:mongodb:schema] info: applied schema validation to test_memory_jobs

[90mstdout[2m | src/mongodb-schema.part3.test.ts[2m > [22m[2mEPISODES_SCHEMA enum completeness[2m > [22m[2mEPISODES_SCHEMA enum includes all 5 EpisodeType values
[22m[39m17:52:57.292 [memory:mongodb:schema] info: applied schema validation to test_memory_quarantine

[90mstdout[2m | src/mongodb-schema.part3.test.ts[2m > [22m[2mEPISODES_SCHEMA enum completeness[2m > [22m[2mEPISODES_SCHEMA enum includes all 5 EpisodeType values
[22m[39m17:52:57.292 [memory:mongodb:schema] info: applied schema validation to test_files

[90mstdout[2m | src/mongodb-schema.part3.test.ts[2m > [22m[2mdetectCapabilities[2m > [22m[2mdoes not claim scoreFusion support on MongoDB 8.2
[22m[39m17:52:57.293 [memory:mongodb:capabilities] info: capability vector-stored-source disabled: requires MongoDB >= 8.3.7; fix-plan-2026-08-03 P3.3 — remove the gate once supported floors are all >= 8.3.7
17:52:57.294 [memory:mongodb:capabilities] info: capability rerank-stage disabled: blocked on Atlas Search Preview; Atlas-managed deployments only; fix-plan-2026-08-03 P3.6 — adopt when $rerank reaches GA
17:52:57.294 [memory:mongodb:capabilities] info: capability lexical-prefilters disabled: blocked on Atlas Search Preview; fix-plan-2026-08-03 P3.6 — adopt when lexical prefilters reach GA
17:52:57.294 [memory:mongodb:capabilities] info: capability flat-indexes disabled: requires MongoDB >= 8.3.7; fix-plan-2026-08-03 P3.6 — drop the env opt-in when flat indexingMethod is GA
17:52:57.294 [memory:mongodb:schema] info: detected capabilities: {"vectorSearch":true,"textSearch":true,"scoreFusion":false,"rankFusion":true,"storedSource":false,"vectorIndexMethod":false,"capabilityGates":{"vector-stored-source":false,"autoembed-quantization":true,"rerank-stage":false,"lexical-prefilters":false,"flat-indexes":false}}

[90mstdout[2m | src/mongodb-schema.part3.test.ts[2m > [22m[2mdetectCapabilities[2m > [22m[2mdetects scoreFusion support from MongoDB 8.3
[22m[39m17:52:57.294 [memory:mongodb:capabilities] info: capability vector-stored-source disabled: requires MongoDB >= 8.3.7; fix-plan-2026-08-03 P3.3 — remove the gate once supported floors are all >= 8.3.7
17:52:57.294 [memory:mongodb:capabilities] info: capability rerank-stage disabled: blocked on Atlas Search Preview; Atlas-managed deployments only; fix-plan-2026-08-03 P3.6 — adopt when $rerank reaches GA
17:52:57.294 [memory:mongodb:capabilities] info: capability lexical-prefilters disabled: blocked on Atlas Search Preview; fix-plan-2026-08-03 P3.6 — adopt when lexical prefilters reach GA
17:52:57.294 [memory:mongodb:capabilities] info: capability flat-indexes disabled: requires MongoDB >= 8.3.7; fix-plan-2026-08-03 P3.6 — drop the env opt-in when flat indexingMethod is GA
17:52:57.294 [memory:mongodb:schema] info: detected capabilities: {"vectorSearch":true,"textSearch":true,"scoreFusion":true,"rankFusion":true,"storedSource":false,"vectorIndexMethod":false,"capabilityGates":{"vector-stored-source":false,"autoembed-quantization":true,"rerank-stage":false,"lexical-prefilters":false,"flat-indexes":false}}

[90mstdout[2m | src/mongodb-schema.test.ts[2m > [22m[2mschema constants[2m > [22m[2mKB source.type enum uses 'manual' not 'text' (F16)
[22m[39m17:52:57.288 [memory:mongodb:schema] info: created collection test_relevance_regressions

[90mstdout[2m | src/mongodb-schema.part3.test.ts[2m > [22m[2mdetectCapabilities[2m > [22m[2mdetects no capabilities when everything fails
[22m[39m17:52:57.294 [memory:mongodb:capabilities] info: capability vector-stored-source disabled: requires MongoDB >= 8.3.7; fix-plan-2026-08-03 P3.3 — remove the gate once supported floors are all >= 8.3.7
17:52:57.294 [memory:mongodb:capabilities] info: capability rerank-stage disabled: blocked on Atlas Search Preview; Atlas-managed deployments only; fix-plan-2026-08-03 P3.6 — adopt when $rerank reaches GA
17:52:57.294 [memory:mongodb:capabilities] info: capability lexical-prefilters disabled: blocked on Atlas Search Preview; fix-plan-2026-08-03 P3.6 — adopt when lexical prefilters reach GA
17:52:57.294 [memory:mongodb:capabilities] info: capability flat-indexes disabled: requires MongoDB >= 8.3.7; fix-plan-2026-08-03 P3.6 — drop the env opt-in when flat indexingMethod is GA
17:52:57.294 [memory:mongodb:schema] info: detected capabilities: {"vectorSearch":false,"textSearch":false,"scoreFusion":false,"rankFusion":false,"storedSource":false,"vectorIndexMethod":false,"capabilityGates":{"vector-stored-source":false,"autoembed-quantization":true,"rerank-stage":false,"lexical-prefilters":false,"flat-indexes":false}}

[90mstdout[2m | src/mongodb-schema.test.ts[2m > [22m[2mschema constants[2m > [22m[2mKB source.type enum uses 'manual' not 'text' (F16)
[22m[39m17:52:57.294 [memory:mongodb:schema] info: created collection test_events

[90mstdout[2m | src/mongodb-schema.test.ts[2m > [22m[2mschema constants[2m > [22m[2mKB source.type enum uses 'manual' not 'text' (F16)
[22m[39m17:52:57.294 [memory:mongodb:schema] info: created collection test_entities

[90mstdout[2m | src/mongodb-schema.test.ts[2m > [22m[2mschema constants[2m > [22m[2mKB source.type enum uses 'manual' not 'text' (F16)
[22m[39m17:52:57.294 [memory:mongodb:schema] info: created collection test_relations

[90mstdout[2m | src/mongodb-schema.test.ts[2m > [22m[2mschema constants[2m > [22m[2mKB source.type enum uses 'manual' not 'text' (F16)
[22m[39m17:52:57.294 [memory:mongodb:schema] info: created collection test_entity_links

[90mstdout[2m | src/mongodb-schema.test.ts[2m > [22m[2mschema constants[2m > [22m[2mKB source.type enum uses 'manual' not 'text' (F16)
[22m[39m17:52:57.294 [memory:mongodb:schema] info: created collection test_episodes

[90mstdout[2m | src/mongodb-schema.test.ts[2m > [22m[2mschema constants[2m > [22m[2mKB source.type enum uses 'manual' not 'text' (F16)
[22m[39m17:52:57.294 [memory:mongodb:schema] info: created collection test_ingest_runs

[90mstdout[2m | src/mongodb-schema.test.ts[2m > [22m[2mschema constants[2m > [22m[2mKB source.type enum uses 'manual' not 'text' (F16)
[22m[39m17:52:57.295 [memory:mongodb:schema] info: created collection test_projection_runs

[90mstdout[2m | src/mongodb-schema.part3.test.ts[2m > [22m[2mdetectCapabilities[2m > [22m[2mdetects rankFusion when stage is recognized but fails on empty data
[22m[39m17:52:57.294 [memory:mongodb:capabilities] info: capability vector-stored-source disabled: requires MongoDB >= 8.3.7; fix-plan-2026-08-03 P3.3 — remove the gate once supported floors are all >= 8.3.7
17:52:57.294 [memory:mongodb:capabilities] info: capability rerank-stage disabled: blocked on Atlas Search Preview; Atlas-managed deployments only; fix-plan-2026-08-03 P3.6 — adopt when $rerank reaches GA
17:52:57.295 [memory:mongodb:capabilities] info: capability lexical-prefilters disabled: blocked on Atlas Search Preview; fix-plan-2026-08-03 P3.6 — adopt when lexical prefilters reach GA
17:52:57.295 [memory:mongodb:capabilities] info: capability flat-indexes disabled: requires MongoDB >= 8.3.7; fix-plan-2026-08-03 P3.6 — drop the env opt-in when flat indexingMethod is GA
17:52:57.295 [memory:mongodb:schema] info: detected capabilities: {"vectorSearch":false,"textSearch":false,"scoreFusion":true,"rankFusion":true,"storedSource":false,"vectorIndexMethod":false,"capabilityGates":{"vector-stored-source":false,"autoembed-quantization":true,"rerank-stage":false,"lexical-prefilters":false,"flat-indexes":false}}

[90mstdout[2m | src/mongodb-schema.test.ts[2m > [22m[2mschema constants[2m > [22m[2mKB source.type enum uses 'manual' not 'text' (F16)
[22m[39m17:52:57.295 [memory:mongodb:schema] info: created collection test_query_cache

[90mstdout[2m | src/mongodb-schema.test.ts[2m > [22m[2mschema constants[2m > [22m[2mKB source.type enum uses 'manual' not 'text' (F16)
[22m[39m17:52:57.295 [memory:mongodb:schema] info: created collection test_memory_mutations

[90mstdout[2m | src/mongodb-schema.test.ts[2m > [22m[2mschema constants[2m > [22m[2mKB source.type enum uses 'manual' not 'text' (F16)
[22m[39m17:52:57.295 [memory:mongodb:schema] info: created collection test_lane_coverage

[90mstdout[2m | src/mongodb-schema.test.ts[2m > [22m[2mschema constants[2m > [22m[2mKB source.type enum uses 'manual' not 'text' (F16)
[22m[39m17:52:57.295 [memory:mongodb:schema] info: created collection test_consolidation_runs

[90mstdout[2m | src/mongodb-schema.test.ts[2m > [22m[2mschema constants[2m > [22m[2mKB source.type enum uses 'manual' not 'text' (F16)
[22m[39m17:52:57.295 [memory:mongodb:schema] info: created collection test_recall_traces

[90mstdout[2m | src/mongodb-schema.test.ts[2m > [22m[2mschema constants[2m > [22m[2mKB source.type enum uses 'manual' not 'text' (F16)
[22m[39m17:52:57.295 [memory:mongodb:schema] info: created collection test_memory_jobs

[90mstdout[2m | src/mongodb-schema.test.ts[2m > [22m[2mschema constants[2m > [22m[2mKB source.type enum uses 'manual' not 'text' (F16)
[22m[39m17:52:57.295 [memory:mongodb:schema] info: created collection test_session_chunks

[90mstdout[2m | src/mongodb-schema.test.ts[2m > [22m[2mschema constants[2m > [22m[2mKB source.type enum uses 'manual' not 'text' (F16)
[22m[39m17:52:57.295 [memory:mongodb:schema] info: created collection test_memory_quarantine

[90mstdout[2m | src/mongodb-schema.test.ts[2m > [22m[2mschema constants[2m > [22m[2mKB source.type enum uses 'manual' not 'text' (F16)
[22m[39m17:52:57.295 [memory:mongodb:schema] info: created time series collection test_memory_telemetry

[90mstdout[2m | src/mongodb-schema.test.ts[2m > [22m[2mschema constants[2m > [22m[2mKB source.type enum uses 'manual' not 'text' (F16)
[22m[39m17:52:57.295 [memory:mongodb:schema] info: created telemetry collection test_memory_telemetry

[90mstdout[2m | src/mongodb-schema.test.ts[2m > [22m[2mschema constants[2m > [22m[2mKB source.type enum uses 'manual' not 'text' (F16)
[22m[39m17:52:57.295 [memory:mongodb:schema] info: created time series collection test_access_events

[90mstdout[2m | src/mongodb-schema.test.ts[2m > [22m[2mschema constants[2m > [22m[2mKB source.type enum uses 'manual' not 'text' (F16)
[22m[39m17:52:57.295 [memory:mongodb:schema] info: created access events collection test_access_events

[90mstdout[2m | src/mongodb-schema.test.ts[2m > [22m[2mschema constants[2m > [22m[2mKB source.type enum uses 'manual' not 'text' (F16)
[22m[39m17:52:57.295 [memory:mongodb:schema] info: applied schema validation to test_chunks

[90mstdout[2m | src/mongodb-schema.test.ts[2m > [22m[2mschema constants[2m > [22m[2mKB source.type enum uses 'manual' not 'text' (F16)
[22m[39m17:52:57.295 [memory:mongodb:schema] info: applied schema validation to test_knowledge_base

[90mstdout[2m | src/mongodb-schema.test.ts[2m > [22m[2mschema constants[2m > [22m[2mKB source.type enum uses 'manual' not 'text' (F16)
[22m[39m17:52:57.295 [memory:mongodb:schema] info: applied schema validation to test_kb_chunks

[90mstdout[2m | src/mongodb-schema.part3.test.ts[2m > [22m[2mdetectCapabilities[2m > [22m[2mdoes not claim search readiness when index listing succeeds but is empty
[22m[39m17:52:57.295 [memory:mongodb:capabilities] info: capability vector-stored-source disabled: requires MongoDB >= 8.3.7; fix-plan-2026-08-03 P3.3 — remove the gate once supported floors are all >= 8.3.7
17:52:57.295 [memory:mongodb:capabilities] info: capability rerank-stage disabled: blocked on Atlas Search Preview; Atlas-managed deployments only; fix-plan-2026-08-03 P3.6 — adopt when $rerank reaches GA
17:52:57.295 [memory:mongodb:capabilities] info: capability lexical-prefilters disabled: blocked on Atlas Search Preview; fix-plan-2026-08-03 P3.6 — adopt when lexical prefilters reach GA
17:52:57.295 [memory:mongodb:capabilities] info: capability flat-indexes disabled: requires MongoDB >= 8.3.7; fix-plan-2026-08-03 P3.6 — drop the env opt-in when flat indexingMethod is GA
17:52:57.295 [memory:mongodb:schema] info: detected capabilities: {"vectorSearch":false,"textSearch":false,"scoreFusion":false,"rankFusion":false,"storedSource":false,"vectorIndexMethod":false,"capabilityGates":{"vector-stored-source":false,"autoembed-quantization":true,"rerank-stage":false,"lexical-prefilters":false,"flat-indexes":false}}

[90mstdout[2m | src/mongodb-schema.test.ts[2m > [22m[2mschema constants[2m > [22m[2mKB source.type enum uses 'manual' not 'text' (F16)
[22m[39m17:52:57.295 [memory:mongodb:schema] info: applied schema validation to test_structured_mem

[90mstdout[2m | src/mongodb-schema.test.ts[2m > [22m[2mschema constants[2m > [22m[2mKB source.type enum uses 'manual' not 'text' (F16)
[22m[39m17:52:57.295 [memory:mongodb:schema] info: applied schema validation to test_structured_mem_revisions

[90mstdout[2m | src/mongodb-schema.test.ts[2m > [22m[2mschema constants[2m > [22m[2mKB source.type enum uses 'manual' not 'text' (F16)
[22m[39m17:52:57.295 [memory:mongodb:schema] info: applied schema validation to test_procedures

[90mstdout[2m | src/mongodb-schema.test.ts[2m > [22m[2mschema constants[2m > [22m[2mKB source.type enum uses 'manual' not 'text' (F16)
[22m[39m17:52:57.295 [memory:mongodb:schema] info: applied schema validation to test_procedure_revisions

[90mstdout[2m | src/mongodb-schema.test.ts[2m > [22m[2mschema constants[2m > [22m[2mKB source.type enum uses 'manual' not 'text' (F16)
[22m[39m17:52:57.295 [memory:mongodb:schema] info: applied schema validation to test_relevance_runs

[90mstdout[2m | src/mongodb-schema.test.ts[2m > [22m[2mschema constants[2m > [22m[2mKB source.type enum uses 'manual' not 'text' (F16)
[22m[39m17:52:57.295 [memory:mongodb:schema] info: applied schema validation to test_relevance_artifacts

[90mstdout[2m | src/mongodb-schema.test.ts[2m > [22m[2mschema constants[2m > [22m[2mKB source.type enum uses 'manual' not 'text' (F16)
[22m[39m17:52:57.295 [memory:mongodb:schema] info: applied schema validation to test_relevance_regressions

[90mstdout[2m | src/mongodb-schema.test.ts[2m > [22m[2mschema constants[2m > [22m[2mKB source.type enum uses 'manual' not 'text' (F16)
[22m[39m17:52:57.295 [memory:mongodb:schema] info: applied schema validation to test_events

[90mstdout[2m | src/mongodb-schema.test.ts[2m > [22m[2mschema constants[2m > [22m[2mKB source.type enum uses 'manual' not 'text' (F16)
[22m[39m17:52:57.295 [memory:mongodb:schema] info: applied schema validation to test_entities

[90mstdout[2m | src/mongodb-schema.test.ts[2m > [22m[2mschema constants[2m > [22m[2mKB source.type enum uses 'manual' not 'text' (F16)
[22m[39m17:52:57.295 [memory:mongodb:schema] info: applied schema validation to test_relations

[90mstdout[2m | src/mongodb-schema.test.ts[2m > [22m[2mschema constants[2m > [22m[2mKB source.type enum uses 'manual' not 'text' (F16)
[22m[39m17:52:57.295 [memory:mongodb:schema] info: applied schema validation to test_entity_links

[90mstdout[2m | src/mongodb-schema.test.ts[2m > [22m[2mschema constants[2m > [22m[2mKB source.type enum uses 'manual' not 'text' (F16)
[22m[39m17:52:57.295 [memory:mongodb:schema] info: applied schema validation to test_episodes

[90mstdout[2m | src/mongodb-schema.test.ts[2m > [22m[2mschema constants[2m > [22m[2mKB source.type enum uses 'manual' not 'text' (F16)
[22m[39m17:52:57.295 [memory:mongodb:schema] info: applied schema validation to test_ingest_runs

[90mstdout[2m | src/mongodb-schema.test.ts[2m > [22m[2mschema constants[2m > [22m[2mKB source.type enum uses 'manual' not 'text' (F16)
[22m[39m17:52:57.295 [memory:mongodb:schema] info: applied schema validation to test_projection_runs

[90mstdout[2m | src/mongodb-schema.test.ts[2m > [22m[2mschema constants[2m > [22m[2mKB source.type enum uses 'manual' not 'text' (F16)
[22m[39m17:52:57.295 [memory:mongodb:schema] info: applied schema validation to test_query_cache

[90mstdout[2m | src/mongodb-schema.test.ts[2m > [22m[2mschema constants[2m > [22m[2mKB source.type enum uses 'manual' not 'text' (F16)
[22m[39m17:52:57.295 [memory:mongodb:schema] info: applied schema validation to test_memory_mutations

[90mstdout[2m | src/mongodb-schema.test.ts[2m > [22m[2mschema constants[2m > [22m[2mKB source.type enum uses 'manual' not 'text' (F16)
[22m[39m17:52:57.295 [memory:mongodb:schema] info: applied schema validation to test_recall_traces

[90mstdout[2m | src/mongodb-schema.test.ts[2m > [22m[2mschema constants[2m > [22m[2mKB source.type enum uses 'manual' not 'text' (F16)
[22m[39m17:52:57.295 [memory:mongodb:schema] info: applied schema validation to test_memory_jobs

[90mstdout[2m | src/mongodb-schema.part3.test.ts[2m > [22m[2mdetectCapabilities[2m > [22m[2mreports only named queryable search indexes as ready
[22m[39m17:52:57.295 [memory:mongodb:capabilities] info: capability vector-stored-source disabled: requires MongoDB >= 8.3.7; fix-plan-2026-08-03 P3.3 — remove the gate once supported floors are all >= 8.3.7
17:52:57.295 [memory:mongodb:capabilities] info: capability rerank-stage disabled: blocked on Atlas Search Preview; Atlas-managed deployments only; fix-plan-2026-08-03 P3.6 — adopt when $rerank reaches GA
17:52:57.295 [memory:mongodb:capabilities] info: capability lexical-prefilters disabled: blocked on Atlas Search Preview; fix-plan-2026-08-03 P3.6 — adopt when lexical prefilters reach GA
17:52:57.295 [memory:mongodb:capabilities] info: capability flat-indexes disabled: requires MongoDB >= 8.3.7; fix-plan-2026-08-03 P3.6 — drop the env opt-in when flat indexingMethod is GA
17:52:57.295 [memory:mongodb:schema] info: detected capabilities: {"vectorSearch":false,"textSearch":true,"scoreFusion":true,"rankFusion":true,"storedSource":false,"vectorIndexMethod":false,"capabilityGates":{"vector-stored-source":false,"autoembed-quantization":true,"rerank-stage":false,"lexical-prefilters":false,"flat-indexes":false}}

[90mstdout[2m | src/mongodb-schema.test.ts[2m > [22m[2mschema constants[2m > [22m[2mKB source.type enum uses 'manual' not 'text' (F16)
[22m[39m17:52:57.295 [memory:mongodb:schema] info: applied schema validation to test_memory_quarantine

[90mstdout[2m | src/mongodb-schema.test.ts[2m > [22m[2mschema constants[2m > [22m[2mKB source.type enum uses 'manual' not 'text' (F16)
[22m[39m17:52:57.295 [memory:mongodb:schema] info: applied schema validation to test_files

[90mstdout[2m | src/mongodb-schema.part3.test.ts[2m > [22m[2mdetectCapabilities[2m > [22m[2mdetects search capabilities through $listSearchIndexes aggregation
[22m[39m17:52:57.295 [memory:mongodb:capabilities] info: capability vector-stored-source disabled: requires MongoDB >= 8.3.7; fix-plan-2026-08-03 P3.3 — remove the gate once supported floors are all >= 8.3.7
17:52:57.295 [memory:mongodb:capabilities] info: capability rerank-stage disabled: blocked on Atlas Search Preview; Atlas-managed deployments only; fix-plan-2026-08-03 P3.6 — adopt when $rerank reaches GA
17:52:57.295 [memory:mongodb:capabilities] info: capability lexical-prefilters disabled: blocked on Atlas Search Preview; fix-plan-2026-08-03 P3.6 — adopt when lexical prefilters reach GA
17:52:57.295 [memory:mongodb:capabilities] info: capability flat-indexes disabled: requires MongoDB >= 8.3.7; fix-plan-2026-08-03 P3.6 — drop the env opt-in when flat indexingMethod is GA
17:52:57.295 [memory:mongodb:schema] info: detected capabilities: {"vectorSearch":true,"textSearch":true,"scoreFusion":false,"rankFusion":true,"storedSource":false,"vectorIndexMethod":false,"capabilityGates":{"vector-stored-source":false,"autoembed-quantization":true,"rerank-stage":false,"lexical-prefilters":false,"flat-indexes":false}}

[90mstdout[2m | src/mongodb-schema.part3.test.ts[2m > [22m[2mdetectCapabilities[2m > [22m[2mreports storedSource capability from the probe vector index definition
[22m[39m17:52:57.296 [memory:mongodb:capabilities] info: capability rerank-stage disabled: blocked on Atlas Search Preview; Atlas-managed deployments only; fix-plan-2026-08-03 P3.6 — adopt when $rerank reaches GA
17:52:57.296 [memory:mongodb:capabilities] info: capability lexical-prefilters disabled: blocked on Atlas Search Preview; fix-plan-2026-08-03 P3.6 — adopt when lexical prefilters reach GA
17:52:57.296 [memory:mongodb:capabilities] info: capability flat-indexes disabled: requires MongoDB >= 8.3.7; fix-plan-2026-08-03 P3.6 — drop the env opt-in when flat indexingMethod is GA
17:52:57.296 [memory:mongodb:schema] info: detected capabilities: {"vectorSearch":true,"textSearch":false,"scoreFusion":true,"rankFusion":true,"storedSource":true,"vectorIndexMethod":false,"capabilityGates":{"vector-stored-source":true,"autoembed-quantization":true,"rerank-stage":false,"lexical-prefilters":false,"flat-indexes":false}}

[90mstdout[2m | src/mongodb-schema.test.ts[2m > [22m[2mschema constants[2m > [22m[2mVALIDATED_COLLECTIONS includes all 7 new v2 collection schemas
[22m[39m17:52:57.296 [memory:mongodb:schema] info: created collection test_chunks

[90mstdout[2m | src/mongodb-schema.test.ts[2m > [22m[2mschema constants[2m > [22m[2mVALIDATED_COLLECTIONS includes all 7 new v2 collection schemas
[22m[39m17:52:57.296 [memory:mongodb:schema] info: created collection test_files

[90mstdout[2m | src/mongodb-schema.test.ts[2m > [22m[2mschema constants[2m > [22m[2mVALIDATED_COLLECTIONS includes all 7 new v2 collection schemas
[22m[39m17:52:57.296 [memory:mongodb:schema] info: created collection test_meta

[90mstdout[2m | src/mongodb-schema.test.ts[2m > [22m[2mschema constants[2m > [22m[2mVALIDATED_COLLECTIONS includes all 7 new v2 collection schemas
[22m[39m17:52:57.296 [memory:mongodb:schema] info: created collection test_knowledge_base

[90mstdout[2m | src/mongodb-schema.part3.test.ts[2m > [22m[2mdetectCapabilities[2m > [22m[2mreports storedSource capability from the probe vector index definition
[22m[39m17:52:57.296 [memory:mongodb:capabilities] info: capability rerank-stage disabled: blocked on Atlas Search Preview; Atlas-managed deployments only; fix-plan-2026-08-03 P3.6 — adopt when $rerank reaches GA
17:52:57.296 [memory:mongodb:capabilities] info: capability lexical-prefilters disabled: blocked on Atlas Search Preview; fix-plan-2026-08-03 P3.6 — adopt when lexical prefilters reach GA
17:52:57.296 [memory:mongodb:capabilities] info: capability flat-indexes disabled: requires MongoDB >= 8.3.7; fix-plan-2026-08-03 P3.6 — drop the env opt-in when flat indexingMethod is GA
17:52:57.296 [memory:mongodb:schema] info: detected capabilities: {"vectorSearch":true,"textSearch":false,"scoreFusion":true,"rankFusion":true,"storedSource":false,"vectorIndexMethod":false,"capabilityGates":{"vector-stored-source":true,"autoembed-quantization":true,"rerank-stage":false,"lexical-prefilters":false,"flat-indexes":false}}

[90mstdout[2m | src/mongodb-schema.test.ts[2m > [22m[2mschema constants[2m > [22m[2mVALIDATED_COLLECTIONS includes all 7 new v2 collection schemas
[22m[39m17:52:57.296 [memory:mongodb:schema] info: created collection test_kb_chunks

[90mstdout[2m | src/mongodb-schema.test.ts[2m > [22m[2mschema constants[2m > [22m[2mVALIDATED_COLLECTIONS includes all 7 new v2 collection schemas
[22m[39m17:52:57.296 [memory:mongodb:schema] info: created collection test_structured_mem

[90mstdout[2m | src/mongodb-schema.test.ts[2m > [22m[2mschema constants[2m > [22m[2mVALIDATED_COLLECTIONS includes all 7 new v2 collection schemas
[22m[39m17:52:57.296 [memory:mongodb:schema] info: created collection test_structured_mem_revisions

[90mstdout[2m | src/mongodb-schema.part3.test.ts[2m > [22m[2mdetectCapabilities[2m > [22m[2mreports storedSource capability from the probe vector index definition
[22m[39m17:52:57.296 [memory:mongodb:capabilities] info: capability rerank-stage disabled: blocked on Atlas Search Preview; Atlas-managed deployments only; fix-plan-2026-08-03 P3.6 — adopt when $rerank reaches GA
17:52:57.296 [memory:mongodb:capabilities] info: capability lexical-prefilters disabled: blocked on Atlas Search Preview; fix-plan-2026-08-03 P3.6 — adopt when lexical prefilters reach GA
17:52:57.296 [memory:mongodb:capabilities] info: capability flat-indexes disabled: requires MongoDB >= 8.3.7; fix-plan-2026-08-03 P3.6 — drop the env opt-in when flat indexingMethod is GA
17:52:57.296 [memory:mongodb:schema] info: detected capabilities: {"vectorSearch":true,"textSearch":false,"scoreFusion":true,"rankFusion":true,"storedSource":false,"vectorIndexMethod":false,"capabilityGates":{"vector-stored-source":true,"autoembed-quantization":true,"rerank-stage":false,"lexical-prefilters":false,"flat-indexes":false}}

[90mstdout[2m | src/mongodb-schema.test.ts[2m > [22m[2mschema constants[2m > [22m[2mVALIDATED_COLLECTIONS includes all 7 new v2 collection schemas
[22m[39m17:52:57.296 [memory:mongodb:schema] info: created collection test_procedures

[90mstdout[2m | src/mongodb-schema.test.ts[2m > [22m[2mschema constants[2m > [22m[2mVALIDATED_COLLECTIONS includes all 7 new v2 collection schemas
[22m[39m17:52:57.296 [memory:mongodb:schema] info: created collection test_procedure_revisions

[90mstdout[2m | src/mongodb-schema.test.ts[2m > [22m[2mschema constants[2m > [22m[2mVALIDATED_COLLECTIONS includes all 7 new v2 collection schemas
[22m[39m17:52:57.296 [memory:mongodb:schema] info: created collection test_relevance_runs

[90mstdout[2m | src/mongodb-schema.test.ts[2m > [22m[2mschema constants[2m > [22m[2mVALIDATED_COLLECTIONS includes all 7 new v2 collection schemas
[22m[39m17:52:57.296 [memory:mongodb:schema] info: created collection test_relevance_artifacts

[90mstdout[2m | src/mongodb-schema.test.ts[2m > [22m[2mschema constants[2m > [22m[2mVALIDATED_COLLECTIONS includes all 7 new v2 collection schemas
[22m[39m17:52:57.296 [memory:mongodb:schema] info: created collection test_relevance_regressions

[90mstderr[2m | src/mongodb-schema.part3.test.ts[2m > [22m[2mdetectCapabilities[2m > [22m[2mreports storedSource capability from the probe vector index definition
[22m[39m17:52:57.296 [memory:mongodb:schema] warn: storedSource operational probe failed for test_chunks_vector; disabling returnStoredSource: storedSource is not configured for this index

[90mstdout[2m | src/mongodb-schema.part3.test.ts[2m > [22m[2mdetectCapabilities[2m > [22m[2mreports storedSource capability from the probe vector index definition
[22m[39m17:52:57.296 [memory:mongodb:capabilities] info: capability rerank-stage disabled: blocked on Atlas Search Preview; Atlas-managed deployments only; fix-plan-2026-08-03 P3.6 — adopt when $rerank reaches GA
17:52:57.296 [memory:mongodb:capabilities] info: capability lexical-prefilters disabled: blocked on Atlas Search Preview; fix-plan-2026-08-03 P3.6 — adopt when lexical prefilters reach GA
17:52:57.296 [memory:mongodb:capabilities] info: capability flat-indexes disabled: requires MongoDB >= 8.3.7; fix-plan-2026-08-03 P3.6 — drop the env opt-in when flat indexingMethod is GA
17:52:57.296 [memory:mongodb:schema] info: detected capabilities: {"vectorSearch":true,"textSearch":false,"scoreFusion":true,"rankFusion":true,"storedSource":false,"vectorIndexMethod":false,"capabilityGates":{"vector-stored-source":true,"autoembed-quantization":true,"rerank-stage":false,"lexical-prefilters":false,"flat-indexes":false}}

[90mstdout[2m | src/mongodb-schema.test.ts[2m > [22m[2mschema constants[2m > [22m[2mVALIDATED_COLLECTIONS includes all 7 new v2 collection schemas
[22m[39m17:52:57.296 [memory:mongodb:schema] info: created collection test_events

[90mstdout[2m | src/mongodb-schema.test.ts[2m > [22m[2mschema constants[2m > [22m[2mVALIDATED_COLLECTIONS includes all 7 new v2 collection schemas
[22m[39m17:52:57.296 [memory:mongodb:schema] info: created collection test_entities

[90mstdout[2m | src/mongodb-schema.test.ts[2m > [22m[2mschema constants[2m > [22m[2mVALIDATED_COLLECTIONS includes all 7 new v2 collection schemas
[22m[39m17:52:57.296 [memory:mongodb:schema] info: created collection test_relations

[90mstdout[2m | src/mongodb-schema.test.ts[2m > [22m[2mschema constants[2m > [22m[2mVALIDATED_COLLECTIONS includes all 7 new v2 collection schemas
[22m[39m17:52:57.296 [memory:mongodb:schema] info: created collection test_entity_links

[90mstdout[2m | src/mongodb-schema.test.ts[2m > [22m[2mschema constants[2m > [22m[2mVALIDATED_COLLECTIONS includes all 7 new v2 collection schemas
[22m[39m17:52:57.296 [memory:mongodb:schema] info: created collection test_episodes

[90mstdout[2m | src/mongodb-schema.test.ts[2m > [22m[2mschema constants[2m > [22m[2mVALIDATED_COLLECTIONS includes all 7 new v2 collection schemas
[22m[39m17:52:57.296 [memory:mongodb:schema] info: created collection test_ingest_runs

[90mstdout[2m | src/mongodb-schema.test.ts[2m > [22m[2mschema constants[2m > [22m[2mVALIDATED_COLLECTIONS includes all 7 new v2 collection schemas
[22m[39m17:52:57.296 [memory:mongodb:schema] info: created collection test_projection_runs

[90mstdout[2m | src/mongodb-schema.test.ts[2m > [22m[2mschema constants[2m > [22m[2mVALIDATED_COLLECTIONS includes all 7 new v2 collection schemas
[22m[39m17:52:57.296 [memory:mongodb:schema] info: created collection test_query_cache

[90mstdout[2m | src/mongodb-schema.test.ts[2m > [22m[2mschema constants[2m > [22m[2mVALIDATED_COLLECTIONS includes all 7 new v2 collection schemas
[22m[39m17:52:57.296 [memory:mongodb:schema] info: created collection test_memory_mutations

[90mstdout[2m | src/mongodb-schema.part3.test.ts[2m > [22m[2mdetectCapabilities[2m > [22m[2mkeeps storedSource off when the registry gate is closed, whatever the probe index carries (P3.3)
[22m[39m17:52:57.296 [memory:mongodb:capabilities] info: capability vector-stored-source disabled: requires MongoDB >= 8.3.7; fix-plan-2026-08-03 P3.3 — remove the gate once supported floors are all >= 8.3.7
17:52:57.296 [memory:mongodb:capabilities] info: capability rerank-stage disabled: blocked on Atlas Search Preview; Atlas-managed deployments only; fix-plan-2026-08-03 P3.6 — adopt when $rerank reaches GA
17:52:57.296 [memory:mongodb:capabilities] info: capability lexical-prefilters disabled: blocked on Atlas Search Preview; fix-plan-2026-08-03 P3.6 — adopt when lexical prefilters reach GA
17:52:57.296 [memory:mongodb:capabilities] info: capability flat-indexes disabled: requires MongoDB >= 8.3.7; fix-plan-2026-08-03 P3.6 — drop the env opt-in when flat indexingMethod is GA
17:52:57.296 [memory:mongodb:schema] info: detected capabilities: {"vectorSearch":true,"textSearch":false,"scoreFusion":true,"rankFusion":true,"storedSource":false,"vectorIndexMethod":false,"capabilityGates":{"vector-stored-source":false,"autoembed-quantization":true,"rerank-stage":false,"lexical-prefilters":false,"flat-indexes":false}}

[90mstdout[2m | src/mongodb-schema.test.ts[2m > [22m[2mschema constants[2m > [22m[2mVALIDATED_COLLECTIONS includes all 7 new v2 collection schemas
[22m[39m17:52:57.296 [memory:mongodb:schema] info: created collection test_lane_coverage

[90mstdout[2m | src/mongodb-schema.test.ts[2m > [22m[2mschema constants[2m > [22m[2mVALIDATED_COLLECTIONS includes all 7 new v2 collection schemas
[22m[39m17:52:57.296 [memory:mongodb:schema] info: created collection test_consolidation_runs

[90mstdout[2m | src/mongodb-schema.test.ts[2m > [22m[2mschema constants[2m > [22m[2mVALIDATED_COLLECTIONS includes all 7 new v2 collection schemas
[22m[39m17:52:57.296 [memory:mongodb:schema] info: created collection test_recall_traces

[90mstdout[2m | src/mongodb-schema.test.ts[2m > [22m[2mschema constants[2m > [22m[2mVALIDATED_COLLECTIONS includes all 7 new v2 collection schemas
[22m[39m17:52:57.297 [memory:mongodb:schema] info: created collection test_memory_jobs

[90mstdout[2m | src/mongodb-schema.part3.test.ts[2m > [22m[2mdetectCapabilities[2m > [22m[2mkeeps storedSource off when the registry gate is closed, whatever the probe index carries (P3.3)
[22m[39m17:52:57.297 [memory:mongodb:capabilities] info: capability vector-stored-source disabled: requires MongoDB >= 8.3.7; fix-plan-2026-08-03 P3.3 — remove the gate once supported floors are all >= 8.3.7
17:52:57.297 [memory:mongodb:capabilities] info: capability rerank-stage disabled: blocked on Atlas Search Preview; Atlas-managed deployments only; fix-plan-2026-08-03 P3.6 — adopt when $rerank reaches GA
17:52:57.297 [memory:mongodb:capabilities] info: capability lexical-prefilters disabled: blocked on Atlas Search Preview; fix-plan-2026-08-03 P3.6 — adopt when lexical prefilters reach GA
17:52:57.297 [memory:mongodb:capabilities] info: capability flat-indexes disabled: requires MongoDB >= 8.3.7; fix-plan-2026-08-03 P3.6 — drop the env opt-in when flat indexingMethod is GA
17:52:57.297 [memory:mongodb:schema] info: detected capabilities: {"vectorSearch":true,"textSearch":false,"scoreFusion":true,"rankFusion":true,"storedSource":false,"vectorIndexMethod":false,"capabilityGates":{"vector-stored-source":false,"autoembed-quantization":true,"rerank-stage":false,"lexical-prefilters":false,"flat-indexes":false}}

[90mstdout[2m | src/mongodb-schema.test.ts[2m > [22m[2mschema constants[2m > [22m[2mVALIDATED_COLLECTIONS includes all 7 new v2 collection schemas
[22m[39m17:52:57.297 [memory:mongodb:schema] info: created collection test_session_chunks

[90mstdout[2m | src/mongodb-schema.test.ts[2m > [22m[2mschema constants[2m > [22m[2mVALIDATED_COLLECTIONS includes all 7 new v2 collection schemas
[22m[39m17:52:57.297 [memory:mongodb:schema] info: created collection test_memory_quarantine

[90mstdout[2m | src/mongodb-schema.test.ts[2m > [22m[2mschema constants[2m > [22m[2mVALIDATED_COLLECTIONS includes all 7 new v2 collection schemas
[22m[39m17:52:57.297 [memory:mongodb:schema] info: created time series collection test_memory_telemetry

[90mstdout[2m | src/mongodb-schema.test.ts[2m > [22m[2mschema constants[2m > [22m[2mVALIDATED_COLLECTIONS includes all 7 new v2 collection schemas
[22m[39m17:52:57.297 [memory:mongodb:schema] info: created telemetry collection test_memory_telemetry

[90mstdout[2m | src/mongodb-schema.test.ts[2m > [22m[2mschema constants[2m > [22m[2mVALIDATED_COLLECTIONS includes all 7 new v2 collection schemas
[22m[39m17:52:57.297 [memory:mongodb:schema] info: created time series collection test_access_events

[90mstdout[2m | src/mongodb-schema.test.ts[2m > [22m[2mschema constants[2m > [22m[2mVALIDATED_COLLECTIONS includes all 7 new v2 collection schemas
[22m[39m17:52:57.297 [memory:mongodb:schema] info: created access events collection test_access_events

[90mstdout[2m | src/mongodb-schema.test.ts[2m > [22m[2mschema constants[2m > [22m[2mVALIDATED_COLLECTIONS includes all 7 new v2 collection schemas
[22m[39m17:52:57.297 [memory:mongodb:schema] info: applied schema validation to test_chunks

[90mstdout[2m | src/mongodb-schema.test.ts[2m > [22m[2mschema constants[2m > [22m[2mVALIDATED_COLLECTIONS includes all 7 new v2 collection schemas
[22m[39m17:52:57.297 [memory:mongodb:schema] info: applied schema validation to test_knowledge_base

[90mstdout[2m | src/mongodb-schema.test.ts[2m > [22m[2mschema constants[2m > [22m[2mVALIDATED_COLLECTIONS includes all 7 new v2 collection schemas
[22m[39m17:52:57.297 [memory:mongodb:schema] info: applied schema validation to test_kb_chunks

[90mstdout[2m | src/mongodb-schema.part3.test.ts[2m > [22m[2mdetectCapabilities[2m > [22m[2mevaluates the capability re-enable registry against buildInfo
[22m[39m17:52:57.297 [memory:mongodb:capabilities] info: capability rerank-stage disabled: blocked on Atlas Search Preview; Atlas-managed deployments only; fix-plan-2026-08-03 P3.6 — adopt when $rerank reaches GA
17:52:57.297 [memory:mongodb:capabilities] info: capability lexical-prefilters disabled: blocked on Atlas Search Preview; fix-plan-2026-08-03 P3.6 — adopt when lexical prefilters reach GA
17:52:57.297 [memory:mongodb:capabilities] info: capability flat-indexes disabled: requires MongoDB >= 8.3.7; fix-plan-2026-08-03 P3.6 — drop the env opt-in when flat indexingMethod is GA
17:52:57.297 [memory:mongodb:schema] info: detected capabilities: {"vectorSearch":false,"textSearch":false,"scoreFusion":true,"rankFusion":true,"storedSource":false,"vectorIndexMethod":false,"capabilityGates":{"vector-stored-source":true,"autoembed-quantization":true,"rerank-stage":false,"lexical-prefilters":false,"flat-indexes":false}}

[90mstdout[2m | src/mongodb-schema.test.ts[2m > [22m[2mschema constants[2m > [22m[2mVALIDATED_COLLECTIONS includes all 7 new v2 collection schemas
[22m[39m17:52:57.297 [memory:mongodb:schema] info: applied schema validation to test_structured_mem

[90mstdout[2m | src/mongodb-schema.test.ts[2m > [22m[2mschema constants[2m > [22m[2mVALIDATED_COLLECTIONS includes all 7 new v2 collection schemas
[22m[39m17:52:57.297 [memory:mongodb:schema] info: applied schema validation to test_structured_mem_revisions

[90mstdout[2m | src/mongodb-schema.test.ts[2m > [22m[2mschema constants[2m > [22m[2mVALIDATED_COLLECTIONS includes all 7 new v2 collection schemas
[22m[39m17:52:57.297 [memory:mongodb:schema] info: applied schema validation to test_procedures

[90mstdout[2m | src/mongodb-schema.test.ts[2m > [22m[2mschema constants[2m > [22m[2mVALIDATED_COLLECTIONS includes all 7 new v2 collection schemas
[22m[39m17:52:57.297 [memory:mongodb:schema] info: applied schema validation to test_procedure_revisions

[90mstdout[2m | src/mongodb-schema.test.ts[2m > [22m[2mschema constants[2m > [22m[2mVALIDATED_COLLECTIONS includes all 7 new v2 collection schemas
[22m[39m17:52:57.297 [memory:mongodb:schema] info: applied schema validation to test_relevance_runs

[90mstdout[2m | src/mongodb-schema.test.ts[2m > [22m[2mschema constants[2m > [22m[2mVALIDATED_COLLECTIONS includes all 7 new v2 collection schemas
[22m[39m17:52:57.297 [memory:mongodb:schema] info: applied schema validation to test_relevance_artifacts

[90mstdout[2m | src/mongodb-schema.test.ts[2m > [22m[2mschema constants[2m > [22m[2mVALIDATED_COLLECTIONS includes all 7 new v2 collection schemas
[22m[39m17:52:57.297 [memory:mongodb:schema] info: applied schema validation to test_relevance_regressions

[90mstdout[2m | src/mongodb-schema.test.ts[2m > [22m[2mschema constants[2m > [22m[2mVALIDATED_COLLECTIONS includes all 7 new v2 collection schemas
[22m[39m17:52:57.297 [memory:mongodb:schema] info: applied schema validation to test_events

[90mstdout[2m | src/mongodb-schema.test.ts[2m > [22m[2mschema constants[2m > [22m[2mVALIDATED_COLLECTIONS includes all 7 new v2 collection schemas
[22m[39m17:52:57.297 [memory:mongodb:schema] info: applied schema validation to test_entities

[90mstdout[2m | src/mongodb-schema.test.ts[2m > [22m[2mschema constants[2m > [22m[2mVALIDATED_COLLECTIONS includes all 7 new v2 collection schemas
[22m[39m17:52:57.297 [memory:mongodb:schema] info: applied schema validation to test_relations

[90mstdout[2m | src/mongodb-schema.test.ts[2m > [22m[2mschema constants[2m > [22m[2mVALIDATED_COLLECTIONS includes all 7 new v2 collection schemas
[22m[39m17:52:57.297 [memory:mongodb:schema] info: applied schema validation to test_entity_links

[90mstdout[2m | src/mongodb-schema.test.ts[2m > [22m[2mschema constants[2m > [22m[2mVALIDATED_COLLECTIONS includes all 7 new v2 collection schemas
[22m[39m17:52:57.297 [memory:mongodb:schema] info: applied schema validation to test_episodes

[90mstdout[2m | src/mongodb-schema.test.ts[2m > [22m[2mschema constants[2m > [22m[2mVALIDATED_COLLECTIONS includes all 7 new v2 collection schemas
[22m[39m17:52:57.297 [memory:mongodb:schema] info: applied schema validation to test_ingest_runs

[90mstdout[2m | src/mongodb-schema.test.ts[2m > [22m[2mschema constants[2m > [22m[2mVALIDATED_COLLECTIONS includes all 7 new v2 collection schemas
[22m[39m17:52:57.297 [memory:mongodb:schema] info: applied schema validation to test_projection_runs

[90mstdout[2m | src/mongodb-schema.part3.test.ts[2m > [22m[2mdetectCapabilities[2m > [22m[2mkeeps the storedSource gate closed below MongoDB 8.3.7
[22m[39m17:52:57.297 [memory:mongodb:capabilities] info: capability vector-stored-source disabled: requires MongoDB >= 8.3.7; fix-plan-2026-08-03 P3.3 — remove the gate once supported floors are all >= 8.3.7
17:52:57.297 [memory:mongodb:capabilities] info: capability rerank-stage disabled: blocked on Atlas Search Preview; Atlas-managed deployments only; fix-plan-2026-08-03 P3.6 — adopt when $rerank reaches GA
17:52:57.297 [memory:mongodb:capabilities] info: capability lexical-prefilters disabled: blocked on Atlas Search Preview; fix-plan-2026-08-03 P3.6 — adopt when lexical prefilters reach GA
17:52:57.297 [memory:mongodb:capabilities] info: capability flat-indexes disabled: requires MongoDB >= 8.3.7; fix-plan-2026-08-03 P3.6 — drop the env opt-in when flat indexingMethod is GA
17:52:57.297 [memory:mongodb:schema] info: detected capabilities: {"vectorSearch":false,"textSearch":false,"scoreFusion":false,"rankFusion":false,"storedSource":false,"vectorIndexMethod":false,"capabilityGates":{"vector-stored-source":false,"autoembed-quantization":true,"rerank-stage":false,"lexical-prefilters":false,"flat-indexes":false}}

[90mstdout[2m | src/mongodb-schema.test.ts[2m > [22m[2mschema constants[2m > [22m[2mVALIDATED_COLLECTIONS includes all 7 new v2 collection schemas
[22m[39m17:52:57.297 [memory:mongodb:schema] info: applied schema validation to test_query_cache

[90mstdout[2m | src/mongodb-schema.test.ts[2m > [22m[2mschema constants[2m > [22m[2mVALIDATED_COLLECTIONS includes all 7 new v2 collection schemas
[22m[39m17:52:57.297 [memory:mongodb:schema] info: applied schema validation to test_memory_mutations

[90mstdout[2m | src/mongodb-schema.test.ts[2m > [22m[2mschema constants[2m > [22m[2mVALIDATED_COLLECTIONS includes all 7 new v2 collection schemas
[22m[39m17:52:57.297 [memory:mongodb:schema] info: applied schema validation to test_recall_traces

[90mstdout[2m | src/mongodb-schema.test.ts[2m > [22m[2mschema constants[2m > [22m[2mVALIDATED_COLLECTIONS includes all 7 new v2 collection schemas
[22m[39m17:52:57.297 [memory:mongodb:schema] info: applied schema validation to test_memory_jobs

[90mstdout[2m | src/mongodb-schema.test.ts[2m > [22m[2mschema constants[2m > [22m[2mVALIDATED_COLLECTIONS includes all 7 new v2 collection schemas
[22m[39m17:52:57.297 [memory:mongodb:schema] info: applied schema validation to test_memory_quarantine

[90mstdout[2m | src/mongodb-schema.test.ts[2m > [22m[2mschema constants[2m > [22m[2mVALIDATED_COLLECTIONS includes all 7 new v2 collection schemas
[22m[39m17:52:57.297 [memory:mongodb:schema] info: applied schema validation to test_files

[90mstdout[2m | src/mongodb-schema.part3.test.ts[2m > [22m[2mdetectCapabilities[2m > [22m[2mwaits for search capabilities to become available
[22m[39m17:52:57.297 [memory:mongodb:capabilities] info: capability vector-stored-source disabled: requires MongoDB >= 8.3.7; fix-plan-2026-08-03 P3.3 — remove the gate once supported floors are all >= 8.3.7
17:52:57.297 [memory:mongodb:capabilities] info: capability rerank-stage disabled: blocked on Atlas Search Preview; Atlas-managed deployments only; fix-plan-2026-08-03 P3.6 — adopt when $rerank reaches GA
17:52:57.297 [memory:mongodb:capabilities] info: capability lexical-prefilters disabled: blocked on Atlas Search Preview; fix-plan-2026-08-03 P3.6 — adopt when lexical prefilters reach GA
17:52:57.297 [memory:mongodb:capabilities] info: capability flat-indexes disabled: requires MongoDB >= 8.3.7; fix-plan-2026-08-03 P3.6 — drop the env opt-in when flat indexingMethod is GA
17:52:57.297 [memory:mongodb:schema] info: detected capabilities: {"vectorSearch":false,"textSearch":false,"scoreFusion":false,"rankFusion":true,"storedSource":false,"vectorIndexMethod":false,"capabilityGates":{"vector-stored-source":false,"autoembed-quantization":true,"rerank-stage":false,"lexical-prefilters":false,"flat-indexes":false}}

[90mstdout[2m | src/mongodb-schema.test.ts[2m > [22m[2mschema constants[2m > [22m[2mevents schema has required scope enum field
[22m[39m17:52:57.297 [memory:mongodb:schema] info: created collection test_chunks

[90mstdout[2m | src/mongodb-schema.test.ts[2m > [22m[2mschema constants[2m > [22m[2mevents schema has required scope enum field
[22m[39m17:52:57.297 [memory:mongodb:schema] info: created collection test_files

[90mstdout[2m | src/mongodb-schema.test.ts[2m > [22m[2mschema constants[2m > [22m[2mevents schema has required scope enum field
[22m[39m17:52:57.297 [memory:mongodb:schema] info: created collection test_meta

[90mstdout[2m | src/mongodb-schema.test.ts[2m > [22m[2mschema constants[2m > [22m[2mevents schema has required scope enum field
[22m[39m17:52:57.297 [memory:mongodb:schema] info: created collection test_knowledge_base

[90mstdout[2m | src/mongodb-schema.test.ts[2m > [22m[2mschema constants[2m > [22m[2mevents schema has required scope enum field
[22m[39m17:52:57.297 [memory:mongodb:schema] info: created collection test_kb_chunks

[90mstdout[2m | src/mongodb-schema.test.ts[2m > [22m[2mschema constants[2m > [22m[2mevents schema has required scope enum field
[22m[39m17:52:57.297 [memory:mongodb:schema] info: created collection test_structured_mem

[90mstdout[2m | src/mongodb-schema.test.ts[2m > [22m[2mschema constants[2m > [22m[2mevents schema has required scope enum field
[22m[39m17:52:57.298 [memory:mongodb:schema] info: created collection test_structured_mem_revisions

[90mstdout[2m | src/mongodb-schema.test.ts[2m > [22m[2mschema constants[2m > [22m[2mevents schema has required scope enum field
[22m[39m17:52:57.298 [memory:mongodb:schema] info: created collection test_procedures

[90mstdout[2m | src/mongodb-schema.test.ts[2m > [22m[2mschema constants[2m > [22m[2mevents schema has required scope enum field
[22m[39m17:52:57.298 [memory:mongodb:schema] info: created collection test_procedure_revisions

[90mstdout[2m | src/mongodb-schema.test.ts[2m > [22m[2mschema constants[2m > [22m[2mevents schema has required scope enum field
[22m[39m17:52:57.298 [memory:mongodb:schema] info: created collection test_relevance_runs

[90mstdout[2m | src/mongodb-schema.test.ts[2m > [22m[2mschema constants[2m > [22m[2mevents schema has required scope enum field
[22m[39m17:52:57.298 [memory:mongodb:schema] info: created collection test_relevance_artifacts

[90mstdout[2m | src/mongodb-schema.test.ts[2m > [22m[2mschema constants[2m > [22m[2mevents schema has required scope enum field
[22m[39m17:52:57.298 [memory:mongodb:schema] info: created collection test_relevance_regressions

[90mstdout[2m | src/mongodb-schema.test.ts[2m > [22m[2mschema constants[2m > [22m[2mevents schema has required scope enum field
[22m[39m17:52:57.298 [memory:mongodb:schema] info: created collection test_events

[90mstdout[2m | src/mongodb-schema.test.ts[2m > [22m[2mschema constants[2m > [22m[2mevents schema has required scope enum field
[22m[39m17:52:57.298 [memory:mongodb:schema] info: created collection test_entities

[90mstdout[2m | src/mongodb-schema.test.ts[2m > [22m[2mschema constants[2m > [22m[2mevents schema has required scope enum field
[22m[39m17:52:57.298 [memory:mongodb:schema] info: created collection test_relations

[90mstdout[2m | src/mongodb-schema.test.ts[2m > [22m[2mschema constants[2m > [22m[2mevents schema has required scope enum field
[22m[39m17:52:57.298 [memory:mongodb:schema] info: created collection test_entity_links

[90mstdout[2m | src/mongodb-schema.test.ts[2m > [22m[2mschema constants[2m > [22m[2mevents schema has required scope enum field
[22m[39m17:52:57.298 [memory:mongodb:schema] info: created collection test_episodes

[90mstdout[2m | src/mongodb-schema.test.ts[2m > [22m[2mschema constants[2m > [22m[2mevents schema has required scope enum field
[22m[39m17:52:57.298 [memory:mongodb:schema] info: created collection test_ingest_runs

[90mstdout[2m | src/mongodb-schema.test.ts[2m > [22m[2mschema constants[2m > [22m[2mevents schema has required scope enum field
[22m[39m17:52:57.298 [memory:mongodb:schema] info: created collection test_projection_runs

[90mstdout[2m | src/mongodb-schema.test.ts[2m > [22m[2mschema constants[2m > [22m[2mevents schema has required scope enum field
[22m[39m17:52:57.298 [memory:mongodb:schema] info: created collection test_query_cache

[90mstdout[2m | src/mongodb-schema.test.ts[2m > [22m[2mschema constants[2m > [22m[2mevents schema has required scope enum field
[22m[39m17:52:57.298 [memory:mongodb:schema] info: created collection test_memory_mutations

[90mstdout[2m | src/mongodb-schema.test.ts[2m > [22m[2mschema constants[2m > [22m[2mevents schema has required scope enum field
[22m[39m17:52:57.298 [memory:mongodb:schema] info: created collection test_lane_coverage

[90mstdout[2m | src/mongodb-schema.test.ts[2m > [22m[2mschema constants[2m > [22m[2mevents schema has required scope enum field
[22m[39m17:52:57.298 [memory:mongodb:schema] info: created collection test_consolidation_runs

[90mstdout[2m | src/mongodb-schema.test.ts[2m > [22m[2mschema constants[2m > [22m[2mevents schema has required scope enum field
[22m[39m17:52:57.298 [memory:mongodb:schema] info: created collection test_recall_traces

[90mstdout[2m | src/mongodb-schema.test.ts[2m > [22m[2mschema constants[2m > [22m[2mevents schema has required scope enum field
[22m[39m17:52:57.298 [memory:mongodb:schema] info: created collection test_memory_jobs

[90mstdout[2m | src/mongodb-schema.test.ts[2m > [22m[2mschema constants[2m > [22m[2mevents schema has required scope enum field
[22m[39m17:52:57.298 [memory:mongodb:schema] info: created collection test_session_chunks

[90mstdout[2m | src/mongodb-schema.test.ts[2m > [22m[2mschema constants[2m > [22m[2mevents schema has required scope enum field
[22m[39m17:52:57.298 [memory:mongodb:schema] info: created collection test_memory_quarantine

[90mstdout[2m | src/mongodb-schema.test.ts[2m > [22m[2mschema constants[2m > [22m[2mevents schema has required scope enum field
[22m[39m17:52:57.298 [memory:mongodb:schema] info: created time series collection test_memory_telemetry

[90mstdout[2m | src/mongodb-schema.test.ts[2m > [22m[2mschema constants[2m > [22m[2mevents schema has required scope enum field
[22m[39m17:52:57.298 [memory:mongodb:schema] info: created telemetry collection test_memory_telemetry

[90mstdout[2m | src/mongodb-schema.test.ts[2m > [22m[2mschema constants[2m > [22m[2mevents schema has required scope enum field
[22m[39m17:52:57.298 [memory:mongodb:schema] info: created time series collection test_access_events

[90mstdout[2m | src/mongodb-schema.test.ts[2m > [22m[2mschema constants[2m > [22m[2mevents schema has required scope enum field
[22m[39m17:52:57.298 [memory:mongodb:schema] info: created access events collection test_access_events

[90mstdout[2m | src/mongodb-schema.test.ts[2m > [22m[2mschema constants[2m > [22m[2mevents schema has required scope enum field
[22m[39m17:52:57.299 [memory:mongodb:schema] info: applied schema validation to test_chunks

[90mstdout[2m | src/mongodb-schema.test.ts[2m > [22m[2mschema constants[2m > [22m[2mevents schema has required scope enum field
[22m[39m17:52:57.299 [memory:mongodb:schema] info: applied schema validation to test_knowledge_base

[90mstdout[2m | src/mongodb-schema.test.ts[2m > [22m[2mschema constants[2m > [22m[2mevents schema has required scope enum field
[22m[39m17:52:57.299 [memory:mongodb:schema] info: applied schema validation to test_kb_chunks

[90mstdout[2m | src/mongodb-schema.test.ts[2m > [22m[2mschema constants[2m > [22m[2mevents schema has required scope enum field
[22m[39m17:52:57.299 [memory:mongodb:schema] info: applied schema validation to test_structured_mem

[90mstdout[2m | src/mongodb-schema.test.ts[2m > [22m[2mschema constants[2m > [22m[2mevents schema has required scope enum field
[22m[39m17:52:57.299 [memory:mongodb:schema] info: applied schema validation to test_structured_mem_revisions

[90mstdout[2m | src/mongodb-schema.test.ts[2m > [22m[2mschema constants[2m > [22m[2mevents schema has required scope enum field
[22m[39m17:52:57.299 [memory:mongodb:schema] info: applied schema validation to test_procedures

[90mstdout[2m | src/mongodb-schema.test.ts[2m > [22m[2mschema constants[2m > [22m[2mevents schema has required scope enum field
[22m[39m17:52:57.299 [memory:mongodb:schema] info: applied schema validation to test_procedure_revisions

[90mstdout[2m | src/mongodb-schema.test.ts[2m > [22m[2mschema constants[2m > [22m[2mevents schema has required scope enum field
[22m[39m17:52:57.299 [memory:mongodb:schema] info: applied schema validation to test_relevance_runs

[90mstdout[2m | src/mongodb-schema.test.ts[2m > [22m[2mschema constants[2m > [22m[2mevents schema has required scope enum field
[22m[39m17:52:57.299 [memory:mongodb:schema] info: applied schema validation to test_relevance_artifacts

[90mstdout[2m | src/mongodb-schema.test.ts[2m > [22m[2mschema constants[2m > [22m[2mevents schema has required scope enum field
[22m[39m17:52:57.299 [memory:mongodb:schema] info: applied schema validation to test_relevance_regressions

[90mstdout[2m | src/mongodb-schema.test.ts[2m > [22m[2mschema constants[2m > [22m[2mevents schema has required scope enum field
[22m[39m17:52:57.299 [memory:mongodb:schema] info: applied schema validation to test_events

[90mstdout[2m | src/mongodb-schema.test.ts[2m > [22m[2mschema constants[2m > [22m[2mevents schema has required scope enum field
[22m[39m17:52:57.299 [memory:mongodb:schema] info: applied schema validation to test_entities

[90mstdout[2m | src/mongodb-schema.test.ts[2m > [22m[2mschema constants[2m > [22m[2mevents schema has required scope enum field
[22m[39m17:52:57.299 [memory:mongodb:schema] info: applied schema validation to test_relations

[90mstdout[2m | src/mongodb-schema.test.ts[2m > [22m[2mschema constants[2m > [22m[2mevents schema has required scope enum field
[22m[39m17:52:57.299 [memory:mongodb:schema] info: applied schema validation to test_entity_links

[90mstdout[2m | src/mongodb-schema.test.ts[2m > [22m[2mschema constants[2m > [22m[2mevents schema has required scope enum field
[22m[39m17:52:57.299 [memory:mongodb:schema] info: applied schema validation to test_episodes

[90mstdout[2m | src/mongodb-schema.test.ts[2m > [22m[2mschema constants[2m > [22m[2mevents schema has required scope enum field
[22m[39m17:52:57.299 [memory:mongodb:schema] info: applied schema validation to test_ingest_runs

[90mstdout[2m | src/mongodb-schema.test.ts[2m > [22m[2mschema constants[2m > [22m[2mevents schema has required scope enum field
[22m[39m17:52:57.299 [memory:mongodb:schema] info: applied schema validation to test_projection_runs

[90mstdout[2m | src/mongodb-schema.test.ts[2m > [22m[2mschema constants[2m > [22m[2mevents schema has required scope enum field
[22m[39m17:52:57.299 [memory:mongodb:schema] info: applied schema validation to test_query_cache

[90mstdout[2m | src/mongodb-schema.test.ts[2m > [22m[2mschema constants[2m > [22m[2mevents schema has required scope enum field
[22m[39m17:52:57.299 [memory:mongodb:schema] info: applied schema validation to test_memory_mutations

[90mstdout[2m | src/mongodb-schema.test.ts[2m > [22m[2mschema constants[2m > [22m[2mevents schema has required scope enum field
[22m[39m17:52:57.299 [memory:mongodb:schema] info: applied schema validation to test_recall_traces

[90mstdout[2m | src/mongodb-schema.test.ts[2m > [22m[2mschema constants[2m > [22m[2mevents schema has required scope enum field
[22m[39m17:52:57.299 [memory:mongodb:schema] info: applied schema validation to test_memory_jobs

[90mstdout[2m | src/mongodb-schema.test.ts[2m > [22m[2mschema constants[2m > [22m[2mevents schema has required scope enum field
[22m[39m17:52:57.299 [memory:mongodb:schema] info: applied schema validation to test_memory_quarantine

[90mstdout[2m | src/mongodb-schema.test.ts[2m > [22m[2mschema constants[2m > [22m[2mevents schema has required scope enum field
[22m[39m17:52:57.299 [memory:mongodb:schema] info: applied schema validation to test_files

[90mstdout[2m | src/mongodb-schema.part3.test.ts[2m > [22m[2mdetectCapabilities[2m > [22m[2mwaits for search capabilities to become available
[22m[39m17:52:57.299 [memory:mongodb:capabilities] info: capability vector-stored-source disabled: requires MongoDB >= 8.3.7; fix-plan-2026-08-03 P3.3 — remove the gate once supported floors are all >= 8.3.7
17:52:57.299 [memory:mongodb:capabilities] info: capability rerank-stage disabled: blocked on Atlas Search Preview; Atlas-managed deployments only; fix-plan-2026-08-03 P3.6 — adopt when $rerank reaches GA
17:52:57.299 [memory:mongodb:capabilities] info: capability lexical-prefilters disabled: blocked on Atlas Search Preview; fix-plan-2026-08-03 P3.6 — adopt when lexical prefilters reach GA
17:52:57.299 [memory:mongodb:capabilities] info: capability flat-indexes disabled: requires MongoDB >= 8.3.7; fix-plan-2026-08-03 P3.6 — drop the env opt-in when flat indexingMethod is GA
17:52:57.299 [memory:mongodb:schema] info: detected capabilities: {"vectorSearch":true,"textSearch":true,"scoreFusion":false,"rankFusion":true,"storedSource":false,"vectorIndexMethod":false,"capabilityGates":{"vector-stored-source":false,"autoembed-quantization":true,"rerank-stage":false,"lexical-prefilters":false,"flat-indexes":false}}

[90mstdout[2m | src/mongodb-schema.test.ts[2m > [22m[2mschema constants[2m > [22m[2mmemory_quarantine collection is created with validator ()
[22m[39m17:52:57.299 [memory:mongodb:schema] info: created collection test_chunks

[90mstdout[2m | src/mongodb-schema.test.ts[2m > [22m[2mschema constants[2m > [22m[2mmemory_quarantine collection is created with validator ()
[22m[39m17:52:57.300 [memory:mongodb:schema] info: created collection test_files

[90mstdout[2m | src/mongodb-schema.test.ts[2m > [22m[2mschema constants[2m > [22m[2mmemory_quarantine collection is created with validator ()
[22m[39m17:52:57.300 [memory:mongodb:schema] info: created collection test_meta

[90mstdout[2m | src/mongodb-schema.test.ts[2m > [22m[2mschema constants[2m > [22m[2mmemory_quarantine collection is created with validator ()
[22m[39m17:52:57.300 [memory:mongodb:schema] info: created collection test_knowledge_base

[90mstdout[2m | src/mongodb-schema.test.ts[2m > [22m[2mschema constants[2m > [22m[2mmemory_quarantine collection is created with validator ()
[22m[39m17:52:57.300 [memory:mongodb:schema] info: created collection test_kb_chunks

[90mstdout[2m | src/mongodb-schema.test.ts[2m > [22m[2mschema constants[2m > [22m[2mmemory_quarantine collection is created with validator ()
[22m[39m17:52:57.300 [memory:mongodb:schema] info: created collection test_structured_mem

[90mstdout[2m | src/mongodb-schema.test.ts[2m > [22m[2mschema constants[2m > [22m[2mmemory_quarantine collection is created with validator ()
[22m[39m17:52:57.300 [memory:mongodb:schema] info: created collection test_structured_mem_revisions

[90mstdout[2m | src/mongodb-schema.test.ts[2m > [22m[2mschema constants[2m > [22m[2mmemory_quarantine collection is created with validator ()
[22m[39m17:52:57.300 [memory:mongodb:schema] info: created collection test_procedures

[90mstdout[2m | src/mongodb-schema.test.ts[2m > [22m[2mschema constants[2m > [22m[2mmemory_quarantine collection is created with validator ()
[22m[39m17:52:57.300 [memory:mongodb:schema] info: created collection test_procedure_revisions

[90mstdout[2m | src/mongodb-schema.test.ts[2m > [22m[2mschema constants[2m > [22m[2mmemory_quarantine collection is created with validator ()
[22m[39m17:52:57.300 [memory:mongodb:schema] info: created collection test_relevance_runs

[90mstdout[2m | src/mongodb-schema.test.ts[2m > [22m[2mschema constants[2m > [22m[2mmemory_quarantine collection is created with validator ()
[22m[39m17:52:57.300 [memory:mongodb:schema] info: created collection test_relevance_artifacts

[90mstdout[2m | src/mongodb-schema.test.ts[2m > [22m[2mschema constants[2m > [22m[2mmemory_quarantine collection is created with validator ()
[22m[39m17:52:57.300 [memory:mongodb:schema] info: created collection test_relevance_regressions

[90mstdout[2m | src/mongodb-schema.test.ts[2m > [22m[2mschema constants[2m > [22m[2mmemory_quarantine collection is created with validator ()
[22m[39m17:52:57.300 [memory:mongodb:schema] info: created collection test_events

[90mstdout[2m | src/mongodb-schema.test.ts[2m > [22m[2mschema constants[2m > [22m[2mmemory_quarantine collection is created with validator ()
[22m[39m17:52:57.300 [memory:mongodb:schema] info: created collection test_entities

[90mstdout[2m | src/mongodb-schema.test.ts[2m > [22m[2mschema constants[2m > [22m[2mmemory_quarantine collection is created with validator ()
[22m[39m17:52:57.300 [memory:mongodb:schema] info: created collection test_relations

[90mstdout[2m | src/mongodb-schema.test.ts[2m > [22m[2mschema constants[2m > [22m[2mmemory_quarantine collection is created with validator ()
[22m[39m17:52:57.300 [memory:mongodb:schema] info: created collection test_entity_links

[90mstdout[2m | src/mongodb-schema.test.ts[2m > [22m[2mschema constants[2m > [22m[2mmemory_quarantine collection is created with validator ()
[22m[39m17:52:57.300 [memory:mongodb:schema] info: created collection test_episodes

[90mstdout[2m | src/mongodb-schema.test.ts[2m > [22m[2mschema constants[2m > [22m[2mmemory_quarantine collection is created with validator ()
[22m[39m17:52:57.300 [memory:mongodb:schema] info: created collection test_ingest_runs

[90mstdout[2m | src/mongodb-schema.test.ts[2m > [22m[2mschema constants[2m > [22m[2mmemory_quarantine collection is created with validator ()
[22m[39m17:52:57.300 [memory:mongodb:schema] info: created collection test_projection_runs

[90mstdout[2m | src/mongodb-schema.test.ts[2m > [22m[2mschema constants[2m > [22m[2mmemory_quarantine collection is created with validator ()
[22m[39m17:52:57.300 [memory:mongodb:schema] info: created collection test_query_cache

[90mstdout[2m | src/mongodb-schema.test.ts[2m > [22m[2mschema constants[2m > [22m[2mmemory_quarantine collection is created with validator ()
[22m[39m17:52:57.300 [memory:mongodb:schema] info: created collection test_memory_mutations

[90mstdout[2m | src/mongodb-schema.test.ts[2m > [22m[2mschema constants[2m > [22m[2mmemory_quarantine collection is created with validator ()
[22m[39m17:52:57.300 [memory:mongodb:schema] info: created collection test_lane_coverage

[90mstdout[2m | src/mongodb-schema.test.ts[2m > [22m[2mschema constants[2m > [22m[2mmemory_quarantine collection is created with validator ()
[22m[39m17:52:57.300 [memory:mongodb:schema] info: created collection test_consolidation_runs

[90mstdout[2m | src/mongodb-schema.test.ts[2m > [22m[2mschema constants[2m > [22m[2mmemory_quarantine collection is created with validator ()
[22m[39m17:52:57.300 [memory:mongodb:schema] info: created collection test_recall_traces

[90mstdout[2m | src/mongodb-schema.test.ts[2m > [22m[2mschema constants[2m > [22m[2mmemory_quarantine collection is created with validator ()
[22m[39m17:52:57.300 [memory:mongodb:schema] info: created collection test_memory_jobs

[90mstdout[2m | src/mongodb-schema.test.ts[2m > [22m[2mschema constants[2m > [22m[2mmemory_quarantine collection is created with validator ()
[22m[39m17:52:57.300 [memory:mongodb:schema] info: created collection test_session_chunks

[90mstdout[2m | src/mongodb-schema.test.ts[2m > [22m[2mschema constants[2m > [22m[2mmemory_quarantine collection is created with validator ()
[22m[39m17:52:57.300 [memory:mongodb:schema] info: created collection test_memory_quarantine

[90mstdout[2m | src/mongodb-schema.test.ts[2m > [22m[2mschema constants[2m > [22m[2mmemory_quarantine collection is created with validator ()
[22m[39m17:52:57.300 [memory:mongodb:schema] info: created time series collection test_memory_telemetry

[90mstdout[2m | src/mongodb-schema.test.ts[2m > [22m[2mschema constants[2m > [22m[2mmemory_quarantine collection is created with validator ()
[22m[39m17:52:57.300 [memory:mongodb:schema] info: created telemetry collection test_memory_telemetry

[90mstdout[2m | src/mongodb-schema.test.ts[2m > [22m[2mschema constants[2m > [22m[2mmemory_quarantine collection is created with validator ()
[22m[39m17:52:57.300 [memory:mongodb:schema] info: created time series collection test_access_events

[90mstdout[2m | src/mongodb-schema.test.ts[2m > [22m[2mschema constants[2m > [22m[2mmemory_quarantine collection is created with validator ()
[22m[39m17:52:57.301 [memory:mongodb:schema] info: created access events collection test_access_events

[90mstdout[2m | src/mongodb-schema.test.ts[2m > [22m[2mschema constants[2m > [22m[2mmemory_quarantine collection is created with validator ()
[22m[39m17:52:57.301 [memory:mongodb:schema] info: applied schema validation to test_chunks

[90mstdout[2m | src/mongodb-schema.test.ts[2m > [22m[2mschema constants[2m > [22m[2mmemory_quarantine collection is created with validator ()
[22m[39m17:52:57.301 [memory:mongodb:schema] info: applied schema validation to test_knowledge_base

[90mstdout[2m | src/mongodb-schema.test.ts[2m > [22m[2mschema constants[2m > [22m[2mmemory_quarantine collection is created with validator ()
[22m[39m17:52:57.301 [memory:mongodb:schema] info: applied schema validation to test_kb_chunks

[90mstdout[2m | src/mongodb-schema.test.ts[2m > [22m[2mschema constants[2m > [22m[2mmemory_quarantine collection is created with validator ()
[22m[39m17:52:57.301 [memory:mongodb:schema] info: applied schema validation to test_structured_mem

[90mstdout[2m | src/mongodb-schema.test.ts[2m > [22m[2mschema constants[2m > [22m[2mmemory_quarantine collection is created with validator ()
[22m[39m17:52:57.301 [memory:mongodb:schema] info: applied schema validation to test_structured_mem_revisions

[90mstdout[2m | src/mongodb-schema.test.ts[2m > [22m[2mschema constants[2m > [22m[2mmemory_quarantine collection is created with validator ()
[22m[39m17:52:57.301 [memory:mongodb:schema] info: applied schema validation to test_procedures

[90mstdout[2m | src/mongodb-schema.test.ts[2m > [22m[2mschema constants[2m > [22m[2mmemory_quarantine collection is created with validator ()
[22m[39m17:52:57.301 [memory:mongodb:schema] info: applied schema validation to test_procedure_revisions

[90mstdout[2m | src/mongodb-schema.test.ts[2m > [22m[2mschema constants[2m > [22m[2mmemory_quarantine collection is created with validator ()
[22m[39m17:52:57.301 [memory:mongodb:schema] info: applied schema validation to test_relevance_runs

[90mstdout[2m | src/mongodb-schema.test.ts[2m > [22m[2mschema constants[2m > [22m[2mmemory_quarantine collection is created with validator ()
[22m[39m17:52:57.301 [memory:mongodb:schema] info: applied schema validation to test_relevance_artifacts

[90mstdout[2m | src/mongodb-schema.test.ts[2m > [22m[2mschema constants[2m > [22m[2mmemory_quarantine collection is created with validator ()
[22m[39m17:52:57.301 [memory:mongodb:schema] info: applied schema validation to test_relevance_regressions

[90mstdout[2m | src/mongodb-schema.test.ts[2m > [22m[2mschema constants[2m > [22m[2mmemory_quarantine collection is created with validator ()
[22m[39m17:52:57.301 [memory:mongodb:schema] info: applied schema validation to test_events

[90mstdout[2m | src/mongodb-schema.test.ts[2m > [22m[2mschema constants[2m > [22m[2mmemory_quarantine collection is created with validator ()
[22m[39m17:52:57.301 [memory:mongodb:schema] info: applied schema validation to test_entities

[90mstdout[2m | src/mongodb-schema.test.ts[2m > [22m[2mschema constants[2m > [22m[2mmemory_quarantine collection is created with validator ()
[22m[39m17:52:57.301 [memory:mongodb:schema] info: applied schema validation to test_relations

[90mstdout[2m | src/mongodb-schema.test.ts[2m > [22m[2mschema constants[2m > [22m[2mmemory_quarantine collection is created with validator ()
[22m[39m17:52:57.301 [memory:mongodb:schema] info: applied schema validation to test_entity_links

[90mstdout[2m | src/mongodb-schema.test.ts[2m > [22m[2mschema constants[2m > [22m[2mmemory_quarantine collection is created with validator ()
[22m[39m17:52:57.301 [memory:mongodb:schema] info: applied schema validation to test_episodes

[90mstdout[2m | src/mongodb-schema.test.ts[2m > [22m[2mschema constants[2m > [22m[2mmemory_quarantine collection is created with validator ()
[22m[39m17:52:57.301 [memory:mongodb:schema] info: applied schema validation to test_ingest_runs

[90mstdout[2m | src/mongodb-schema.test.ts[2m > [22m[2mschema constants[2m > [22m[2mmemory_quarantine collection is created with validator ()
[22m[39m17:52:57.301 [memory:mongodb:schema] info: applied schema validation to test_projection_runs

[90mstdout[2m | src/mongodb-schema.test.ts[2m > [22m[2mschema constants[2m > [22m[2mmemory_quarantine collection is created with validator ()
[22m[39m17:52:57.301 [memory:mongodb:schema] info: applied schema validation to test_query_cache

[90mstdout[2m | src/mongodb-schema.test.ts[2m > [22m[2mschema constants[2m > [22m[2mmemory_quarantine collection is created with validator ()
[22m[39m17:52:57.301 [memory:mongodb:schema] info: applied schema validation to test_memory_mutations

[90mstdout[2m | src/mongodb-schema.test.ts[2m > [22m[2mschema constants[2m > [22m[2mmemory_quarantine collection is created with validator ()
[22m[39m17:52:57.301 [memory:mongodb:schema] info: applied schema validation to test_recall_traces

[90mstdout[2m | src/mongodb-schema.test.ts[2m > [22m[2mschema constants[2m > [22m[2mmemory_quarantine collection is created with validator ()
[22m[39m17:52:57.301 [memory:mongodb:schema] info: applied schema validation to test_memory_jobs

[90mstdout[2m | src/mongodb-schema.test.ts[2m > [22m[2mschema constants[2m > [22m[2mmemory_quarantine collection is created with validator ()
[22m[39m17:52:57.301 [memory:mongodb:schema] info: applied schema validation to test_memory_quarantine

[90mstdout[2m | src/mongodb-schema.test.ts[2m > [22m[2mschema constants[2m > [22m[2mmemory_quarantine collection is created with validator ()
[22m[39m17:52:57.301 [memory:mongodb:schema] info: applied schema validation to test_files

[90mstdout[2m | src/mongodb-schema.test.ts[2m > [22m[2mschema constants[2m > [22m[2mevents schema includes bi-temporal validAt + invalidAt ()
[22m[39m17:52:57.302 [memory:mongodb:schema] info: created collection test_chunks

[90mstdout[2m | src/mongodb-schema.test.ts[2m > [22m[2mschema constants[2m > [22m[2mevents schema includes bi-temporal validAt + invalidAt ()
[22m[39m17:52:57.302 [memory:mongodb:schema] info: created collection test_files

[90mstdout[2m | src/mongodb-schema.test.ts[2m > [22m[2mschema constants[2m > [22m[2mevents schema includes bi-temporal validAt + invalidAt ()
[22m[39m17:52:57.302 [memory:mongodb:schema] info: created collection test_meta

[90mstdout[2m | src/mongodb-schema.test.ts[2m > [22m[2mschema constants[2m > [22m[2mevents schema includes bi-temporal validAt + invalidAt ()
[22m[39m17:52:57.302 [memory:mongodb:schema] info: created collection test_knowledge_base

[90mstdout[2m | src/mongodb-schema.test.ts[2m > [22m[2mschema constants[2m > [22m[2mevents schema includes bi-temporal validAt + invalidAt ()
[22m[39m17:52:57.302 [memory:mongodb:schema] info: created collection test_kb_chunks

[90mstdout[2m | src/mongodb-schema.test.ts[2m > [22m[2mschema constants[2m > [22m[2mevents schema includes bi-temporal validAt + invalidAt ()
[22m[39m17:52:57.302 [memory:mongodb:schema] info: created collection test_structured_mem

[90mstdout[2m | src/mongodb-schema.test.ts[2m > [22m[2mschema constants[2m > [22m[2mevents schema includes bi-temporal validAt + invalidAt ()
[22m[39m17:52:57.302 [memory:mongodb:schema] info: created collection test_structured_mem_revisions

[90mstdout[2m | src/mongodb-schema.test.ts[2m > [22m[2mschema constants[2m > [22m[2mevents schema includes bi-temporal validAt + invalidAt ()
[22m[39m17:52:57.302 [memory:mongodb:schema] info: created collection test_procedures

[90mstdout[2m | src/mongodb-schema.test.ts[2m > [22m[2mschema constants[2m > [22m[2mevents schema includes bi-temporal validAt + invalidAt ()
[22m[39m17:52:57.302 [memory:mongodb:schema] info: created collection test_procedure_revisions

[90mstdout[2m | src/mongodb-schema.test.ts[2m > [22m[2mschema constants[2m > [22m[2mevents schema includes bi-temporal validAt + invalidAt ()
[22m[39m17:52:57.302 [memory:mongodb:schema] info: created collection test_relevance_runs

[90mstdout[2m | src/mongodb-schema.test.ts[2m > [22m[2mschema constants[2m > [22m[2mevents schema includes bi-temporal validAt + invalidAt ()
[22m[39m17:52:57.302 [memory:mongodb:schema] info: created collection test_relevance_artifacts

[90mstdout[2m | src/mongodb-schema.test.ts[2m > [22m[2mschema constants[2m > [22m[2mevents schema includes bi-temporal validAt + invalidAt ()
[22m[39m17:52:57.302 [memory:mongodb:schema] info: created collection test_relevance_regressions

[90mstdout[2m | src/mongodb-schema.test.ts[2m > [22m[2mschema constants[2m > [22m[2mevents schema includes bi-temporal validAt + invalidAt ()
[22m[39m17:52:57.302 [memory:mongodb:schema] info: created collection test_events

[90mstdout[2m | src/mongodb-schema.test.ts[2m > [22m[2mschema constants[2m > [22m[2mevents schema includes bi-temporal validAt + invalidAt ()
[22m[39m17:52:57.302 [memory:mongodb:schema] info: created collection test_entities

[90mstdout[2m | src/mongodb-schema.test.ts[2m > [22m[2mschema constants[2m > [22m[2mevents schema includes bi-temporal validAt + invalidAt ()
[22m[39m17:52:57.303 [memory:mongodb:schema] info: created collection test_relations

[90mstdout[2m | src/mongodb-schema.test.ts[2m > [22m[2mschema constants[2m > [22m[2mevents schema includes bi-temporal validAt + invalidAt ()
[22m[39m17:52:57.303 [memory:mongodb:schema] info: created collection test_entity_links

[90mstdout[2m | src/mongodb-schema.test.ts[2m > [22m[2mschema constants[2m > [22m[2mevents schema includes bi-temporal validAt + invalidAt ()
[22m[39m17:52:57.303 [memory:mongodb:schema] info: created collection test_episodes

[90mstdout[2m | src/mongodb-schema.test.ts[2m > [22m[2mschema constants[2m > [22m[2mevents schema includes bi-temporal validAt + invalidAt ()
[22m[39m17:52:57.303 [memory:mongodb:schema] info: created collection test_ingest_runs

[90mstdout[2m | src/mongodb-schema.test.ts[2m > [22m[2mschema constants[2m > [22m[2mevents schema includes bi-temporal validAt + invalidAt ()
[22m[39m17:52:57.303 [memory:mongodb:schema] info: created collection test_projection_runs

[90mstdout[2m | src/mongodb-schema.test.ts[2m > [22m[2mschema constants[2m > [22m[2mevents schema includes bi-temporal validAt + invalidAt ()
[22m[39m17:52:57.303 [memory:mongodb:schema] info: created collection test_query_cache

[90mstdout[2m | src/mongodb-schema.test.ts[2m > [22m[2mschema constants[2m > [22m[2mevents schema includes bi-temporal validAt + invalidAt ()
[22m[39m17:52:57.303 [memory:mongodb:schema] info: created collection test_memory_mutations

[90mstdout[2m | src/mongodb-schema.test.ts[2m > [22m[2mschema constants[2m > [22m[2mevents schema includes bi-temporal validAt + invalidAt ()
[22m[39m17:52:57.303 [memory:mongodb:schema] info: created collection test_lane_coverage

[90mstdout[2m | src/mongodb-schema.test.ts[2m > [22m[2mschema constants[2m > [22m[2mevents schema includes bi-temporal validAt + invalidAt ()
[22m[39m17:52:57.303 [memory:mongodb:schema] info: created collection test_consolidation_runs

[90mstdout[2m | src/mongodb-schema.test.ts[2m > [22m[2mschema constants[2m > [22m[2mevents schema includes bi-temporal validAt + invalidAt ()
[22m[39m17:52:57.303 [memory:mongodb:schema] info: created collection test_recall_traces

[90mstdout[2m | src/mongodb-schema.test.ts[2m > [22m[2mschema constants[2m > [22m[2mevents schema includes bi-temporal validAt + invalidAt ()
[22m[39m17:52:57.303 [memory:mongodb:schema] info: created collection test_memory_jobs

[90mstdout[2m | src/mongodb-schema.test.ts[2m > [22m[2mschema constants[2m > [22m[2mevents schema includes bi-temporal validAt + invalidAt ()
[22m[39m17:52:57.303 [memory:mongodb:schema] info: created collection test_session_chunks

[90mstdout[2m | src/mongodb-schema.test.ts[2m > [22m[2mschema constants[2m > [22m[2mevents schema includes bi-temporal validAt + invalidAt ()
[22m[39m17:52:57.303 [memory:mongodb:schema] info: created collection test_memory_quarantine

[90mstdout[2m | src/mongodb-schema.test.ts[2m > [22m[2mschema constants[2m > [22m[2mevents schema includes bi-temporal validAt + invalidAt ()
[22m[39m17:52:57.303 [memory:mongodb:schema] info: created time series collection test_memory_telemetry

[90mstdout[2m | src/mongodb-schema.test.ts[2m > [22m[2mschema constants[2m > [22m[2mevents schema includes bi-temporal validAt + invalidAt ()
[22m[39m17:52:57.303 [memory:mongodb:schema] info: created telemetry collection test_memory_telemetry

[90mstdout[2m | src/mongodb-schema.test.ts[2m > [22m[2mschema constants[2m > [22m[2mevents schema includes bi-temporal validAt + invalidAt ()
[22m[39m17:52:57.303 [memory:mongodb:schema] info: created time series collection test_access_events

[90mstdout[2m | src/mongodb-schema.test.ts[2m > [22m[2mschema constants[2m > [22m[2mevents schema includes bi-temporal validAt + invalidAt ()
[22m[39m17:52:57.303 [memory:mongodb:schema] info: created access events collection test_access_events

[90mstdout[2m | src/mongodb-schema.test.ts[2m > [22m[2mschema constants[2m > [22m[2mevents schema includes bi-temporal validAt + invalidAt ()
[22m[39m17:52:57.303 [memory:mongodb:schema] info: applied schema validation to test_chunks

[90mstdout[2m | src/mongodb-schema.test.ts[2m > [22m[2mschema constants[2m > [22m[2mevents schema includes bi-temporal validAt + invalidAt ()
[22m[39m17:52:57.303 [memory:mongodb:schema] info: applied schema validation to test_knowledge_base

[90mstdout[2m | src/mongodb-schema.test.ts[2m > [22m[2mschema constants[2m > [22m[2mevents schema includes bi-temporal validAt + invalidAt ()
[22m[39m17:52:57.303 [memory:mongodb:schema] info: applied schema validation to test_kb_chunks

[90mstdout[2m | src/mongodb-schema.test.ts[2m > [22m[2mschema constants[2m > [22m[2mevents schema includes bi-temporal validAt + invalidAt ()
[22m[39m17:52:57.303 [memory:mongodb:schema] info: applied schema validation to test_structured_mem

[90mstdout[2m | src/mongodb-schema.test.ts[2m > [22m[2mschema constants[2m > [22m[2mevents schema includes bi-temporal validAt + invalidAt ()
[22m[39m17:52:57.303 [memory:mongodb:schema] info: applied schema validation to test_structured_mem_revisions

[90mstdout[2m | src/mongodb-schema.test.ts[2m > [22m[2mschema constants[2m > [22m[2mevents schema includes bi-temporal validAt + invalidAt ()
[22m[39m17:52:57.303 [memory:mongodb:schema] info: applied schema validation to test_procedures

[90mstdout[2m | src/mongodb-schema.test.ts[2m > [22m[2mschema constants[2m > [22m[2mevents schema includes bi-temporal validAt + invalidAt ()
[22m[39m17:52:57.303 [memory:mongodb:schema] info: applied schema validation to test_procedure_revisions

[90mstdout[2m | src/mongodb-schema.test.ts[2m > [22m[2mschema constants[2m > [22m[2mevents schema includes bi-temporal validAt + invalidAt ()
[22m[39m17:52:57.303 [memory:mongodb:schema] info: applied schema validation to test_relevance_runs

[90mstdout[2m | src/mongodb-schema.test.ts[2m > [22m[2mschema constants[2m > [22m[2mevents schema includes bi-temporal validAt + invalidAt ()
[22m[39m17:52:57.304 [memory:mongodb:schema] info: applied schema validation to test_relevance_artifacts

[90mstdout[2m | src/mongodb-schema.test.ts[2m > [22m[2mschema constants[2m > [22m[2mevents schema includes bi-temporal validAt + invalidAt ()
[22m[39m17:52:57.304 [memory:mongodb:schema] info: applied schema validation to test_relevance_regressions

[90mstdout[2m | src/mongodb-schema.test.ts[2m > [22m[2mschema constants[2m > [22m[2mevents schema includes bi-temporal validAt + invalidAt ()
[22m[39m17:52:57.304 [memory:mongodb:schema] info: applied schema validation to test_events

[90mstdout[2m | src/mongodb-schema.test.ts[2m > [22m[2mschema constants[2m > [22m[2mevents schema includes bi-temporal validAt + invalidAt ()
[22m[39m17:52:57.304 [memory:mongodb:schema] info: applied schema validation to test_entities

[90mstdout[2m | src/mongodb-schema.test.ts[2m > [22m[2mschema constants[2m > [22m[2mevents schema includes bi-temporal validAt + invalidAt ()
[22m[39m17:52:57.304 [memory:mongodb:schema] info: applied schema validation to test_relations

[90mstdout[2m | src/mongodb-schema.test.ts[2m > [22m[2mschema constants[2m > [22m[2mevents schema includes bi-temporal validAt + invalidAt ()
[22m[39m17:52:57.304 [memory:mongodb:schema] info: applied schema validation to test_entity_links

[90mstdout[2m | src/mongodb-schema.test.ts[2m > [22m[2mschema constants[2m > [22m[2mevents schema includes bi-temporal validAt + invalidAt ()
[22m[39m17:52:57.304 [memory:mongodb:schema] info: applied schema validation to test_episodes

[90mstdout[2m | src/mongodb-schema.test.ts[2m > [22m[2mschema constants[2m > [22m[2mevents schema includes bi-temporal validAt + invalidAt ()
[22m[39m17:52:57.304 [memory:mongodb:schema] info: applied schema validation to test_ingest_runs

[90mstdout[2m | src/mongodb-schema.test.ts[2m > [22m[2mschema constants[2m > [22m[2mevents schema includes bi-temporal validAt + invalidAt ()
[22m[39m17:52:57.304 [memory:mongodb:schema] info: applied schema validation to test_projection_runs

[90mstdout[2m | src/mongodb-schema.test.ts[2m > [22m[2mschema constants[2m > [22m[2mevents schema includes bi-temporal validAt + invalidAt ()
[22m[39m17:52:57.304 [memory:mongodb:schema] info: applied schema validation to test_query_cache

[90mstdout[2m | src/mongodb-schema.test.ts[2m > [22m[2mschema constants[2m > [22m[2mevents schema includes bi-temporal validAt + invalidAt ()
[22m[39m17:52:57.304 [memory:mongodb:schema] info: applied schema validation to test_memory_mutations

[90mstdout[2m | src/mongodb-schema.test.ts[2m > [22m[2mschema constants[2m > [22m[2mevents schema includes bi-temporal validAt + invalidAt ()
[22m[39m17:52:57.304 [memory:mongodb:schema] info: applied schema validation to test_recall_traces

[90mstdout[2m | src/mongodb-schema.test.ts[2m > [22m[2mschema constants[2m > [22m[2mevents schema includes bi-temporal validAt + invalidAt ()
[22m[39m17:52:57.304 [memory:mongodb:schema] info: applied schema validation to test_memory_jobs

[90mstdout[2m | src/mongodb-schema.test.ts[2m > [22m[2mschema constants[2m > [22m[2mevents schema includes bi-temporal validAt + invalidAt ()
[22m[39m17:52:57.304 [memory:mongodb:schema] info: applied schema validation to test_memory_quarantine

[90mstdout[2m | src/mongodb-schema.test.ts[2m > [22m[2mschema constants[2m > [22m[2mevents schema includes bi-temporal validAt + invalidAt ()
[22m[39m17:52:57.304 [memory:mongodb:schema] info: applied schema validation to test_files

[90mstdout[2m | src/mongodb-schema.test.ts[2m > [22m[2mschema constants[2m > [22m[2mchunks collection has polymorphic schema validation (F15)
[22m[39m17:52:57.304 [memory:mongodb:schema] info: created collection test_chunks

[90mstdout[2m | src/mongodb-schema.test.ts[2m > [22m[2mschema constants[2m > [22m[2mchunks collection has polymorphic schema validation (F15)
[22m[39m17:52:57.304 [memory:mongodb:schema] info: created collection test_files

[90mstdout[2m | src/mongodb-schema.test.ts[2m > [22m[2mschema constants[2m > [22m[2mchunks collection has polymorphic schema validation (F15)
[22m[39m17:52:57.304 [memory:mongodb:schema] info: created collection test_meta

[90mstdout[2m | src/mongodb-schema.test.ts[2m > [22m[2mschema constants[2m > [22m[2mchunks collection has polymorphic schema validation (F15)
[22m[39m17:52:57.304 [memory:mongodb:schema] info: created collection test_knowledge_base

[90mstdout[2m | src/mongodb-schema.test.ts[2m > [22m[2mschema constants[2m > [22m[2mchunks collection has polymorphic schema validation (F15)
[22m[39m17:52:57.304 [memory:mongodb:schema] info: created collection test_kb_chunks

[90mstdout[2m | src/mongodb-schema.test.ts[2m > [22m[2mschema constants[2m > [22m[2mchunks collection has polymorphic schema validation (F15)
[22m[39m17:52:57.304 [memory:mongodb:schema] info: created collection test_structured_mem

[90mstdout[2m | src/mongodb-schema.test.ts[2m > [22m[2mschema constants[2m > [22m[2mchunks collection has polymorphic schema validation (F15)
[22m[39m17:52:57.304 [memory:mongodb:schema] info: created collection test_structured_mem_revisions

[90mstdout[2m | src/mongodb-schema.test.ts[2m > [22m[2mschema constants[2m > [22m[2mchunks collection has polymorphic schema validation (F15)
[22m[39m17:52:57.304 [memory:mongodb:schema] info: created collection test_procedures

[90mstdout[2m | src/mongodb-schema.test.ts[2m > [22m[2mschema constants[2m > [22m[2mchunks collection has polymorphic schema validation (F15)
[22m[39m17:52:57.305 [memory:mongodb:schema] info: created collection test_procedure_revisions

[90mstdout[2m | src/mongodb-schema.test.ts[2m > [22m[2mschema constants[2m > [22m[2mchunks collection has polymorphic schema validation (F15)
[22m[39m17:52:57.305 [memory:mongodb:schema] info: created collection test_relevance_runs

[90mstdout[2m | src/mongodb-schema.test.ts[2m > [22m[2mschema constants[2m > [22m[2mchunks collection has polymorphic schema validation (F15)
[22m[39m17:52:57.305 [memory:mongodb:schema] info: created collection test_relevance_artifacts

[90mstdout[2m | src/mongodb-schema.test.ts[2m > [22m[2mschema constants[2m > [22m[2mchunks collection has polymorphic schema validation (F15)
[22m[39m17:52:57.305 [memory:mongodb:schema] info: created collection test_relevance_regressions

[90mstdout[2m | src/mongodb-schema.test.ts[2m > [22m[2mschema constants[2m > [22m[2mchunks collection has polymorphic schema validation (F15)
[22m[39m17:52:57.305 [memory:mongodb:schema] info: created collection test_events

[90mstdout[2m | src/mongodb-schema.test.ts[2m > [22m[2mschema constants[2m > [22m[2mchunks collection has polymorphic schema validation (F15)
[22m[39m17:52:57.305 [memory:mongodb:schema] info: created collection test_entities

[90mstdout[2m | src/mongodb-schema.test.ts[2m > [22m[2mschema constants[2m > [22m[2mchunks collection has polymorphic schema validation (F15)
[22m[39m17:52:57.305 [memory:mongodb:schema] info: created collection test_relations

[90mstdout[2m | src/mongodb-schema.test.ts[2m > [22m[2mschema constants[2m > [22m[2mchunks collection has polymorphic schema validation (F15)
[22m[39m17:52:57.305 [memory:mongodb:schema] info: created collection test_entity_links

[90mstdout[2m | src/mongodb-schema.test.ts[2m > [22m[2mschema constants[2m > [22m[2mchunks collection has polymorphic schema validation (F15)
[22m[39m17:52:57.305 [memory:mongodb:schema] info: created collection test_episodes

[90mstdout[2m | src/mongodb-schema.test.ts[2m > [22m[2mschema constants[2m > [22m[2mchunks collection has polymorphic schema validation (F15)
[22m[39m17:52:57.305 [memory:mongodb:schema] info: created collection test_ingest_runs

[90mstdout[2m | src/mongodb-schema.test.ts[2m > [22m[2mschema constants[2m > [22m[2mchunks collection has polymorphic schema validation (F15)
[22m[39m17:52:57.305 [memory:mongodb:schema] info: created collection test_projection_runs

[90mstdout[2m | src/mongodb-schema.test.ts[2m > [22m[2mschema constants[2m > [22m[2mchunks collection has polymorphic schema validation (F15)
[22m[39m17:52:57.305 [memory:mongodb:schema] info: created collection test_query_cache

[90mstdout[2m | src/mongodb-schema.test.ts[2m > [22m[2mschema constants[2m > [22m[2mchunks collection has polymorphic schema validation (F15)
[22m[39m17:52:57.305 [memory:mongodb:schema] info: created collection test_memory_mutations

[90mstdout[2m | src/mongodb-schema.test.ts[2m > [22m[2mschema constants[2m > [22m[2mchunks collection has polymorphic schema validation (F15)
[22m[39m17:52:57.305 [memory:mongodb:schema] info: created collection test_lane_coverage

[90mstdout[2m | src/mongodb-schema.test.ts[2m > [22m[2mschema constants[2m > [22m[2mchunks collection has polymorphic schema validation (F15)
[22m[39m17:52:57.305 [memory:mongodb:schema] info: created collection test_consolidation_runs

[90mstdout[2m | src/mongodb-schema.part3.test.ts[2m > [22m[2mquery_cache schema[2m > [22m[2mQUERY_CACHE_SCHEMA validates all required fields via ensureCollections
[22m[39m17:52:57.305 [memory:mongodb:schema] info: created collection test_chunks

[90mstdout[2m | src/mongodb-schema.part3.test.ts[2m > [22m[2mquery_cache schema[2m > [22m[2mQUERY_CACHE_SCHEMA validates all required fields via ensureCollections
[22m[39m17:52:57.305 [memory:mongodb:schema] info: created collection test_files

[90mstdout[2m | src/mongodb-schema.part3.test.ts[2m > [22m[2mquery_cache schema[2m > [22m[2mQUERY_CACHE_SCHEMA validates all required fields via ensureCollections
[22m[39m17:52:57.305 [memory:mongodb:schema] info: created collection test_meta

[90mstdout[2m | src/mongodb-schema.test.ts[2m > [22m[2mschema constants[2m > [22m[2mchunks collection has polymorphic schema validation (F15)
[22m[39m17:52:57.305 [memory:mongodb:schema] info: created collection test_recall_traces

[90mstdout[2m | src/mongodb-schema.test.ts[2m > [22m[2mschema constants[2m > [22m[2mchunks collection has polymorphic schema validation (F15)
[22m[39m17:52:57.305 [memory:mongodb:schema] info: created collection test_memory_jobs

[90mstdout[2m | src/mongodb-schema.test.ts[2m > [22m[2mschema constants[2m > [22m[2mchunks collection has polymorphic schema validation (F15)
[22m[39m17:52:57.305 [memory:mongodb:schema] info: created collection test_session_chunks

[90mstdout[2m | src/mongodb-schema.test.ts[2m > [22m[2mschema constants[2m > [22m[2mchunks collection has polymorphic schema validation (F15)
[22m[39m17:52:57.305 [memory:mongodb:schema] info: created collection test_memory_quarantine

[90mstdout[2m | src/mongodb-schema.test.ts[2m > [22m[2mschema constants[2m > [22m[2mchunks collection has polymorphic schema validation (F15)
[22m[39m17:52:57.305 [memory:mongodb:schema] info: created time series collection test_memory_telemetry

[90mstdout[2m | src/mongodb-schema.part3.test.ts[2m > [22m[2mquery_cache schema[2m > [22m[2mQUERY_CACHE_SCHEMA validates all required fields via ensureCollections
[22m[39m17:52:57.305 [memory:mongodb:schema] info: created collection test_knowledge_base

[90mstdout[2m | src/mongodb-schema.part3.test.ts[2m > [22m[2mquery_cache schema[2m > [22m[2mQUERY_CACHE_SCHEMA validates all required fields via ensureCollections
[22m[39m17:52:57.305 [memory:mongodb:schema] info: created collection test_kb_chunks

[90mstdout[2m | src/mongodb-schema.test.ts[2m > [22m[2mschema constants[2m > [22m[2mchunks collection has polymorphic schema validation (F15)
[22m[39m17:52:57.305 [memory:mongodb:schema] info: created telemetry collection test_memory_telemetry

[90mstdout[2m | src/mongodb-schema.test.ts[2m > [22m[2mschema constants[2m > [22m[2mchunks collection has polymorphic schema validation (F15)
[22m[39m17:52:57.305 [memory:mongodb:schema] info: created time series collection test_access_events

[90mstdout[2m | src/mongodb-schema.test.ts[2m > [22m[2mschema constants[2m > [22m[2mchunks collection has polymorphic schema validation (F15)
[22m[39m17:52:57.306 [memory:mongodb:schema] info: created access events collection test_access_events

[90mstdout[2m | src/mongodb-schema.test.ts[2m > [22m[2mschema constants[2m > [22m[2mchunks collection has polymorphic schema validation (F15)
[22m[39m17:52:57.306 [memory:mongodb:schema] info: applied schema validation to test_chunks

[90mstdout[2m | src/mongodb-schema.part3.test.ts[2m > [22m[2mquery_cache schema[2m > [22m[2mQUERY_CACHE_SCHEMA validates all required fields via ensureCollections
[22m[39m17:52:57.306 [memory:mongodb:schema] info: created collection test_structured_mem

[90mstdout[2m | src/mongodb-schema.part3.test.ts[2m > [22m[2mquery_cache schema[2m > [22m[2mQUERY_CACHE_SCHEMA validates all required fields via ensureCollections
[22m[39m17:52:57.306 [memory:mongodb:schema] info: created collection test_structured_mem_revisions

[90mstdout[2m | src/mongodb-schema.part3.test.ts[2m > [22m[2mquery_cache schema[2m > [22m[2mQUERY_CACHE_SCHEMA validates all required fields via ensureCollections
[22m[39m17:52:57.306 [memory:mongodb:schema] info: created collection test_procedures

[90mstdout[2m | src/mongodb-schema.test.ts[2m > [22m[2mschema constants[2m > [22m[2mchunks collection has polymorphic schema validation (F15)
[22m[39m17:52:57.306 [memory:mongodb:schema] info: applied schema validation to test_knowledge_base

[90mstdout[2m | src/mongodb-schema.test.ts[2m > [22m[2mschema constants[2m > [22m[2mchunks collection has polymorphic schema validation (F15)
[22m[39m17:52:57.306 [memory:mongodb:schema] info: applied schema validation to test_kb_chunks

[90mstdout[2m | src/mongodb-schema.part3.test.ts[2m > [22m[2mquery_cache schema[2m > [22m[2mQUERY_CACHE_SCHEMA validates all required fields via ensureCollections
[22m[39m17:52:57.306 [memory:mongodb:schema] info: created collection test_procedure_revisions

[90mstdout[2m | src/mongodb-schema.test.ts[2m > [22m[2mschema constants[2m > [22m[2mchunks collection has polymorphic schema validation (F15)
[22m[39m17:52:57.306 [memory:mongodb:schema] info: applied schema validation to test_structured_mem

[90mstdout[2m | src/mongodb-schema.test.ts[2m > [22m[2mschema constants[2m > [22m[2mchunks collection has polymorphic schema validation (F15)
[22m[39m17:52:57.306 [memory:mongodb:schema] info: applied schema validation to test_structured_mem_revisions

[90mstdout[2m | src/mongodb-schema.part3.test.ts[2m > [22m[2mquery_cache schema[2m > [22m[2mQUERY_CACHE_SCHEMA validates all required fields via ensureCollections
[22m[39m17:52:57.306 [memory:mongodb:schema] info: created collection test_relevance_runs

[90mstdout[2m | src/mongodb-schema.test.ts[2m > [22m[2mschema constants[2m > [22m[2mchunks collection has polymorphic schema validation (F15)
[22m[39m17:52:57.306 [memory:mongodb:schema] info: applied schema validation to test_procedures

[90mstdout[2m | src/mongodb-schema.test.ts[2m > [22m[2mschema constants[2m > [22m[2mchunks collection has polymorphic schema validation (F15)
[22m[39m17:52:57.306 [memory:mongodb:schema] info: applied schema validation to test_procedure_revisions

[90mstdout[2m | src/mongodb-schema.test.ts[2m > [22m[2mschema constants[2m > [22m[2mchunks collection has polymorphic schema validation (F15)
[22m[39m17:52:57.306 [memory:mongodb:schema] info: applied schema validation to test_relevance_runs

[90mstdout[2m | src/mongodb-schema.part3.test.ts[2m > [22m[2mquery_cache schema[2m > [22m[2mQUERY_CACHE_SCHEMA validates all required fields via ensureCollections
[22m[39m17:52:57.306 [memory:mongodb:schema] info: created collection test_relevance_artifacts

[90mstdout[2m | src/mongodb-schema.test.ts[2m > [22m[2mschema constants[2m > [22m[2mchunks collection has polymorphic schema validation (F15)
[22m[39m17:52:57.306 [memory:mongodb:schema] info: applied schema validation to test_relevance_artifacts

[90mstdout[2m | src/mongodb-schema.test.ts[2m > [22m[2mschema constants[2m > [22m[2mchunks collection has polymorphic schema validation (F15)
[22m[39m17:52:57.306 [memory:mongodb:schema] info: applied schema validation to test_relevance_regressions

[90mstdout[2m | src/mongodb-schema.test.ts[2m > [22m[2mschema constants[2m > [22m[2mchunks collection has polymorphic schema validation (F15)
[22m[39m17:52:57.306 [memory:mongodb:schema] info: applied schema validation to test_events

[90mstdout[2m | src/mongodb-schema.part3.test.ts[2m > [22m[2mquery_cache schema[2m > [22m[2mQUERY_CACHE_SCHEMA validates all required fields via ensureCollections
[22m[39m17:52:57.306 [memory:mongodb:schema] info: created collection test_relevance_regressions

[90mstdout[2m | src/mongodb-schema.test.ts[2m > [22m[2mschema constants[2m > [22m[2mchunks collection has polymorphic schema validation (F15)
[22m[39m17:52:57.306 [memory:mongodb:schema] info: applied schema validation to test_entities

[90mstdout[2m | src/mongodb-schema.test.ts[2m > [22m[2mschema constants[2m > [22m[2mchunks collection has polymorphic schema validation (F15)
[22m[39m17:52:57.306 [memory:mongodb:schema] info: applied schema validation to test_relations

[90mstdout[2m | src/mongodb-schema.test.ts[2m > [22m[2mschema constants[2m > [22m[2mchunks collection has polymorphic schema validation (F15)
[22m[39m17:52:57.306 [memory:mongodb:schema] info: applied schema validation to test_entity_links

[90mstdout[2m | src/mongodb-schema.part3.test.ts[2m > [22m[2mquery_cache schema[2m > [22m[2mQUERY_CACHE_SCHEMA validates all required fields via ensureCollections
[22m[39m17:52:57.306 [memory:mongodb:schema] info: created collection test_events

[90mstdout[2m | src/mongodb-schema.test.ts[2m > [22m[2mschema constants[2m > [22m[2mchunks collection has polymorphic schema validation (F15)
[22m[39m17:52:57.306 [memory:mongodb:schema] info: applied schema validation to test_episodes

[90mstdout[2m | src/mongodb-schema.test.ts[2m > [22m[2mschema constants[2m > [22m[2mchunks collection has polymorphic schema validation (F15)
[22m[39m17:52:57.306 [memory:mongodb:schema] info: applied schema validation to test_ingest_runs

[90mstdout[2m | src/mongodb-schema.test.ts[2m > [22m[2mschema constants[2m > [22m[2mchunks collection has polymorphic schema validation (F15)
[22m[39m17:52:57.306 [memory:mongodb:schema] info: applied schema validation to test_projection_runs

[90mstdout[2m | src/mongodb-schema.part3.test.ts[2m > [22m[2mquery_cache schema[2m > [22m[2mQUERY_CACHE_SCHEMA validates all required fields via ensureCollections
[22m[39m17:52:57.306 [memory:mongodb:schema] info: created collection test_entities

[90mstdout[2m | src/mongodb-schema.test.ts[2m > [22m[2mschema constants[2m > [22m[2mchunks collection has polymorphic schema validation (F15)
[22m[39m17:52:57.306 [memory:mongodb:schema] info: applied schema validation to test_query_cache

[90mstdout[2m | src/mongodb-schema.test.ts[2m > [22m[2mschema constants[2m > [22m[2mchunks collection has polymorphic schema validation (F15)
[22m[39m17:52:57.306 [memory:mongodb:schema] info: applied schema validation to test_memory_mutations

[90mstdout[2m | src/mongodb-schema.part3.test.ts[2m > [22m[2mquery_cache schema[2m > [22m[2mQUERY_CACHE_SCHEMA validates all required fields via ensureCollections
[22m[39m17:52:57.306 [memory:mongodb:schema] info: created collection test_relations

[90mstdout[2m | src/mongodb-schema.test.ts[2m > [22m[2mschema constants[2m > [22m[2mchunks collection has polymorphic schema validation (F15)
[22m[39m17:52:57.306 [memory:mongodb:schema] info: applied schema validation to test_recall_traces

[90mstdout[2m | src/mongodb-schema.test.ts[2m > [22m[2mschema constants[2m > [22m[2mchunks collection has polymorphic schema validation (F15)
[22m[39m17:52:57.306 [memory:mongodb:schema] info: applied schema validation to test_memory_jobs

[90mstdout[2m | src/mongodb-schema.test.ts[2m > [22m[2mschema constants[2m > [22m[2mchunks collection has polymorphic schema validation (F15)
[22m[39m17:52:57.306 [memory:mongodb:schema] info: applied schema validation to test_memory_quarantine

[90mstdout[2m | src/mongodb-schema.test.ts[2m > [22m[2mschema constants[2m > [22m[2mchunks collection has polymorphic schema validation (F15)
[22m[39m17:52:57.306 [memory:mongodb:schema] info: applied schema validation to test_files

[90mstdout[2m | src/mongodb-schema.part3.test.ts[2m > [22m[2mquery_cache schema[2m > [22m[2mQUERY_CACHE_SCHEMA validates all required fields via ensureCollections
[22m[39m17:52:57.306 [memory:mongodb:schema] info: created collection test_entity_links

[90mstdout[2m | src/mongodb-schema.part3.test.ts[2m > [22m[2mquery_cache schema[2m > [22m[2mQUERY_CACHE_SCHEMA validates all required fields via ensureCollections
[22m[39m17:52:57.306 [memory:mongodb:schema] info: created collection test_episodes

[90mstdout[2m | src/mongodb-schema.part3.test.ts[2m > [22m[2mquery_cache schema[2m > [22m[2mQUERY_CACHE_SCHEMA validates all required fields via ensureCollections
[22m[39m17:52:57.306 [memory:mongodb:schema] info: created collection test_ingest_runs

[90mstdout[2m | src/mongodb-schema.part3.test.ts[2m > [22m[2mquery_cache schema[2m > [22m[2mQUERY_CACHE_SCHEMA validates all required fields via ensureCollections
[22m[39m17:52:57.306 [memory:mongodb:schema] info: created collection test_projection_runs

[90mstdout[2m | src/mongodb-schema.part3.test.ts[2m > [22m[2mquery_cache schema[2m > [22m[2mQUERY_CACHE_SCHEMA validates all required fields via ensureCollections
[22m[39m17:52:57.306 [memory:mongodb:schema] info: created collection test_query_cache

[90mstdout[2m | src/mongodb-schema.part3.test.ts[2m > [22m[2mquery_cache schema[2m > [22m[2mQUERY_CACHE_SCHEMA validates all required fields via ensureCollections
[22m[39m17:52:57.306 [memory:mongodb:schema] info: created collection test_memory_mutations

[90mstdout[2m | src/mongodb-schema.part3.test.ts[2m > [22m[2mquery_cache schema[2m > [22m[2mQUERY_CACHE_SCHEMA validates all required fields via ensureCollections
[22m[39m17:52:57.306 [memory:mongodb:schema] info: created collection test_lane_coverage

[90mstdout[2m | src/mongodb-schema.part3.test.ts[2m > [22m[2mquery_cache schema[2m > [22m[2mQUERY_CACHE_SCHEMA validates all required fields via ensureCollections
[22m[39m17:52:57.306 [memory:mongodb:schema] info: created collection test_consolidation_runs

[90mstdout[2m | src/mongodb-schema.part3.test.ts[2m > [22m[2mquery_cache schema[2m > [22m[2mQUERY_CACHE_SCHEMA validates all required fields via ensureCollections
[22m[39m17:52:57.307 [memory:mongodb:schema] info: created collection test_recall_traces

[90mstdout[2m | src/mongodb-schema.part3.test.ts[2m > [22m[2mquery_cache schema[2m > [22m[2mQUERY_CACHE_SCHEMA validates all required fields via ensureCollections
[22m[39m17:52:57.307 [memory:mongodb:schema] info: created collection test_memory_jobs

[90mstdout[2m | src/mongodb-schema.test.ts[2m > [22m[2mensureCollections[2m > [22m[2mcreates all collections when none exist, including both time series collections
[22m[39m17:52:57.307 [memory:mongodb:schema] info: created collection test_chunks

[90mstdout[2m | src/mongodb-schema.part3.test.ts[2m > [22m[2mquery_cache schema[2m > [22m[2mQUERY_CACHE_SCHEMA validates all required fields via ensureCollections
[22m[39m17:52:57.307 [memory:mongodb:schema] info: created collection test_session_chunks

[90mstdout[2m | src/mongodb-schema.test.ts[2m > [22m[2mensureCollections[2m > [22m[2mcreates all collections when none exist, including both time series collections
[22m[39m17:52:57.307 [memory:mongodb:schema] info: created collection test_files

[90mstdout[2m | src/mongodb-schema.part3.test.ts[2m > [22m[2mquery_cache schema[2m > [22m[2mQUERY_CACHE_SCHEMA validates all required fields via ensureCollections
[22m[39m17:52:57.307 [memory:mongodb:schema] info: created collection test_memory_quarantine

[90mstdout[2m | src/mongodb-schema.part3.test.ts[2m > [22m[2mquery_cache schema[2m > [22m[2mQUERY_CACHE_SCHEMA validates all required fields via ensureCollections
[22m[39m17:52:57.307 [memory:mongodb:schema] info: created time series collection test_memory_telemetry

[90mstdout[2m | src/mongodb-schema.test.ts[2m > [22m[2mensureCollections[2m > [22m[2mcreates all collections when none exist, including both time series collections
[22m[39m17:52:57.307 [memory:mongodb:schema] info: created collection test_meta

[90mstdout[2m | src/mongodb-schema.test.ts[2m > [22m[2mensureCollections[2m > [22m[2mcreates all collections when none exist, including both time series collections
[22m[39m17:52:57.307 [memory:mongodb:schema] info: created collection test_knowledge_base

[90mstdout[2m | src/mongodb-schema.part3.test.ts[2m > [22m[2mquery_cache schema[2m > [22m[2mQUERY_CACHE_SCHEMA validates all required fields via ensureCollections
[22m[39m17:52:57.307 [memory:mongodb:schema] info: created telemetry collection test_memory_telemetry

[90mstdout[2m | src/mongodb-schema.part3.test.ts[2m > [22m[2mquery_cache schema[2m > [22m[2mQUERY_CACHE_SCHEMA validates all required fields via ensureCollections
[22m[39m17:52:57.307 [memory:mongodb:schema] info: created time series collection test_access_events

[90mstdout[2m | src/mongodb-schema.test.ts[2m > [22m[2mensureCollections[2m > [22m[2mcreates all collections when none exist, including both time series collections
[22m[39m17:52:57.307 [memory:mongodb:schema] info: created collection test_kb_chunks

[90mstdout[2m | src/mongodb-schema.test.ts[2m > [22m[2mensureCollections[2m > [22m[2mcreates all collections when none exist, including both time series collections
[22m[39m17:52:57.307 [memory:mongodb:schema] info: created collection test_structured_mem

[90mstdout[2m | src/mongodb-schema.part3.test.ts[2m > [22m[2mquery_cache schema[2m > [22m[2mQUERY_CACHE_SCHEMA validates all required fields via ensureCollections
[22m[39m17:52:57.307 [memory:mongodb:schema] info: created access events collection test_access_events

[90mstdout[2m | src/mongodb-schema.part3.test.ts[2m > [22m[2mquery_cache schema[2m > [22m[2mQUERY_CACHE_SCHEMA validates all required fields via ensureCollections
[22m[39m17:52:57.307 [memory:mongodb:schema] info: applied schema validation to test_chunks

[90mstdout[2m | src/mongodb-schema.test.ts[2m > [22m[2mensureCollections[2m > [22m[2mcreates all collections when none exist, including both time series collections
[22m[39m17:52:57.307 [memory:mongodb:schema] info: created collection test_structured_mem_revisions

[90mstdout[2m | src/mongodb-schema.part3.test.ts[2m > [22m[2mquery_cache schema[2m > [22m[2mQUERY_CACHE_SCHEMA validates all required fields via ensureCollections
[22m[39m17:52:57.307 [memory:mongodb:schema] info: applied schema validation to test_knowledge_base

[90mstdout[2m | src/mongodb-schema.test.ts[2m > [22m[2mensureCollections[2m > [22m[2mcreates all collections when none exist, including both time series collections
[22m[39m17:52:57.307 [memory:mongodb:schema] info: created collection test_procedures

[90mstdout[2m | src/mongodb-schema.part3.test.ts[2m > [22m[2mquery_cache schema[2m > [22m[2mQUERY_CACHE_SCHEMA validates all required fields via ensureCollections
[22m[39m17:52:57.307 [memory:mongodb:schema] info: applied schema validation to test_kb_chunks

[90mstdout[2m | src/mongodb-schema.part3.test.ts[2m > [22m[2mquery_cache schema[2m > [22m[2mQUERY_CACHE_SCHEMA validates all required fields via ensureCollections
[22m[39m17:52:57.307 [memory:mongodb:schema] info: applied schema validation to test_structured_mem

[90mstdout[2m | src/mongodb-schema.test.ts[2m > [22m[2mensureCollections[2m > [22m[2mcreates all collections when none exist, including both time series collections
[22m[39m17:52:57.307 [memory:mongodb:schema] info: created collection test_procedure_revisions

[90mstdout[2m | src/mongodb-schema.part3.test.ts[2m > [22m[2mquery_cache schema[2m > [22m[2mQUERY_CACHE_SCHEMA validates all required fields via ensureCollections
[22m[39m17:52:57.307 [memory:mongodb:schema] info: applied schema validation to test_structured_mem_revisions

[90mstdout[2m | src/mongodb-schema.part3.test.ts[2m > [22m[2mquery_cache schema[2m > [22m[2mQUERY_CACHE_SCHEMA validates all required fields via ensureCollections
[22m[39m17:52:57.307 [memory:mongodb:schema] info: applied schema validation to test_procedures

[90mstdout[2m | src/mongodb-schema.test.ts[2m > [22m[2mensureCollections[2m > [22m[2mcreates all collections when none exist, including both time series collections
[22m[39m17:52:57.307 [memory:mongodb:schema] info: created collection test_relevance_runs

[90mstdout[2m | src/mongodb-schema.part3.test.ts[2m > [22m[2mquery_cache schema[2m > [22m[2mQUERY_CACHE_SCHEMA validates all required fields via ensureCollections
[22m[39m17:52:57.307 [memory:mongodb:schema] info: applied schema validation to test_procedure_revisions

[90mstdout[2m | src/mongodb-schema.part3.test.ts[2m > [22m[2mquery_cache schema[2m > [22m[2mQUERY_CACHE_SCHEMA validates all required fields via ensureCollections
[22m[39m17:52:57.307 [memory:mongodb:schema] info: applied schema validation to test_relevance_runs

[90mstdout[2m | src/mongodb-schema.test.ts[2m > [22m[2mensureCollections[2m > [22m[2mcreates all collections when none exist, including both time series collections
[22m[39m17:52:57.307 [memory:mongodb:schema] info: created collection test_relevance_artifacts

[90mstdout[2m | src/mongodb-schema.test.ts[2m > [22m[2mensureCollections[2m > [22m[2mcreates all collections when none exist, including both time series collections
[22m[39m17:52:57.307 [memory:mongodb:schema] info: created collection test_relevance_regressions

[90mstdout[2m | src/mongodb-schema.part3.test.ts[2m > [22m[2mquery_cache schema[2m > [22m[2mQUERY_CACHE_SCHEMA validates all required fields via ensureCollections
[22m[39m17:52:57.307 [memory:mongodb:schema] info: applied schema validation to test_relevance_artifacts

[90mstdout[2m | src/mongodb-schema.part3.test.ts[2m > [22m[2mquery_cache schema[2m > [22m[2mQUERY_CACHE_SCHEMA validates all required fields via ensureCollections
[22m[39m17:52:57.307 [memory:mongodb:schema] info: applied schema validation to test_relevance_regressions

[90mstdout[2m | src/mongodb-schema.part3.test.ts[2m > [22m[2mquery_cache schema[2m > [22m[2mQUERY_CACHE_SCHEMA validates all required fields via ensureCollections
[22m[39m17:52:57.307 [memory:mongodb:schema] info: applied schema validation to test_events

[90mstdout[2m | src/mongodb-schema.test.ts[2m > [22m[2mensureCollections[2m > [22m[2mcreates all collections when none exist, including both time series collections
[22m[39m17:52:57.307 [memory:mongodb:schema] info: created collection test_events

[90mstdout[2m | src/mongodb-schema.test.ts[2m > [22m[2mensureCollections[2m > [22m[2mcreates all collections when none exist, including both time series collections
[22m[39m17:52:57.307 [memory:mongodb:schema] info: created collection test_entities

[90mstdout[2m | src/mongodb-schema.part3.test.ts[2m > [22m[2mquery_cache schema[2m > [22m[2mQUERY_CACHE_SCHEMA validates all required fields via ensureCollections
[22m[39m17:52:57.307 [memory:mongodb:schema] info: applied schema validation to test_entities

[90mstdout[2m | src/mongodb-schema.part3.test.ts[2m > [22m[2mquery_cache schema[2m > [22m[2mQUERY_CACHE_SCHEMA validates all required fields via ensureCollections
[22m[39m17:52:57.307 [memory:mongodb:schema] info: applied schema validation to test_relations

[90mstdout[2m | src/mongodb-schema.part3.test.ts[2m > [22m[2mquery_cache schema[2m > [22m[2mQUERY_CACHE_SCHEMA validates all required fields via ensureCollections
[22m[39m17:52:57.307 [memory:mongodb:schema] info: applied schema validation to test_entity_links

[90mstdout[2m | src/mongodb-schema.part3.test.ts[2m > [22m[2mquery_cache schema[2m > [22m[2mQUERY_CACHE_SCHEMA validates all required fields via ensureCollections
[22m[39m17:52:57.307 [memory:mongodb:schema] info: applied schema validation to test_episodes

[90mstdout[2m | src/mongodb-schema.test.ts[2m > [22m[2mensureCollections[2m > [22m[2mcreates all collections when none exist, including both time series collections
[22m[39m17:52:57.307 [memory:mongodb:schema] info: created collection test_relations

[90mstdout[2m | src/mongodb-schema.test.ts[2m > [22m[2mensureCollections[2m > [22m[2mcreates all collections when none exist, including both time series collections
[22m[39m17:52:57.307 [memory:mongodb:schema] info: created collection test_entity_links

[90mstdout[2m | src/mongodb-schema.part3.test.ts[2m > [22m[2mquery_cache schema[2m > [22m[2mQUERY_CACHE_SCHEMA validates all required fields via ensureCollections
[22m[39m17:52:57.307 [memory:mongodb:schema] info: applied schema validation to test_ingest_runs

[90mstdout[2m | src/mongodb-schema.part3.test.ts[2m > [22m[2mquery_cache schema[2m > [22m[2mQUERY_CACHE_SCHEMA validates all required fields via ensureCollections
[22m[39m17:52:57.307 [memory:mongodb:schema] info: applied schema validation to test_projection_runs

[90mstdout[2m | src/mongodb-schema.part3.test.ts[2m > [22m[2mquery_cache schema[2m > [22m[2mQUERY_CACHE_SCHEMA validates all required fields via ensureCollections
[22m[39m17:52:57.307 [memory:mongodb:schema] info: applied schema validation to test_query_cache

[90mstdout[2m | src/mongodb-schema.test.ts[2m > [22m[2mensureCollections[2m > [22m[2mcreates all collections when none exist, including both time series collections
[22m[39m17:52:57.307 [memory:mongodb:schema] info: created collection test_episodes

[90mstdout[2m | src/mongodb-schema.test.ts[2m > [22m[2mensureCollections[2m > [22m[2mcreates all collections when none exist, including both time series collections
[22m[39m17:52:57.307 [memory:mongodb:schema] info: created collection test_ingest_runs

[90mstdout[2m | src/mongodb-schema.part3.test.ts[2m > [22m[2mquery_cache schema[2m > [22m[2mQUERY_CACHE_SCHEMA validates all required fields via ensureCollections
[22m[39m17:52:57.307 [memory:mongodb:schema] info: applied schema validation to test_memory_mutations

[90mstdout[2m | src/mongodb-schema.part3.test.ts[2m > [22m[2mquery_cache schema[2m > [22m[2mQUERY_CACHE_SCHEMA validates all required fields via ensureCollections
[22m[39m17:52:57.307 [memory:mongodb:schema] info: applied schema validation to test_recall_traces

[90mstdout[2m | src/mongodb-schema.part3.test.ts[2m > [22m[2mquery_cache schema[2m > [22m[2mQUERY_CACHE_SCHEMA validates all required fields via ensureCollections
[22m[39m17:52:57.307 [memory:mongodb:schema] info: applied schema validation to test_memory_jobs

[90mstdout[2m | src/mongodb-schema.test.ts[2m > [22m[2mensureCollections[2m > [22m[2mcreates all collections when none exist, including both time series collections
[22m[39m17:52:57.307 [memory:mongodb:schema] info: created collection test_projection_runs

[90mstdout[2m | src/mongodb-schema.test.ts[2m > [22m[2mensureCollections[2m > [22m[2mcreates all collections when none exist, including both time series collections
[22m[39m17:52:57.307 [memory:mongodb:schema] info: created collection test_query_cache

[90mstdout[2m | src/mongodb-schema.part3.test.ts[2m > [22m[2mquery_cache schema[2m > [22m[2mQUERY_CACHE_SCHEMA validates all required fields via ensureCollections
[22m[39m17:52:57.307 [memory:mongodb:schema] info: applied schema validation to test_memory_quarantine

[90mstdout[2m | src/mongodb-schema.part3.test.ts[2m > [22m[2mquery_cache schema[2m > [22m[2mQUERY_CACHE_SCHEMA validates all required fields via ensureCollections
[22m[39m17:52:57.308 [memory:mongodb:schema] info: applied schema validation to test_files

[90mstdout[2m | src/mongodb-schema.test.ts[2m > [22m[2mensureCollections[2m > [22m[2mcreates all collections when none exist, including both time series collections
[22m[39m17:52:57.308 [memory:mongodb:schema] info: created collection test_memory_mutations

[90mstdout[2m | src/mongodb-schema.test.ts[2m > [22m[2mensureCollections[2m > [22m[2mcreates all collections when none exist, including both time series collections
[22m[39m17:52:57.308 [memory:mongodb:schema] info: created collection test_lane_coverage

[90mstdout[2m | src/mongodb-schema.test.ts[2m > [22m[2mensureCollections[2m > [22m[2mcreates all collections when none exist, including both time series collections
[22m[39m17:52:57.308 [memory:mongodb:schema] info: created collection test_consolidation_runs

[90mstdout[2m | src/mongodb-schema.test.ts[2m > [22m[2mensureCollections[2m > [22m[2mcreates all collections when none exist, including both time series collections
[22m[39m17:52:57.308 [memory:mongodb:schema] info: created collection test_recall_traces

[90mstdout[2m | src/mongodb-schema.test.ts[2m > [22m[2mensureCollections[2m > [22m[2mcreates all collections when none exist, including both time series collections
[22m[39m17:52:57.308 [memory:mongodb:schema] info: created collection test_memory_jobs

[90mstdout[2m | src/mongodb-schema.test.ts[2m > [22m[2mensureCollections[2m > [22m[2mcreates all collections when none exist, including both time series collections
[22m[39m17:52:57.308 [memory:mongodb:schema] info: created collection test_session_chunks

[90mstdout[2m | src/mongodb-schema.test.ts[2m > [22m[2mensureCollections[2m > [22m[2mcreates all collections when none exist, including both time series collections
[22m[39m17:52:57.308 [memory:mongodb:schema] info: created collection test_memory_quarantine

[90mstdout[2m | src/mongodb-schema.test.ts[2m > [22m[2mensureCollections[2m > [22m[2mcreates all collections when none exist, including both time series collections
[22m[39m17:52:57.308 [memory:mongodb:schema] info: created time series collection test_memory_telemetry

[90mstdout[2m | src/mongodb-schema.test.ts[2m > [22m[2mensureCollections[2m > [22m[2mcreates all collections when none exist, including both time series collections
[22m[39m17:52:57.308 [memory:mongodb:schema] info: created telemetry collection test_memory_telemetry

[90mstdout[2m | src/mongodb-schema.test.ts[2m > [22m[2mensureCollections[2m > [22m[2mcreates all collections when none exist, including both time series collections
[22m[39m17:52:57.308 [memory:mongodb:schema] info: created time series collection test_access_events

[90mstdout[2m | src/mongodb-schema.test.ts[2m > [22m[2mensureCollections[2m > [22m[2mcreates all collections when none exist, including both time series collections
[22m[39m17:52:57.308 [memory:mongodb:schema] info: created access events collection test_access_events

[90mstdout[2m | src/mongodb-schema.test.ts[2m > [22m[2mensureCollections[2m > [22m[2mcreates all collections when none exist, including both time series collections
[22m[39m17:52:57.308 [memory:mongodb:schema] info: applied schema validation to test_chunks

[90mstdout[2m | src/mongodb-schema.test.ts[2m > [22m[2mensureCollections[2m > [22m[2mcreates all collections when none exist, including both time series collections
[22m[39m17:52:57.308 [memory:mongodb:schema] info: applied schema validation to test_knowledge_base

[90mstdout[2m | src/mongodb-schema.test.ts[2m > [22m[2mensureCollections[2m > [22m[2mcreates all collections when none exist, including both time series collections
[22m[39m17:52:57.308 [memory:mongodb:schema] info: applied schema validation to test_kb_chunks

[90mstdout[2m | src/mongodb-schema.test.ts[2m > [22m[2mensureCollections[2m > [22m[2mcreates all collections when none exist, including both time series collections
[22m[39m17:52:57.308 [memory:mongodb:schema] info: applied schema validation to test_structured_mem

[90mstdout[2m | src/mongodb-schema.test.ts[2m > [22m[2mensureCollections[2m > [22m[2mcreates all collections when none exist, including both time series collections
[22m[39m17:52:57.308 [memory:mongodb:schema] info: applied schema validation to test_structured_mem_revisions

[90mstdout[2m | src/mongodb-schema.test.ts[2m > [22m[2mensureCollections[2m > [22m[2mcreates all collections when none exist, including both time series collections
[22m[39m17:52:57.308 [memory:mongodb:schema] info: applied schema validation to test_procedures

[90mstdout[2m | src/mongodb-schema.test.ts[2m > [22m[2mensureCollections[2m > [22m[2mcreates all collections when none exist, including both time series collections
[22m[39m17:52:57.308 [memory:mongodb:schema] info: applied schema validation to test_procedure_revisions

[90mstdout[2m | src/mongodb-schema.test.ts[2m > [22m[2mensureCollections[2m > [22m[2mcreates all collections when none exist, including both time series collections
[22m[39m17:52:57.308 [memory:mongodb:schema] info: applied schema validation to test_relevance_runs

[90mstdout[2m | src/mongodb-schema.test.ts[2m > [22m[2mensureCollections[2m > [22m[2mcreates all collections when none exist, including both time series collections
[22m[39m17:52:57.308 [memory:mongodb:schema] info: applied schema validation to test_relevance_artifacts

[90mstdout[2m | src/mongodb-schema.test.ts[2m > [22m[2mensureCollections[2m > [22m[2mcreates all collections when none exist, including both time series collections
[22m[39m17:52:57.308 [memory:mongodb:schema] info: applied schema validation to test_relevance_regressions

[90mstdout[2m | src/mongodb-schema.test.ts[2m > [22m[2mensureCollections[2m > [22m[2mcreates all collections when none exist, including both time series collections
[22m[39m17:52:57.308 [memory:mongodb:schema] info: applied schema validation to test_events

[90mstdout[2m | src/mongodb-schema.test.ts[2m > [22m[2mensureCollections[2m > [22m[2mcreates all collections when none exist, including both time series collections
[22m[39m17:52:57.308 [memory:mongodb:schema] info: applied schema validation to test_entities

[90mstdout[2m | src/mongodb-schema.test.ts[2m > [22m[2mensureCollections[2m > [22m[2mcreates all collections when none exist, including both time series collections
[22m[39m17:52:57.308 [memory:mongodb:schema] info: applied schema validation to test_relations

[90mstdout[2m | src/mongodb-schema.part3.test.ts[2m > [22m[2mquery_cache schema[2m > [22m[2mquery_cache scope field uses SCOPE_ENUM
[22m[39m17:52:57.308 [memory:mongodb:schema] info: created collection test_chunks

[90mstdout[2m | src/mongodb-schema.part3.test.ts[2m > [22m[2mquery_cache schema[2m > [22m[2mquery_cache scope field uses SCOPE_ENUM
[22m[39m17:52:57.308 [memory:mongodb:schema] info: created collection test_files

[90mstdout[2m | src/mongodb-schema.part3.test.ts[2m > [22m[2mquery_cache schema[2m > [22m[2mquery_cache scope field uses SCOPE_ENUM
[22m[39m17:52:57.308 [memory:mongodb:schema] info: created collection test_meta

[90mstdout[2m | src/mongodb-schema.part3.test.ts[2m > [22m[2mquery_cache schema[2m > [22m[2mquery_cache scope field uses SCOPE_ENUM
[22m[39m17:52:57.308 [memory:mongodb:schema] info: created collection test_knowledge_base

[90mstdout[2m | src/mongodb-schema.part3.test.ts[2m > [22m[2mquery_cache schema[2m > [22m[2mquery_cache scope field uses SCOPE_ENUM
[22m[39m17:52:57.308 [memory:mongodb:schema] info: created collection test_kb_chunks

[90mstdout[2m | src/mongodb-schema.part3.test.ts[2m > [22m[2mquery_cache schema[2m > [22m[2mquery_cache scope field uses SCOPE_ENUM
[22m[39m17:52:57.308 [memory:mongodb:schema] info: created collection test_structured_mem

[90mstdout[2m | src/mongodb-schema.test.ts[2m > [22m[2mensureCollections[2m > [22m[2mcreates all collections when none exist, including both time series collections
[22m[39m17:52:57.308 [memory:mongodb:schema] info: applied schema validation to test_entity_links

[90mstdout[2m | src/mongodb-schema.test.ts[2m > [22m[2mensureCollections[2m > [22m[2mcreates all collections when none exist, including both time series collections
[22m[39m17:52:57.308 [memory:mongodb:schema] info: applied schema validation to test_episodes

[90mstdout[2m | src/mongodb-schema.test.ts[2m > [22m[2mensureCollections[2m > [22m[2mcreates all collections when none exist, including both time series collections
[22m[39m17:52:57.308 [memory:mongodb:schema] info: applied schema validation to test_ingest_runs

[90mstdout[2m | src/mongodb-schema.test.ts[2m > [22m[2mensureCollections[2m > [22m[2mcreates all collections when none exist, including both time series collections
[22m[39m17:52:57.308 [memory:mongodb:schema] info: applied schema validation to test_projection_runs

[90mstdout[2m | src/mongodb-schema.test.ts[2m > [22m[2mensureCollections[2m > [22m[2mcreates all collections when none exist, including both time series collections
[22m[39m17:52:57.308 [memory:mongodb:schema] info: applied schema validation to test_query_cache

[90mstdout[2m | src/mongodb-schema.test.ts[2m > [22m[2mensureCollections[2m > [22m[2mcreates all collections when none exist, including both time series collections
[22m[39m17:52:57.308 [memory:mongodb:schema] info: applied schema validation to test_memory_mutations

[90mstdout[2m | src/mongodb-schema.test.ts[2m > [22m[2mensureCollections[2m > [22m[2mcreates all collections when none exist, including both time series collections
[22m[39m17:52:57.308 [memory:mongodb:schema] info: applied schema validation to test_recall_traces

[90mstdout[2m | src/mongodb-schema.test.ts[2m > [22m[2mensureCollections[2m > [22m[2mcreates all collections when none exist, including both time series collections
[22m[39m17:52:57.308 [memory:mongodb:schema] info: applied schema validation to test_memory_jobs

[90mstdout[2m | src/mongodb-schema.test.ts[2m > [22m[2mensureCollections[2m > [22m[2mcreates all collections when none exist, including both time series collections
[22m[39m17:52:57.308 [memory:mongodb:schema] info: applied schema validation to test_memory_quarantine

[90mstdout[2m | src/mongodb-schema.test.ts[2m > [22m[2mensureCollections[2m > [22m[2mcreates all collections when none exist, including both time series collections
[22m[39m17:52:57.308 [memory:mongodb:schema] info: applied schema validation to test_files

[90mstdout[2m | src/mongodb-schema.part3.test.ts[2m > [22m[2mquery_cache schema[2m > [22m[2mquery_cache scope field uses SCOPE_ENUM
[22m[39m17:52:57.308 [memory:mongodb:schema] info: created collection test_structured_mem_revisions

[90mstdout[2m | src/mongodb-schema.part3.test.ts[2m > [22m[2mquery_cache schema[2m > [22m[2mquery_cache scope field uses SCOPE_ENUM
[22m[39m17:52:57.308 [memory:mongodb:schema] info: created collection test_procedures

[90mstdout[2m | src/mongodb-schema.part3.test.ts[2m > [22m[2mquery_cache schema[2m > [22m[2mquery_cache scope field uses SCOPE_ENUM
[22m[39m17:52:57.309 [memory:mongodb:schema] info: created collection test_procedure_revisions

[90mstdout[2m | src/mongodb-schema.part3.test.ts[2m > [22m[2mquery_cache schema[2m > [22m[2mquery_cache scope field uses SCOPE_ENUM
[22m[39m17:52:57.309 [memory:mongodb:schema] info: created collection test_relevance_runs

[90mstdout[2m | src/mongodb-schema.part3.test.ts[2m > [22m[2mquery_cache schema[2m > [22m[2mquery_cache scope field uses SCOPE_ENUM
[22m[39m17:52:57.309 [memory:mongodb:schema] info: created collection test_relevance_artifacts

[90mstdout[2m | src/mongodb-schema.part3.test.ts[2m > [22m[2mquery_cache schema[2m > [22m[2mquery_cache scope field uses SCOPE_ENUM
[22m[39m17:52:57.309 [memory:mongodb:schema] info: created collection test_relevance_regressions

[90mstdout[2m | src/mongodb-schema.part3.test.ts[2m > [22m[2mquery_cache schema[2m > [22m[2mquery_cache scope field uses SCOPE_ENUM
[22m[39m17:52:57.309 [memory:mongodb:schema] info: created collection test_events

[90mstdout[2m | src/mongodb-schema.part3.test.ts[2m > [22m[2mquery_cache schema[2m > [22m[2mquery_cache scope field uses SCOPE_ENUM
[22m[39m17:52:57.309 [memory:mongodb:schema] info: created collection test_entities

[90mstdout[2m | src/mongodb-schema.part3.test.ts[2m > [22m[2mquery_cache schema[2m > [22m[2mquery_cache scope field uses SCOPE_ENUM
[22m[39m17:52:57.309 [memory:mongodb:schema] info: created collection test_relations

[90mstdout[2m | src/mongodb-schema.part3.test.ts[2m > [22m[2mquery_cache schema[2m > [22m[2mquery_cache scope field uses SCOPE_ENUM
[22m[39m17:52:57.309 [memory:mongodb:schema] info: created collection test_entity_links

[90mstdout[2m | src/mongodb-schema.part3.test.ts[2m > [22m[2mquery_cache schema[2m > [22m[2mquery_cache scope field uses SCOPE_ENUM
[22m[39m17:52:57.309 [memory:mongodb:schema] info: created collection test_episodes

[90mstdout[2m | src/mongodb-schema.part3.test.ts[2m > [22m[2mquery_cache schema[2m > [22m[2mquery_cache scope field uses SCOPE_ENUM
[22m[39m17:52:57.309 [memory:mongodb:schema] info: created collection test_ingest_runs

[90mstdout[2m | src/mongodb-schema.part3.test.ts[2m > [22m[2mquery_cache schema[2m > [22m[2mquery_cache scope field uses SCOPE_ENUM
[22m[39m17:52:57.309 [memory:mongodb:schema] info: created collection test_projection_runs

[90mstdout[2m | src/mongodb-schema.test.ts[2m > [22m[2mensureCollections[2m > [22m[2mcreates memory_evidence only when the evidence mirror is enabled
[22m[39m17:52:57.310 [memory:mongodb:schema] info: created collection test_chunks

[90mstdout[2m | src/mongodb-schema.part3.test.ts[2m > [22m[2mquery_cache schema[2m > [22m[2mquery_cache scope field uses SCOPE_ENUM
[22m[39m17:52:57.309 [memory:mongodb:schema] info: created collection test_query_cache

[90mstdout[2m | src/mongodb-schema.test.ts[2m > [22m[2mensureCollections[2m > [22m[2mcreates memory_evidence only when the evidence mirror is enabled
[22m[39m17:52:57.310 [memory:mongodb:schema] info: created collection test_files

[90mstdout[2m | src/mongodb-schema.part3.test.ts[2m > [22m[2mquery_cache schema[2m > [22m[2mquery_cache scope field uses SCOPE_ENUM
[22m[39m17:52:57.310 [memory:mongodb:schema] info: created collection test_memory_mutations

[90mstdout[2m | src/mongodb-schema.part3.test.ts[2m > [22m[2mquery_cache schema[2m > [22m[2mquery_cache scope field uses SCOPE_ENUM
[22m[39m17:52:57.310 [memory:mongodb:schema] info: created collection test_lane_coverage

[90mstdout[2m | src/mongodb-schema.part3.test.ts[2m > [22m[2mquery_cache schema[2m > [22m[2mquery_cache scope field uses SCOPE_ENUM
[22m[39m17:52:57.310 [memory:mongodb:schema] info: created collection test_consolidation_runs

[90mstdout[2m | src/mongodb-schema.part3.test.ts[2m > [22m[2mquery_cache schema[2m > [22m[2mquery_cache scope field uses SCOPE_ENUM
[22m[39m17:52:57.310 [memory:mongodb:schema] info: created collection test_recall_traces

[90mstdout[2m | src/mongodb-schema.part3.test.ts[2m > [22m[2mquery_cache schema[2m > [22m[2mquery_cache scope field uses SCOPE_ENUM
[22m[39m17:52:57.310 [memory:mongodb:schema] info: created collection test_memory_jobs

[90mstdout[2m | src/mongodb-schema.part3.test.ts[2m > [22m[2mquery_cache schema[2m > [22m[2mquery_cache scope field uses SCOPE_ENUM
[22m[39m17:52:57.310 [memory:mongodb:schema] info: created collection test_session_chunks

[90mstdout[2m | src/mongodb-schema.part3.test.ts[2m > [22m[2mquery_cache schema[2m > [22m[2mquery_cache scope field uses SCOPE_ENUM
[22m[39m17:52:57.310 [memory:mongodb:schema] info: created collection test_memory_quarantine

[90mstdout[2m | src/mongodb-schema.part3.test.ts[2m > [22m[2mquery_cache schema[2m > [22m[2mquery_cache scope field uses SCOPE_ENUM
[22m[39m17:52:57.310 [memory:mongodb:schema] info: created time series collection test_memory_telemetry

[90mstdout[2m | src/mongodb-schema.part3.test.ts[2m > [22m[2mquery_cache schema[2m > [22m[2mquery_cache scope field uses SCOPE_ENUM
[22m[39m17:52:57.311 [memory:mongodb:schema] info: created telemetry collection test_memory_telemetry

[90mstdout[2m | src/mongodb-schema.part3.test.ts[2m > [22m[2mquery_cache schema[2m > [22m[2mquery_cache scope field uses SCOPE_ENUM
[22m[39m17:52:57.311 [memory:mongodb:schema] info: created time series collection test_access_events

[90mstdout[2m | src/mongodb-schema.part3.test.ts[2m > [22m[2mquery_cache schema[2m > [22m[2mquery_cache scope field uses SCOPE_ENUM
[22m[39m17:52:57.311 [memory:mongodb:schema] info: created access events collection test_access_events

[90mstdout[2m | src/mongodb-schema.part3.test.ts[2m > [22m[2mquery_cache schema[2m > [22m[2mquery_cache scope field uses SCOPE_ENUM
[22m[39m17:52:57.311 [memory:mongodb:schema] info: applied schema validation to test_chunks

[90mstdout[2m | src/mongodb-schema.part3.test.ts[2m > [22m[2mquery_cache schema[2m > [22m[2mquery_cache scope field uses SCOPE_ENUM
[22m[39m17:52:57.311 [memory:mongodb:schema] info: applied schema validation to test_knowledge_base

[90mstdout[2m | src/mongodb-schema.part3.test.ts[2m > [22m[2mquery_cache schema[2m > [22m[2mquery_cache scope field uses SCOPE_ENUM
[22m[39m17:52:57.311 [memory:mongodb:schema] info: applied schema validation to test_kb_chunks

[90mstdout[2m | src/mongodb-schema.part3.test.ts[2m > [22m[2mquery_cache schema[2m > [22m[2mquery_cache scope field uses SCOPE_ENUM
[22m[39m17:52:57.311 [memory:mongodb:schema] info: applied schema validation to test_structured_mem

[90mstdout[2m | src/mongodb-schema.part3.test.ts[2m > [22m[2mquery_cache schema[2m > [22m[2mquery_cache scope field uses SCOPE_ENUM
[22m[39m17:52:57.311 [memory:mongodb:schema] info: applied schema validation to test_structured_mem_revisions

[90mstdout[2m | src/mongodb-schema.part3.test.ts[2m > [22m[2mquery_cache schema[2m > [22m[2mquery_cache scope field uses SCOPE_ENUM
[22m[39m17:52:57.311 [memory:mongodb:schema] info: applied schema validation to test_procedures

[90mstdout[2m | src/mongodb-schema.part3.test.ts[2m > [22m[2mquery_cache schema[2m > [22m[2mquery_cache scope field uses SCOPE_ENUM
[22m[39m17:52:57.311 [memory:mongodb:schema] info: applied schema validation to test_procedure_revisions

[90mstdout[2m | src/mongodb-schema.part3.test.ts[2m > [22m[2mquery_cache schema[2m > [22m[2mquery_cache scope field uses SCOPE_ENUM
[22m[39m17:52:57.311 [memory:mongodb:schema] info: applied schema validation to test_relevance_runs

[90mstdout[2m | src/mongodb-schema.test.ts[2m > [22m[2mensureCollections[2m > [22m[2mcreates memory_evidence only when the evidence mirror is enabled
[22m[39m17:52:57.310 [memory:mongodb:schema] info: created collection test_meta

[90mstdout[2m | src/mongodb-schema.part3.test.ts[2m > [22m[2mquery_cache schema[2m > [22m[2mquery_cache scope field uses SCOPE_ENUM
[22m[39m17:52:57.311 [memory:mongodb:schema] info: applied schema validation to test_relevance_artifacts

[90mstdout[2m | src/mongodb-schema.part3.test.ts[2m > [22m[2mquery_cache schema[2m > [22m[2mquery_cache scope field uses SCOPE_ENUM
[22m[39m17:52:57.311 [memory:mongodb:schema] info: applied schema validation to test_relevance_regressions

[90mstdout[2m | src/mongodb-schema.part3.test.ts[2m > [22m[2mquery_cache schema[2m > [22m[2mquery_cache scope field uses SCOPE_ENUM
[22m[39m17:52:57.311 [memory:mongodb:schema] info: applied schema validation to test_events

[90mstdout[2m | src/mongodb-schema.part3.test.ts[2m > [22m[2mquery_cache schema[2m > [22m[2mquery_cache scope field uses SCOPE_ENUM
[22m[39m17:52:57.311 [memory:mongodb:schema] info: applied schema validation to test_entities

[90mstdout[2m | src/mongodb-schema.test.ts[2m > [22m[2mensureCollections[2m > [22m[2mcreates memory_evidence only when the evidence mirror is enabled
[22m[39m17:52:57.311 [memory:mongodb:schema] info: created collection test_knowledge_base

[90mstdout[2m | src/mongodb-schema.part3.test.ts[2m > [22m[2mquery_cache schema[2m > [22m[2mquery_cache scope field uses SCOPE_ENUM
[22m[39m17:52:57.311 [memory:mongodb:schema] info: applied schema validation to test_relations

[90mstdout[2m | src/mongodb-schema.part3.test.ts[2m > [22m[2mquery_cache schema[2m > [22m[2mquery_cache scope field uses SCOPE_ENUM
[22m[39m17:52:57.311 [memory:mongodb:schema] info: applied schema validation to test_entity_links

[90mstdout[2m | src/mongodb-schema.test.ts[2m > [22m[2mensureCollections[2m > [22m[2mcreates memory_evidence only when the evidence mirror is enabled
[22m[39m17:52:57.311 [memory:mongodb:schema] info: created collection test_kb_chunks

[90mstdout[2m | src/mongodb-schema.part3.test.ts[2m > [22m[2mquery_cache schema[2m > [22m[2mquery_cache scope field uses SCOPE_ENUM
[22m[39m17:52:57.311 [memory:mongodb:schema] info: applied schema validation to test_episodes

[90mstdout[2m | src/mongodb-schema.part3.test.ts[2m > [22m[2mquery_cache schema[2m > [22m[2mquery_cache scope field uses SCOPE_ENUM
[22m[39m17:52:57.311 [memory:mongodb:schema] info: applied schema validation to test_ingest_runs

[90mstdout[2m | src/mongodb-schema.part3.test.ts[2m > [22m[2mquery_cache schema[2m > [22m[2mquery_cache scope field uses SCOPE_ENUM
[22m[39m17:52:57.311 [memory:mongodb:schema] info: applied schema validation to test_projection_runs

[90mstdout[2m | src/mongodb-schema.part3.test.ts[2m > [22m[2mquery_cache schema[2m > [22m[2mquery_cache scope field uses SCOPE_ENUM
[22m[39m17:52:57.311 [memory:mongodb:schema] info: applied schema validation to test_query_cache

[90mstdout[2m | src/mongodb-schema.part3.test.ts[2m > [22m[2mquery_cache schema[2m > [22m[2mquery_cache scope field uses SCOPE_ENUM
[22m[39m17:52:57.311 [memory:mongodb:schema] info: applied schema validation to test_memory_mutations

[90mstdout[2m | src/mongodb-schema.test.ts[2m > [22m[2mensureCollections[2m > [22m[2mcreates memory_evidence only when the evidence mirror is enabled
[22m[39m17:52:57.311 [memory:mongodb:schema] info: created collection test_structured_mem

[90mstdout[2m | src/mongodb-schema.part3.test.ts[2m > [22m[2mquery_cache schema[2m > [22m[2mquery_cache scope field uses SCOPE_ENUM
[22m[39m17:52:57.311 [memory:mongodb:schema] info: applied schema validation to test_recall_traces

[90mstdout[2m | src/mongodb-schema.part3.test.ts[2m > [22m[2mquery_cache schema[2m > [22m[2mquery_cache scope field uses SCOPE_ENUM
[22m[39m17:52:57.311 [memory:mongodb:schema] info: applied schema validation to test_memory_jobs

[90mstdout[2m | src/mongodb-schema.part3.test.ts[2m > [22m[2mquery_cache schema[2m > [22m[2mquery_cache scope field uses SCOPE_ENUM
[22m[39m17:52:57.311 [memory:mongodb:schema] info: applied schema validation to test_memory_quarantine

[90mstdout[2m | src/mongodb-schema.part3.test.ts[2m > [22m[2mquery_cache schema[2m > [22m[2mquery_cache scope field uses SCOPE_ENUM
[22m[39m17:52:57.311 [memory:mongodb:schema] info: applied schema validation to test_files

[90mstdout[2m | src/mongodb-schema.test.ts[2m > [22m[2mensureCollections[2m > [22m[2mcreates memory_evidence only when the evidence mirror is enabled
[22m[39m17:52:57.311 [memory:mongodb:schema] info: created collection test_structured_mem_revisions

[90mstdout[2m | src/mongodb-schema.test.ts[2m > [22m[2mensureCollections[2m > [22m[2mcreates memory_evidence only when the evidence mirror is enabled
[22m[39m17:52:57.311 [memory:mongodb:schema] info: created collection test_procedures

[90mstdout[2m | src/mongodb-schema.test.ts[2m > [22m[2mensureCollections[2m > [22m[2mcreates memory_evidence only when the evidence mirror is enabled
[22m[39m17:52:57.311 [memory:mongodb:schema] info: created collection test_procedure_revisions

[90mstdout[2m | src/mongodb-schema.test.ts[2m > [22m[2mensureCollections[2m > [22m[2mcreates memory_evidence only when the evidence mirror is enabled
[22m[39m17:52:57.312 [memory:mongodb:schema] info: created collection test_relevance_runs

[90mstdout[2m | src/mongodb-schema.test.ts[2m > [22m[2mensureCollections[2m > [22m[2mcreates memory_evidence only when the evidence mirror is enabled
[22m[39m17:52:57.312 [memory:mongodb:schema] info: created collection test_relevance_artifacts

[90mstdout[2m | src/mongodb-schema.test.ts[2m > [22m[2mensureCollections[2m > [22m[2mcreates memory_evidence only when the evidence mirror is enabled
[22m[39m17:52:57.312 [memory:mongodb:schema] info: created collection test_relevance_regressions

[90mstdout[2m | src/mongodb-schema.test.ts[2m > [22m[2mensureCollections[2m > [22m[2mcreates memory_evidence only when the evidence mirror is enabled
[22m[39m17:52:57.312 [memory:mongodb:schema] info: created collection test_events

[90mstdout[2m | src/mongodb-schema.test.ts[2m > [22m[2mensureCollections[2m > [22m[2mcreates memory_evidence only when the evidence mirror is enabled
[22m[39m17:52:57.312 [memory:mongodb:schema] info: created collection test_entities

[90mstdout[2m | src/mongodb-schema.test.ts[2m > [22m[2mensureCollections[2m > [22m[2mcreates memory_evidence only when the evidence mirror is enabled
[22m[39m17:52:57.312 [memory:mongodb:schema] info: created collection test_relations

[90mstdout[2m | src/mongodb-schema.test.ts[2m > [22m[2mensureCollections[2m > [22m[2mcreates memory_evidence only when the evidence mirror is enabled
[22m[39m17:52:57.312 [memory:mongodb:schema] info: created collection test_entity_links

[90mstdout[2m | src/mongodb-schema.test.ts[2m > [22m[2mensureCollections[2m > [22m[2mcreates memory_evidence only when the evidence mirror is enabled
[22m[39m17:52:57.312 [memory:mongodb:schema] info: created collection test_episodes

[90mstdout[2m | src/mongodb-schema.test.ts[2m > [22m[2mensureCollections[2m > [22m[2mcreates memory_evidence only when the evidence mirror is enabled
[22m[39m17:52:57.312 [memory:mongodb:schema] info: created collection test_ingest_runs

[90mstdout[2m | src/mongodb-schema.test.ts[2m > [22m[2mensureCollections[2m > [22m[2mcreates memory_evidence only when the evidence mirror is enabled
[22m[39m17:52:57.312 [memory:mongodb:schema] info: created collection test_projection_runs

[90mstdout[2m | src/mongodb-schema.test.ts[2m > [22m[2mensureCollections[2m > [22m[2mcreates memory_evidence only when the evidence mirror is enabled
[22m[39m17:52:57.312 [memory:mongodb:schema] info: created collection test_query_cache

[90mstdout[2m | src/mongodb-schema.test.ts[2m > [22m[2mensureCollections[2m > [22m[2mcreates memory_evidence only when the evidence mirror is enabled
[22m[39m17:52:57.312 [memory:mongodb:schema] info: created collection test_memory_mutations

[90mstdout[2m | src/mongodb-schema.test.ts[2m > [22m[2mensureCollections[2m > [22m[2mcreates memory_evidence only when the evidence mirror is enabled
[22m[39m17:52:57.312 [memory:mongodb:schema] info: created collection test_lane_coverage

[90mstdout[2m | src/mongodb-schema.test.ts[2m > [22m[2mensureCollections[2m > [22m[2mcreates memory_evidence only when the evidence mirror is enabled
[22m[39m17:52:57.312 [memory:mongodb:schema] info: created collection test_consolidation_runs

[90mstdout[2m | src/mongodb-schema.part3.test.ts[2m > [22m[2mquery_cache schema[2m > [22m[2mquery_cache hitCount has minimum 0
[22m[39m17:52:57.312 [memory:mongodb:schema] info: created collection test_chunks

[90mstdout[2m | src/mongodb-schema.part3.test.ts[2m > [22m[2mquery_cache schema[2m > [22m[2mquery_cache hitCount has minimum 0
[22m[39m17:52:57.312 [memory:mongodb:schema] info: created collection test_files

[90mstdout[2m | src/mongodb-schema.part3.test.ts[2m > [22m[2mquery_cache schema[2m > [22m[2mquery_cache hitCount has minimum 0
[22m[39m17:52:57.312 [memory:mongodb:schema] info: created collection test_meta

[90mstdout[2m | src/mongodb-schema.part3.test.ts[2m > [22m[2mquery_cache schema[2m > [22m[2mquery_cache hitCount has minimum 0
[22m[39m17:52:57.312 [memory:mongodb:schema] info: created collection test_knowledge_base

[90mstdout[2m | src/mongodb-schema.part3.test.ts[2m > [22m[2mquery_cache schema[2m > [22m[2mquery_cache hitCount has minimum 0
[22m[39m17:52:57.312 [memory:mongodb:schema] info: created collection test_kb_chunks

[90mstdout[2m | src/mongodb-schema.part3.test.ts[2m > [22m[2mquery_cache schema[2m > [22m[2mquery_cache hitCount has minimum 0
[22m[39m17:52:57.312 [memory:mongodb:schema] info: created collection test_structured_mem

[90mstdout[2m | src/mongodb-schema.part3.test.ts[2m > [22m[2mquery_cache schema[2m > [22m[2mquery_cache hitCount has minimum 0
[22m[39m17:52:57.312 [memory:mongodb:schema] info: created collection test_structured_mem_revisions

[90mstdout[2m | src/mongodb-schema.test.ts[2m > [22m[2mensureCollections[2m > [22m[2mcreates memory_evidence only when the evidence mirror is enabled
[22m[39m17:52:57.312 [memory:mongodb:schema] info: created collection test_recall_traces

[90mstdout[2m | src/mongodb-schema.test.ts[2m > [22m[2mensureCollections[2m > [22m[2mcreates memory_evidence only when the evidence mirror is enabled
[22m[39m17:52:57.312 [memory:mongodb:schema] info: created collection test_memory_jobs

[90mstdout[2m | src/mongodb-schema.test.ts[2m > [22m[2mensureCollections[2m > [22m[2mcreates memory_evidence only when the evidence mirror is enabled
[22m[39m17:52:57.312 [memory:mongodb:schema] info: created collection test_session_chunks

[90mstdout[2m | src/mongodb-schema.test.ts[2m > [22m[2mensureCollections[2m > [22m[2mcreates memory_evidence only when the evidence mirror is enabled
[22m[39m17:52:57.312 [memory:mongodb:schema] info: created collection test_memory_quarantine

[90mstdout[2m | src/mongodb-schema.part3.test.ts[2m > [22m[2mquery_cache schema[2m > [22m[2mquery_cache hitCount has minimum 0
[22m[39m17:52:57.312 [memory:mongodb:schema] info: created collection test_procedures

[90mstdout[2m | src/mongodb-schema.part3.test.ts[2m > [22m[2mquery_cache schema[2m > [22m[2mquery_cache hitCount has minimum 0
[22m[39m17:52:57.312 [memory:mongodb:schema] info: created collection test_procedure_revisions

[90mstdout[2m | src/mongodb-schema.part3.test.ts[2m > [22m[2mquery_cache schema[2m > [22m[2mquery_cache hitCount has minimum 0
[22m[39m17:52:57.312 [memory:mongodb:schema] info: created collection test_relevance_runs

[90mstdout[2m | src/mongodb-schema.part3.test.ts[2m > [22m[2mquery_cache schema[2m > [22m[2mquery_cache hitCount has minimum 0
[22m[39m17:52:57.312 [memory:mongodb:schema] info: created collection test_relevance_artifacts

[90mstdout[2m | src/mongodb-schema.test.ts[2m > [22m[2mensureCollections[2m > [22m[2mcreates memory_evidence only when the evidence mirror is enabled
[22m[39m17:52:57.312 [memory:mongodb:schema] info: created collection test_memory_evidence

[90mstdout[2m | src/mongodb-schema.part3.test.ts[2m > [22m[2mquery_cache schema[2m > [22m[2mquery_cache hitCount has minimum 0
[22m[39m17:52:57.312 [memory:mongodb:schema] info: created collection test_relevance_regressions

[90mstdout[2m | src/mongodb-schema.part3.test.ts[2m > [22m[2mquery_cache schema[2m > [22m[2mquery_cache hitCount has minimum 0
[22m[39m17:52:57.313 [memory:mongodb:schema] info: created collection test_events

[90mstdout[2m | src/mongodb-schema.part3.test.ts[2m > [22m[2mquery_cache schema[2m > [22m[2mquery_cache hitCount has minimum 0
[22m[39m17:52:57.313 [memory:mongodb:schema] info: created collection test_entities

[90mstdout[2m | src/mongodb-schema.test.ts[2m > [22m[2mensureCollections[2m > [22m[2mcreates memory_evidence only when the evidence mirror is enabled
[22m[39m17:52:57.313 [memory:mongodb:schema] info: created time series collection test_memory_telemetry

[90mstdout[2m | src/mongodb-schema.test.ts[2m > [22m[2mensureCollections[2m > [22m[2mcreates memory_evidence only when the evidence mirror is enabled
[22m[39m17:52:57.313 [memory:mongodb:schema] info: created telemetry collection test_memory_telemetry

[90mstdout[2m | src/mongodb-schema.test.ts[2m > [22m[2mensureCollections[2m > [22m[2mcreates memory_evidence only when the evidence mirror is enabled
[22m[39m17:52:57.313 [memory:mongodb:schema] info: created time series collection test_access_events

[90mstdout[2m | src/mongodb-schema.test.ts[2m > [22m[2mensureCollections[2m > [22m[2mcreates memory_evidence only when the evidence mirror is enabled
[22m[39m17:52:57.313 [memory:mongodb:schema] info: created access events collection test_access_events

[90mstdout[2m | src/mongodb-schema.test.ts[2m > [22m[2mensureCollections[2m > [22m[2mcreates memory_evidence only when the evidence mirror is enabled
[22m[39m17:52:57.313 [memory:mongodb:schema] info: applied schema validation to test_chunks

[90mstdout[2m | src/mongodb-schema.test.ts[2m > [22m[2mensureCollections[2m > [22m[2mcreates memory_evidence only when the evidence mirror is enabled
[22m[39m17:52:57.313 [memory:mongodb:schema] info: applied schema validation to test_knowledge_base

[90mstdout[2m | src/mongodb-schema.test.ts[2m > [22m[2mensureCollections[2m > [22m[2mcreates memory_evidence only when the evidence mirror is enabled
[22m[39m17:52:57.313 [memory:mongodb:schema] info: applied schema validation to test_kb_chunks

[90mstdout[2m | src/mongodb-schema.test.ts[2m > [22m[2mensureCollections[2m > [22m[2mcreates memory_evidence only when the evidence mirror is enabled
[22m[39m17:52:57.313 [memory:mongodb:schema] info: applied schema validation to test_structured_mem

[90mstdout[2m | src/mongodb-schema.test.ts[2m > [22m[2mensureCollections[2m > [22m[2mcreates memory_evidence only when the evidence mirror is enabled
[22m[39m17:52:57.313 [memory:mongodb:schema] info: applied schema validation to test_structured_mem_revisions

[90mstdout[2m | src/mongodb-schema.test.ts[2m > [22m[2mensureCollections[2m > [22m[2mcreates memory_evidence only when the evidence mirror is enabled
[22m[39m17:52:57.313 [memory:mongodb:schema] info: applied schema validation to test_procedures

[90mstdout[2m | src/mongodb-schema.test.ts[2m > [22m[2mensureCollections[2m > [22m[2mcreates memory_evidence only when the evidence mirror is enabled
[22m[39m17:52:57.313 [memory:mongodb:schema] info: applied schema validation to test_procedure_revisions

[90mstdout[2m | src/mongodb-schema.part3.test.ts[2m > [22m[2mquery_cache schema[2m > [22m[2mquery_cache hitCount has minimum 0
[22m[39m17:52:57.313 [memory:mongodb:schema] info: created collection test_relations

[90mstdout[2m | src/mongodb-schema.part3.test.ts[2m > [22m[2mquery_cache schema[2m > [22m[2mquery_cache hitCount has minimum 0
[22m[39m17:52:57.313 [memory:mongodb:schema] info: created collection test_entity_links

[90mstdout[2m | src/mongodb-schema.part3.test.ts[2m > [22m[2mquery_cache schema[2m > [22m[2mquery_cache hitCount has minimum 0
[22m[39m17:52:57.313 [memory:mongodb:schema] info: created collection test_episodes

[90mstdout[2m | src/mongodb-schema.part3.test.ts[2m > [22m[2mquery_cache schema[2m > [22m[2mquery_cache hitCount has minimum 0
[22m[39m17:52:57.313 [memory:mongodb:schema] info: created collection test_ingest_runs

[90mstdout[2m | src/mongodb-schema.part3.test.ts[2m > [22m[2mquery_cache schema[2m > [22m[2mquery_cache hitCount has minimum 0
[22m[39m17:52:57.313 [memory:mongodb:schema] info: created collection test_projection_runs

[90mstdout[2m | src/mongodb-schema.part3.test.ts[2m > [22m[2mquery_cache schema[2m > [22m[2mquery_cache hitCount has minimum 0
[22m[39m17:52:57.313 [memory:mongodb:schema] info: created collection test_query_cache

[90mstdout[2m | src/mongodb-schema.part3.test.ts[2m > [22m[2mquery_cache schema[2m > [22m[2mquery_cache hitCount has minimum 0
[22m[39m17:52:57.313 [memory:mongodb:schema] info: created collection test_memory_mutations

[90mstdout[2m | src/mongodb-schema.part3.test.ts[2m > [22m[2mquery_cache schema[2m > [22m[2mquery_cache hitCount has minimum 0
[22m[39m17:52:57.313 [memory:mongodb:schema] info: created collection test_lane_coverage

[90mstdout[2m | src/mongodb-schema.part3.test.ts[2m > [22m[2mquery_cache schema[2m > [22m[2mquery_cache hitCount has minimum 0
[22m[39m17:52:57.313 [memory:mongodb:schema] info: created collection test_consolidation_runs

[90mstdout[2m | src/mongodb-schema.part3.test.ts[2m > [22m[2mquery_cache schema[2m > [22m[2mquery_cache hitCount has minimum 0
[22m[39m17:52:57.313 [memory:mongodb:schema] info: created collection test_recall_traces

[90mstdout[2m | src/mongodb-schema.part3.test.ts[2m > [22m[2mquery_cache schema[2m > [22m[2mquery_cache hitCount has minimum 0
[22m[39m17:52:57.313 [memory:mongodb:schema] info: created collection test_memory_jobs

[90mstdout[2m | src/mongodb-schema.part3.test.ts[2m > [22m[2mquery_cache schema[2m > [22m[2mquery_cache hitCount has minimum 0
[22m[39m17:52:57.313 [memory:mongodb:schema] info: created collection test_session_chunks

[90mstdout[2m | src/mongodb-schema.test.ts[2m > [22m[2mensureCollections[2m > [22m[2mcreates memory_evidence only when the evidence mirror is enabled
[22m[39m17:52:57.313 [memory:mongodb:schema] info: applied schema validation to test_relevance_runs

[90mstdout[2m | src/mongodb-schema.test.ts[2m > [22m[2mensureCollections[2m > [22m[2mcreates memory_evidence only when the evidence mirror is enabled
[22m[39m17:52:57.313 [memory:mongodb:schema] info: applied schema validation to test_relevance_artifacts

[90mstdout[2m | src/mongodb-schema.test.ts[2m > [22m[2mensureCollections[2m > [22m[2mcreates memory_evidence only when the evidence mirror is enabled
[22m[39m17:52:57.313 [memory:mongodb:schema] info: applied schema validation to test_relevance_regressions

[90mstdout[2m | src/mongodb-schema.test.ts[2m > [22m[2mensureCollections[2m > [22m[2mcreates memory_evidence only when the evidence mirror is enabled
[22m[39m17:52:57.313 [memory:mongodb:schema] info: applied schema validation to test_events

[90mstdout[2m | src/mongodb-schema.test.ts[2m > [22m[2mensureCollections[2m > [22m[2mcreates memory_evidence only when the evidence mirror is enabled
[22m[39m17:52:57.313 [memory:mongodb:schema] info: applied schema validation to test_entities

[90mstdout[2m | src/mongodb-schema.test.ts[2m > [22m[2mensureCollections[2m > [22m[2mcreates memory_evidence only when the evidence mirror is enabled
[22m[39m17:52:57.313 [memory:mongodb:schema] info: applied schema validation to test_relations

[90mstdout[2m | src/mongodb-schema.test.ts[2m > [22m[2mensureCollections[2m > [22m[2mcreates memory_evidence only when the evidence mirror is enabled
[22m[39m17:52:57.313 [memory:mongodb:schema] info: applied schema validation to test_entity_links

[90mstdout[2m | src/mongodb-schema.test.ts[2m > [22m[2mensureCollections[2m > [22m[2mcreates memory_evidence only when the evidence mirror is enabled
[22m[39m17:52:57.313 [memory:mongodb:schema] info: applied schema validation to test_episodes

[90mstdout[2m | src/mongodb-schema.test.ts[2m > [22m[2mensureCollections[2m > [22m[2mcreates memory_evidence only when the evidence mirror is enabled
[22m[39m17:52:57.314 [memory:mongodb:schema] info: applied schema validation to test_ingest_runs

[90mstdout[2m | src/mongodb-schema.test.ts[2m > [22m[2mensureCollections[2m > [22m[2mcreates memory_evidence only when the evidence mirror is enabled
[22m[39m17:52:57.314 [memory:mongodb:schema] info: applied schema validation to test_projection_runs

[90mstdout[2m | src/mongodb-schema.test.ts[2m > [22m[2mensureCollections[2m > [22m[2mcreates memory_evidence only when the evidence mirror is enabled
[22m[39m17:52:57.314 [memory:mongodb:schema] info: applied schema validation to test_query_cache

[90mstdout[2m | src/mongodb-schema.test.ts[2m > [22m[2mensureCollections[2m > [22m[2mcreates memory_evidence only when the evidence mirror is enabled
[22m[39m17:52:57.314 [memory:mongodb:schema] info: applied schema validation to test_memory_mutations

[90mstdout[2m | src/mongodb-schema.test.ts[2m > [22m[2mensureCollections[2m > [22m[2mcreates memory_evidence only when the evidence mirror is enabled
[22m[39m17:52:57.314 [memory:mongodb:schema] info: applied schema validation to test_recall_traces

[90mstdout[2m | src/mongodb-schema.test.ts[2m > [22m[2mensureCollections[2m > [22m[2mcreates memory_evidence only when the evidence mirror is enabled
[22m[39m17:52:57.314 [memory:mongodb:schema] info: applied schema validation to test_memory_jobs

[90mstdout[2m | src/mongodb-schema.test.ts[2m > [22m[2mensureCollections[2m > [22m[2mcreates memory_evidence only when the evidence mirror is enabled
[22m[39m17:52:57.314 [memory:mongodb:schema] info: applied schema validation to test_memory_quarantine

[90mstdout[2m | src/mongodb-schema.test.ts[2m > [22m[2mensureCollections[2m > [22m[2mcreates memory_evidence only when the evidence mirror is enabled
[22m[39m17:52:57.314 [memory:mongodb:schema] info: applied schema validation to test_memory_evidence

[90mstdout[2m | src/mongodb-schema.test.ts[2m > [22m[2mensureCollections[2m > [22m[2mcreates memory_evidence only when the evidence mirror is enabled
[22m[39m17:52:57.314 [memory:mongodb:schema] info: applied schema validation to test_files

[90mstdout[2m | src/mongodb-schema.part3.test.ts[2m > [22m[2mquery_cache schema[2m > [22m[2mquery_cache hitCount has minimum 0
[22m[39m17:52:57.313 [memory:mongodb:schema] info: created collection test_memory_quarantine

[90mstdout[2m | src/mongodb-schema.part3.test.ts[2m > [22m[2mquery_cache schema[2m > [22m[2mquery_cache hitCount has minimum 0
[22m[39m17:52:57.314 [memory:mongodb:schema] info: created time series collection test_memory_telemetry

[90mstdout[2m | src/mongodb-schema.part3.test.ts[2m > [22m[2mquery_cache schema[2m > [22m[2mquery_cache hitCount has minimum 0
[22m[39m17:52:57.314 [memory:mongodb:schema] info: created telemetry collection test_memory_telemetry

[90mstdout[2m | src/mongodb-schema.part3.test.ts[2m > [22m[2mquery_cache schema[2m > [22m[2mquery_cache hitCount has minimum 0
[22m[39m17:52:57.314 [memory:mongodb:schema] info: created time series collection test_access_events

[90mstdout[2m | src/mongodb-schema.part3.test.ts[2m > [22m[2mquery_cache schema[2m > [22m[2mquery_cache hitCount has minimum 0
[22m[39m17:52:57.314 [memory:mongodb:schema] info: created access events collection test_access_events

[90mstdout[2m | src/mongodb-schema.part3.test.ts[2m > [22m[2mquery_cache schema[2m > [22m[2mquery_cache hitCount has minimum 0
[22m[39m17:52:57.314 [memory:mongodb:schema] info: applied schema validation to test_chunks

[90mstdout[2m | src/mongodb-schema.part3.test.ts[2m > [22m[2mquery_cache schema[2m > [22m[2mquery_cache hitCount has minimum 0
[22m[39m17:52:57.314 [memory:mongodb:schema] info: applied schema validation to test_knowledge_base

[90mstdout[2m | src/mongodb-schema.part3.test.ts[2m > [22m[2mquery_cache schema[2m > [22m[2mquery_cache hitCount has minimum 0
[22m[39m17:52:57.314 [memory:mongodb:schema] info: applied schema validation to test_kb_chunks

[90mstdout[2m | src/mongodb-schema.part3.test.ts[2m > [22m[2mquery_cache schema[2m > [22m[2mquery_cache hitCount has minimum 0
[22m[39m17:52:57.314 [memory:mongodb:schema] info: applied schema validation to test_structured_mem

[90mstdout[2m | src/mongodb-schema.part3.test.ts[2m > [22m[2mquery_cache schema[2m > [22m[2mquery_cache hitCount has minimum 0
[22m[39m17:52:57.314 [memory:mongodb:schema] info: applied schema validation to test_structured_mem_revisions

[90mstdout[2m | src/mongodb-schema.part3.test.ts[2m > [22m[2mquery_cache schema[2m > [22m[2mquery_cache hitCount has minimum 0
[22m[39m17:52:57.314 [memory:mongodb:schema] info: applied schema validation to test_procedures

[90mstdout[2m | src/mongodb-schema.part3.test.ts[2m > [22m[2mquery_cache schema[2m > [22m[2mquery_cache hitCount has minimum 0
[22m[39m17:52:57.314 [memory:mongodb:schema] info: applied schema validation to test_procedure_revisions

[90mstdout[2m | src/mongodb-schema.part3.test.ts[2m > [22m[2mquery_cache schema[2m > [22m[2mquery_cache hitCount has minimum 0
[22m[39m17:52:57.314 [memory:mongodb:schema] info: applied schema validation to test_relevance_runs

[90mstdout[2m | src/mongodb-schema.part3.test.ts[2m > [22m[2mquery_cache schema[2m > [22m[2mquery_cache hitCount has minimum 0
[22m[39m17:52:57.314 [memory:mongodb:schema] info: applied schema validation to test_relevance_artifacts

[90mstdout[2m | src/mongodb-schema.part3.test.ts[2m > [22m[2mquery_cache schema[2m > [22m[2mquery_cache hitCount has minimum 0
[22m[39m17:52:57.314 [memory:mongodb:schema] info: applied schema validation to test_relevance_regressions

[90mstdout[2m | src/mongodb-schema.part3.test.ts[2m > [22m[2mquery_cache schema[2m > [22m[2mquery_cache hitCount has minimum 0
[22m[39m17:52:57.314 [memory:mongodb:schema] info: applied schema validation to test_events

[90mstdout[2m | src/mongodb-schema.part3.test.ts[2m > [22m[2mquery_cache schema[2m > [22m[2mquery_cache hitCount has minimum 0
[22m[39m17:52:57.314 [memory:mongodb:schema] info: applied schema validation to test_entities

[90mstdout[2m | src/mongodb-schema.part3.test.ts[2m > [22m[2mquery_cache schema[2m > [22m[2mquery_cache hitCount has minimum 0
[22m[39m17:52:57.314 [memory:mongodb:schema] info: applied schema validation to test_relations

[90mstdout[2m | src/mongodb-schema.part3.test.ts[2m > [22m[2mquery_cache schema[2m > [22m[2mquery_cache hitCount has minimum 0
[22m[39m17:52:57.314 [memory:mongodb:schema] info: applied schema validation to test_entity_links

[90mstdout[2m | src/mongodb-schema.part3.test.ts[2m > [22m[2mquery_cache schema[2m > [22m[2mquery_cache hitCount has minimum 0
[22m[39m17:52:57.314 [memory:mongodb:schema] info: applied schema validation to test_episodes

[90mstdout[2m | src/mongodb-schema.test.ts[2m > [22m[2mensureCollections[2m > [22m[2mdoes not refresh memory_evidence validation when the evidence mirror is disabled
[22m[39m17:52:57.314 [memory:mongodb:schema] info: created collection test_chunks

[90mstdout[2m | src/mongodb-schema.test.ts[2m > [22m[2mensureCollections[2m > [22m[2mdoes not refresh memory_evidence validation when the evidence mirror is disabled
[22m[39m17:52:57.314 [memory:mongodb:schema] info: created collection test_files

[90mstdout[2m | src/mongodb-schema.part3.test.ts[2m > [22m[2mquery_cache schema[2m > [22m[2mquery_cache hitCount has minimum 0
[22m[39m17:52:57.315 [memory:mongodb:schema] info: applied schema validation to test_ingest_runs

[90mstdout[2m | src/mongodb-schema.part3.test.ts[2m > [22m[2mquery_cache schema[2m > [22m[2mquery_cache hitCount has minimum 0
[22m[39m17:52:57.315 [memory:mongodb:schema] info: applied schema validation to test_projection_runs

[90mstdout[2m | src/mongodb-schema.part3.test.ts[2m > [22m[2mquery_cache schema[2m > [22m[2mquery_cache hitCount has minimum 0
[22m[39m17:52:57.315 [memory:mongodb:schema] info: applied schema validation to test_query_cache

[90mstdout[2m | src/mongodb-schema.part3.test.ts[2m > [22m[2mquery_cache schema[2m > [22m[2mquery_cache hitCount has minimum 0
[22m[39m17:52:57.315 [memory:mongodb:schema] info: applied schema validation to test_memory_mutations

[90mstdout[2m | src/mongodb-schema.part3.test.ts[2m > [22m[2mquery_cache schema[2m > [22m[2mquery_cache hitCount has minimum 0
[22m[39m17:52:57.315 [memory:mongodb:schema] info: applied schema validation to test_recall_traces

[90mstdout[2m | src/mongodb-schema.part3.test.ts[2m > [22m[2mquery_cache schema[2m > [22m[2mquery_cache hitCount has minimum 0
[22m[39m17:52:57.315 [memory:mongodb:schema] info: applied schema validation to test_memory_jobs

[90mstdout[2m | src/mongodb-schema.test.ts[2m > [22m[2mensureCollections[2m > [22m[2mdoes not refresh memory_evidence validation when the evidence mirror is disabled
[22m[39m17:52:57.315 [memory:mongodb:schema] info: created collection test_meta

[90mstdout[2m | src/mongodb-schema.part3.test.ts[2m > [22m[2mquery_cache schema[2m > [22m[2mquery_cache hitCount has minimum 0
[22m[39m17:52:57.315 [memory:mongodb:schema] info: applied schema validation to test_memory_quarantine

[90mstdout[2m | src/mongodb-schema.part3.test.ts[2m > [22m[2mquery_cache schema[2m > [22m[2mquery_cache hitCount has minimum 0
[22m[39m17:52:57.315 [memory:mongodb:schema] info: applied schema validation to test_files

[90mstdout[2m | src/mongodb-schema.test.ts[2m > [22m[2mensureCollections[2m > [22m[2mdoes not refresh memory_evidence validation when the evidence mirror is disabled
[22m[39m17:52:57.315 [memory:mongodb:schema] info: created collection test_knowledge_base

[90mstdout[2m | src/mongodb-schema.test.ts[2m > [22m[2mensureCollections[2m > [22m[2mdoes not refresh memory_evidence validation when the evidence mirror is disabled
[22m[39m17:52:57.316 [memory:mongodb:schema] info: created collection test_kb_chunks

[90mstdout[2m | src/mongodb-schema.test.ts[2m > [22m[2mensureCollections[2m > [22m[2mdoes not refresh memory_evidence validation when the evidence mirror is disabled
[22m[39m17:52:57.316 [memory:mongodb:schema] info: created collection test_structured_mem

[90mstdout[2m | src/mongodb-schema.test.ts[2m > [22m[2mensureCollections[2m > [22m[2mdoes not refresh memory_evidence validation when the evidence mirror is disabled
[22m[39m17:52:57.316 [memory:mongodb:schema] info: created collection test_structured_mem_revisions

[90mstdout[2m | src/mongodb-schema.test.ts[2m > [22m[2mensureCollections[2m > [22m[2mdoes not refresh memory_evidence validation when the evidence mirror is disabled
[22m[39m17:52:57.316 [memory:mongodb:schema] info: created collection test_procedures

[90mstdout[2m | src/mongodb-schema.test.ts[2m > [22m[2mensureCollections[2m > [22m[2mdoes not refresh memory_evidence validation when the evidence mirror is disabled
[22m[39m17:52:57.317 [memory:mongodb:schema] info: created collection test_procedure_revisions

[90mstdout[2m | src/mongodb-schema.part3.test.ts[2m > [22m[2mquery_cache standard indexes[2m > [22m[2mcreates unique compound index on (queryHash, agentId, scope, scopeRef)
[22m[39m17:52:57.318 [memory:mongodb:schema] info: ensured 42 standard indexes

[90mstdout[2m | src/mongodb-schema.test.ts[2m > [22m[2mensureCollections[2m > [22m[2mdoes not refresh memory_evidence validation when the evidence mirror is disabled
[22m[39m17:52:57.317 [memory:mongodb:schema] info: created collection test_relevance_runs

[90mstdout[2m | src/mongodb-schema.test.ts[2m > [22m[2mensureCollections[2m > [22m[2mdoes not refresh memory_evidence validation when the evidence mirror is disabled
[22m[39m17:52:57.319 [memory:mongodb:schema] info: created collection test_relevance_artifacts

[90mstdout[2m | src/mongodb-schema.test.ts[2m > [22m[2mensureCollections[2m > [22m[2mdoes not refresh memory_evidence validation when the evidence mirror is disabled
[22m[39m17:52:57.319 [memory:mongodb:schema] info: created collection test_relevance_regressions

[90mstdout[2m | src/mongodb-schema.test.ts[2m > [22m[2mensureCollections[2m > [22m[2mdoes not refresh memory_evidence validation when the evidence mirror is disabled
[22m[39m17:52:57.319 [memory:mongodb:schema] info: created collection test_events

[90mstdout[2m | src/mongodb-schema.test.ts[2m > [22m[2mensureCollections[2m > [22m[2mdoes not refresh memory_evidence validation when the evidence mirror is disabled
[22m[39m17:52:57.319 [memory:mongodb:schema] info: created collection test_entities

[90mstdout[2m | src/mongodb-schema.test.ts[2m > [22m[2mensureCollections[2m > [22m[2mdoes not refresh memory_evidence validation when the evidence mirror is disabled
[22m[39m17:52:57.319 [memory:mongodb:schema] info: created collection test_relations

[90mstdout[2m | src/mongodb-schema.test.ts[2m > [22m[2mensureCollections[2m > [22m[2mdoes not refresh memory_evidence validation when the evidence mirror is disabled
[22m[39m17:52:57.319 [memory:mongodb:schema] info: created collection test_entity_links

[90mstdout[2m | src/mongodb-schema.test.ts[2m > [22m[2mensureCollections[2m > [22m[2mdoes not refresh memory_evidence validation when the evidence mirror is disabled
[22m[39m17:52:57.319 [memory:mongodb:schema] info: created collection test_episodes

[90mstdout[2m | src/mongodb-schema.test.ts[2m > [22m[2mensureCollections[2m > [22m[2mdoes not refresh memory_evidence validation when the evidence mirror is disabled
[22m[39m17:52:57.319 [memory:mongodb:schema] info: created collection test_ingest_runs

[90mstdout[2m | src/mongodb-schema.test.ts[2m > [22m[2mensureCollections[2m > [22m[2mdoes not refresh memory_evidence validation when the evidence mirror is disabled
[22m[39m17:52:57.319 [memory:mongodb:schema] info: created collection test_projection_runs

[90mstdout[2m | src/mongodb-schema.test.ts[2m > [22m[2mensureCollections[2m > [22m[2mdoes not refresh memory_evidence validation when the evidence mirror is disabled
[22m[39m17:52:57.319 [memory:mongodb:schema] info: created collection test_query_cache

[90mstdout[2m | src/mongodb-schema.test.ts[2m > [22m[2mensureCollections[2m > [22m[2mdoes not refresh memory_evidence validation when the evidence mirror is disabled
[22m[39m17:52:57.319 [memory:mongodb:schema] info: created collection test_memory_mutations

[90mstdout[2m | src/mongodb-schema.test.ts[2m > [22m[2mensureCollections[2m > [22m[2mdoes not refresh memory_evidence validation when the evidence mirror is disabled
[22m[39m17:52:57.319 [memory:mongodb:schema] info: created collection test_lane_coverage

[90mstdout[2m | src/mongodb-schema.test.ts[2m > [22m[2mensureCollections[2m > [22m[2mdoes not refresh memory_evidence validation when the evidence mirror is disabled
[22m[39m17:52:57.319 [memory:mongodb:schema] info: created collection test_consolidation_runs

[90mstdout[2m | src/mongodb-schema.test.ts[2m > [22m[2mensureCollections[2m > [22m[2mdoes not refresh memory_evidence validation when the evidence mirror is disabled
[22m[39m17:52:57.319 [memory:mongodb:schema] info: created collection test_recall_traces

[90mstdout[2m | src/mongodb-schema.test.ts[2m > [22m[2mensureCollections[2m > [22m[2mdoes not refresh memory_evidence validation when the evidence mirror is disabled
[22m[39m17:52:57.319 [memory:mongodb:schema] info: created collection test_memory_jobs

[90mstdout[2m | src/mongodb-schema.test.ts[2m > [22m[2mensureCollections[2m > [22m[2mdoes not refresh memory_evidence validation when the evidence mirror is disabled
[22m[39m17:52:57.319 [memory:mongodb:schema] info: created collection test_session_chunks

[90mstdout[2m | src/mongodb-schema.test.ts[2m > [22m[2mensureCollections[2m > [22m[2mdoes not refresh memory_evidence validation when the evidence mirror is disabled
[22m[39m17:52:57.319 [memory:mongodb:schema] info: created collection test_memory_quarantine

[90mstdout[2m | src/mongodb-schema.test.ts[2m > [22m[2mensureCollections[2m > [22m[2mdoes not refresh memory_evidence validation when the evidence mirror is disabled
[22m[39m17:52:57.319 [memory:mongodb:schema] info: created time series collection test_memory_telemetry

[90mstdout[2m | src/mongodb-schema.test.ts[2m > [22m[2mensureCollections[2m > [22m[2mdoes not refresh memory_evidence validation when the evidence mirror is disabled
[22m[39m17:52:57.319 [memory:mongodb:schema] info: created telemetry collection test_memory_telemetry

[90mstdout[2m | src/mongodb-schema.test.ts[2m > [22m[2mensureCollections[2m > [22m[2mdoes not refresh memory_evidence validation when the evidence mirror is disabled
[22m[39m17:52:57.319 [memory:mongodb:schema] info: created time series collection test_access_events

[90mstdout[2m | src/mongodb-schema.test.ts[2m > [22m[2mensureCollections[2m > [22m[2mdoes not refresh memory_evidence validation when the evidence mirror is disabled
[22m[39m17:52:57.319 [memory:mongodb:schema] info: created access events collection test_access_events

[90mstdout[2m | src/mongodb-schema.test.ts[2m > [22m[2mensureCollections[2m > [22m[2mdoes not refresh memory_evidence validation when the evidence mirror is disabled
[22m[39m17:52:57.319 [memory:mongodb:schema] info: applied schema validation to test_chunks

[90mstdout[2m | src/mongodb-schema.test.ts[2m > [22m[2mensureCollections[2m > [22m[2mdoes not refresh memory_evidence validation when the evidence mirror is disabled
[22m[39m17:52:57.319 [memory:mongodb:schema] info: applied schema validation to test_knowledge_base

[90mstdout[2m | src/mongodb-schema.test.ts[2m > [22m[2mensureCollections[2m > [22m[2mdoes not refresh memory_evidence validation when the evidence mirror is disabled
[22m[39m17:52:57.319 [memory:mongodb:schema] info: applied schema validation to test_kb_chunks

[90mstdout[2m | src/mongodb-schema.test.ts[2m > [22m[2mensureCollections[2m > [22m[2mdoes not refresh memory_evidence validation when the evidence mirror is disabled
[22m[39m17:52:57.319 [memory:mongodb:schema] info: applied schema validation to test_structured_mem

[90mstdout[2m | src/mongodb-schema.test.ts[2m > [22m[2mensureCollections[2m > [22m[2mdoes not refresh memory_evidence validation when the evidence mirror is disabled
[22m[39m17:52:57.319 [memory:mongodb:schema] info: applied schema validation to test_structured_mem_revisions

[90mstdout[2m | src/mongodb-schema.test.ts[2m > [22m[2mensureCollections[2m > [22m[2mdoes not refresh memory_evidence validation when the evidence mirror is disabled
[22m[39m17:52:57.319 [memory:mongodb:schema] info: applied schema validation to test_procedures

[90mstdout[2m | src/mongodb-schema.test.ts[2m > [22m[2mensureCollections[2m > [22m[2mdoes not refresh memory_evidence validation when the evidence mirror is disabled
[22m[39m17:52:57.319 [memory:mongodb:schema] info: applied schema validation to test_procedure_revisions

[90mstdout[2m | src/mongodb-schema.test.ts[2m > [22m[2mensureCollections[2m > [22m[2mdoes not refresh memory_evidence validation when the evidence mirror is disabled
[22m[39m17:52:57.319 [memory:mongodb:schema] info: applied schema validation to test_relevance_runs

[90mstdout[2m | src/mongodb-schema.test.ts[2m > [22m[2mensureCollections[2m > [22m[2mdoes not refresh memory_evidence validation when the evidence mirror is disabled
[22m[39m17:52:57.319 [memory:mongodb:schema] info: applied schema validation to test_relevance_artifacts

[90mstdout[2m | src/mongodb-schema.test.ts[2m > [22m[2mensureCollections[2m > [22m[2mdoes not refresh memory_evidence validation when the evidence mirror is disabled
[22m[39m17:52:57.319 [memory:mongodb:schema] info: applied schema validation to test_relevance_regressions

[90mstdout[2m | src/mongodb-schema.test.ts[2m > [22m[2mensureCollections[2m > [22m[2mdoes not refresh memory_evidence validation when the evidence mirror is disabled
[22m[39m17:52:57.319 [memory:mongodb:schema] info: applied schema validation to test_events

[90mstdout[2m | src/mongodb-schema.test.ts[2m > [22m[2mensureCollections[2m > [22m[2mdoes not refresh memory_evidence validation when the evidence mirror is disabled
[22m[39m17:52:57.319 [memory:mongodb:schema] info: applied schema validation to test_entities

[90mstdout[2m | src/mongodb-schema.test.ts[2m > [22m[2mensureCollections[2m > [22m[2mdoes not refresh memory_evidence validation when the evidence mirror is disabled
[22m[39m17:52:57.319 [memory:mongodb:schema] info: applied schema validation to test_relations

[90mstdout[2m | src/mongodb-schema.test.ts[2m > [22m[2mensureCollections[2m > [22m[2mdoes not refresh memory_evidence validation when the evidence mirror is disabled
[22m[39m17:52:57.319 [memory:mongodb:schema] info: applied schema validation to test_entity_links

[90mstdout[2m | src/mongodb-schema.test.ts[2m > [22m[2mensureCollections[2m > [22m[2mdoes not refresh memory_evidence validation when the evidence mirror is disabled
[22m[39m17:52:57.320 [memory:mongodb:schema] info: applied schema validation to test_episodes

[90mstdout[2m | src/mongodb-schema.test.ts[2m > [22m[2mensureCollections[2m > [22m[2mdoes not refresh memory_evidence validation when the evidence mirror is disabled
[22m[39m17:52:57.320 [memory:mongodb:schema] info: applied schema validation to test_ingest_runs

[90mstdout[2m | src/mongodb-schema.test.ts[2m > [22m[2mensureCollections[2m > [22m[2mdoes not refresh memory_evidence validation when the evidence mirror is disabled
[22m[39m17:52:57.320 [memory:mongodb:schema] info: applied schema validation to test_projection_runs

[90mstdout[2m | src/mongodb-schema.test.ts[2m > [22m[2mensureCollections[2m > [22m[2mdoes not refresh memory_evidence validation when the evidence mirror is disabled
[22m[39m17:52:57.320 [memory:mongodb:schema] info: applied schema validation to test_query_cache

[90mstdout[2m | src/mongodb-schema.test.ts[2m > [22m[2mensureCollections[2m > [22m[2mdoes not refresh memory_evidence validation when the evidence mirror is disabled
[22m[39m17:52:57.320 [memory:mongodb:schema] info: applied schema validation to test_memory_mutations

[90mstdout[2m | src/mongodb-schema.test.ts[2m > [22m[2mensureCollections[2m > [22m[2mdoes not refresh memory_evidence validation when the evidence mirror is disabled
[22m[39m17:52:57.320 [memory:mongodb:schema] info: applied schema validation to test_recall_traces

[90mstdout[2m | src/mongodb-schema.test.ts[2m > [22m[2mensureCollections[2m > [22m[2mdoes not refresh memory_evidence validation when the evidence mirror is disabled
[22m[39m17:52:57.320 [memory:mongodb:schema] info: applied schema validation to test_memory_jobs

[90mstdout[2m | src/mongodb-schema.test.ts[2m > [22m[2mensureCollections[2m > [22m[2mdoes not refresh memory_evidence validation when the evidence mirror is disabled
[22m[39m17:52:57.320 [memory:mongodb:schema] info: applied schema validation to test_memory_quarantine

[90mstdout[2m | src/mongodb-schema.test.ts[2m > [22m[2mensureCollections[2m > [22m[2mdoes not refresh memory_evidence validation when the evidence mirror is disabled
[22m[39m17:52:57.320 [memory:mongodb:schema] info: applied schema validation to test_files

[90mstdout[2m | src/mongodb-schema.test.ts[2m > [22m[2mensureCollections[2m > [22m[2mskips already-existing collections
[22m[39m17:52:57.320 [memory:mongodb:schema] info: created collection test_meta

[90mstdout[2m | src/mongodb-schema.test.ts[2m > [22m[2mensureCollections[2m > [22m[2mskips already-existing collections
[22m[39m17:52:57.320 [memory:mongodb:schema] info: created collection test_knowledge_base

[90mstdout[2m | src/mongodb-schema.test.ts[2m > [22m[2mensureCollections[2m > [22m[2mskips already-existing collections
[22m[39m17:52:57.320 [memory:mongodb:schema] info: created collection test_kb_chunks

[90mstdout[2m | src/mongodb-schema.test.ts[2m > [22m[2mensureCollections[2m > [22m[2mskips already-existing collections
[22m[39m17:52:57.320 [memory:mongodb:schema] info: created collection test_structured_mem

[90mstdout[2m | src/mongodb-schema.test.ts[2m > [22m[2mensureCollections[2m > [22m[2mskips already-existing collections
[22m[39m17:52:57.320 [memory:mongodb:schema] info: created collection test_structured_mem_revisions

[90mstdout[2m | src/mongodb-schema.test.ts[2m > [22m[2mensureCollections[2m > [22m[2mskips already-existing collections
[22m[39m17:52:57.320 [memory:mongodb:schema] info: created collection test_procedures

[90mstdout[2m | src/mongodb-schema.test.ts[2m > [22m[2mensureCollections[2m > [22m[2mskips already-existing collections
[22m[39m17:52:57.320 [memory:mongodb:schema] info: created collection test_procedure_revisions

[90mstdout[2m | src/mongodb-schema.part3.test.ts[2m > [22m[2mquery_cache standard indexes[2m > [22m[2mcreates TTL index on expiresAt with expireAfterSeconds: 0
[22m[39m17:52:57.320 [memory:mongodb:schema] info: ensured 42 standard indexes

[90mstdout[2m | src/mongodb-schema.test.ts[2m > [22m[2mensureCollections[2m > [22m[2mskips already-existing collections
[22m[39m17:52:57.320 [memory:mongodb:schema] info: created collection test_relevance_runs

[90mstdout[2m | src/mongodb-schema.test.ts[2m > [22m[2mensureCollections[2m > [22m[2mskips already-existing collections
[22m[39m17:52:57.320 [memory:mongodb:schema] info: created collection test_relevance_artifacts

[90mstdout[2m | src/mongodb-schema.test.ts[2m > [22m[2mensureCollections[2m > [22m[2mskips already-existing collections
[22m[39m17:52:57.320 [memory:mongodb:schema] info: created collection test_relevance_regressions

[90mstdout[2m | src/mongodb-schema.test.ts[2m > [22m[2mensureCollections[2m > [22m[2mskips already-existing collections
[22m[39m17:52:57.320 [memory:mongodb:schema] info: created collection test_events

[90mstdout[2m | src/mongodb-schema.test.ts[2m > [22m[2mensureCollections[2m > [22m[2mskips already-existing collections
[22m[39m17:52:57.320 [memory:mongodb:schema] info: created collection test_entities

[90mstdout[2m | src/mongodb-schema.test.ts[2m > [22m[2mensureCollections[2m > [22m[2mskips already-existing collections
[22m[39m17:52:57.320 [memory:mongodb:schema] info: created collection test_relations

[90mstdout[2m | src/mongodb-schema.test.ts[2m > [22m[2mensureCollections[2m > [22m[2mskips already-existing collections
[22m[39m17:52:57.320 [memory:mongodb:schema] info: created collection test_entity_links

[90mstdout[2m | src/mongodb-schema.test.ts[2m > [22m[2mensureCollections[2m > [22m[2mskips already-existing collections
[22m[39m17:52:57.321 [memory:mongodb:schema] info: created collection test_episodes

[90mstdout[2m | src/mongodb-schema.test.ts[2m > [22m[2mensureCollections[2m > [22m[2mskips already-existing collections
[22m[39m17:52:57.321 [memory:mongodb:schema] info: created collection test_ingest_runs

[90mstdout[2m | src/mongodb-schema.test.ts[2m > [22m[2mensureCollections[2m > [22m[2mskips already-existing collections
[22m[39m17:52:57.321 [memory:mongodb:schema] info: created collection test_projection_runs

[90mstdout[2m | src/mongodb-schema.test.ts[2m > [22m[2mensureCollections[2m > [22m[2mskips already-existing collections
[22m[39m17:52:57.321 [memory:mongodb:schema] info: created collection test_query_cache

[90mstdout[2m | src/mongodb-schema.test.ts[2m > [22m[2mensureCollections[2m > [22m[2mskips already-existing collections
[22m[39m17:52:57.321 [memory:mongodb:schema] info: created collection test_memory_mutations

[90mstdout[2m | src/mongodb-schema.test.ts[2m > [22m[2mensureCollections[2m > [22m[2mskips already-existing collections
[22m[39m17:52:57.321 [memory:mongodb:schema] info: created collection test_lane_coverage

[90mstdout[2m | src/mongodb-schema.test.ts[2m > [22m[2mensureCollections[2m > [22m[2mskips already-existing collections
[22m[39m17:52:57.321 [memory:mongodb:schema] info: created collection test_consolidation_runs

[90mstdout[2m | src/mongodb-schema.test.ts[2m > [22m[2mensureCollections[2m > [22m[2mskips already-existing collections
[22m[39m17:52:57.321 [memory:mongodb:schema] info: created collection test_recall_traces

[90mstdout[2m | src/mongodb-schema.test.ts[2m > [22m[2mensureCollections[2m > [22m[2mskips already-existing collections
[22m[39m17:52:57.321 [memory:mongodb:schema] info: created collection test_memory_jobs

[90mstdout[2m | src/mongodb-schema.test.ts[2m > [22m[2mensureCollections[2m > [22m[2mskips already-existing collections
[22m[39m17:52:57.321 [memory:mongodb:schema] info: created collection test_session_chunks

[90mstdout[2m | src/mongodb-schema.test.ts[2m > [22m[2mensureCollections[2m > [22m[2mskips already-existing collections
[22m[39m17:52:57.321 [memory:mongodb:schema] info: created collection test_memory_quarantine

[90mstdout[2m | src/mongodb-schema.test.ts[2m > [22m[2mensureCollections[2m > [22m[2mskips already-existing collections
[22m[39m17:52:57.321 [memory:mongodb:schema] info: created time series collection test_memory_telemetry

[90mstdout[2m | src/mongodb-schema.test.ts[2m > [22m[2mensureCollections[2m > [22m[2mskips already-existing collections
[22m[39m17:52:57.321 [memory:mongodb:schema] info: created telemetry collection test_memory_telemetry

[90mstdout[2m | src/mongodb-schema.test.ts[2m > [22m[2mensureCollections[2m > [22m[2mskips already-existing collections
[22m[39m17:52:57.321 [memory:mongodb:schema] info: created time series collection test_access_events

[90mstdout[2m | src/mongodb-schema.test.ts[2m > [22m[2mensureCollections[2m > [22m[2mskips already-existing collections
[22m[39m17:52:57.321 [memory:mongodb:schema] info: created access events collection test_access_events

[90mstdout[2m | src/mongodb-schema.test.ts[2m > [22m[2mensureCollections[2m > [22m[2mskips already-existing collections
[22m[39m17:52:57.321 [memory:mongodb:schema] info: applied schema validation to test_chunks

[90mstdout[2m | src/mongodb-schema.test.ts[2m > [22m[2mensureCollections[2m > [22m[2mskips already-existing collections
[22m[39m17:52:57.321 [memory:mongodb:schema] info: applied schema validation to test_knowledge_base

[90mstdout[2m | src/mongodb-schema.test.ts[2m > [22m[2mensureCollections[2m > [22m[2mskips already-existing collections
[22m[39m17:52:57.321 [memory:mongodb:schema] info: applied schema validation to test_kb_chunks

[90mstdout[2m | src/mongodb-schema.test.ts[2m > [22m[2mensureCollections[2m > [22m[2mskips already-existing collections
[22m[39m17:52:57.321 [memory:mongodb:schema] info: applied schema validation to test_structured_mem

[90mstdout[2m | src/mongodb-schema.test.ts[2m > [22m[2mensureCollections[2m > [22m[2mskips already-existing collections
[22m[39m17:52:57.321 [memory:mongodb:schema] info: applied schema validation to test_structured_mem_revisions

[90mstdout[2m | src/mongodb-schema.test.ts[2m > [22m[2mensureCollections[2m > [22m[2mskips already-existing collections
[22m[39m17:52:57.321 [memory:mongodb:schema] info: applied schema validation to test_procedures

[90mstdout[2m | src/mongodb-schema.test.ts[2m > [22m[2mensureCollections[2m > [22m[2mskips already-existing collections
[22m[39m17:52:57.321 [memory:mongodb:schema] info: applied schema validation to test_procedure_revisions

[90mstdout[2m | src/mongodb-schema.test.ts[2m > [22m[2mensureCollections[2m > [22m[2mskips already-existing collections
[22m[39m17:52:57.321 [memory:mongodb:schema] info: applied schema validation to test_relevance_runs

[90mstdout[2m | src/mongodb-schema.test.ts[2m > [22m[2mensureCollections[2m > [22m[2mskips already-existing collections
[22m[39m17:52:57.321 [memory:mongodb:schema] info: applied schema validation to test_relevance_artifacts

[90mstdout[2m | src/mongodb-schema.test.ts[2m > [22m[2mensureCollections[2m > [22m[2mskips already-existing collections
[22m[39m17:52:57.321 [memory:mongodb:schema] info: applied schema validation to test_relevance_regressions

[90mstdout[2m | src/mongodb-schema.test.ts[2m > [22m[2mensureCollections[2m > [22m[2mskips already-existing collections
[22m[39m17:52:57.321 [memory:mongodb:schema] info: applied schema validation to test_events

[90mstdout[2m | src/mongodb-schema.test.ts[2m > [22m[2mensureCollections[2m > [22m[2mskips already-existing collections
[22m[39m17:52:57.321 [memory:mongodb:schema] info: applied schema validation to test_entities

[90mstdout[2m | src/mongodb-schema.test.ts[2m > [22m[2mensureCollections[2m > [22m[2mskips already-existing collections
[22m[39m17:52:57.321 [memory:mongodb:schema] info: applied schema validation to test_relations

[90mstdout[2m | src/mongodb-schema.test.ts[2m > [22m[2mensureCollections[2m > [22m[2mskips already-existing collections
[22m[39m17:52:57.321 [memory:mongodb:schema] info: applied schema validation to test_entity_links

[90mstdout[2m | src/mongodb-schema.test.ts[2m > [22m[2mensureCollections[2m > [22m[2mskips already-existing collections
[22m[39m17:52:57.321 [memory:mongodb:schema] info: applied schema validation to test_episodes

[90mstdout[2m | src/mongodb-schema.test.ts[2m > [22m[2mensureCollections[2m > [22m[2mskips already-existing collections
[22m[39m17:52:57.321 [memory:mongodb:schema] info: applied schema validation to test_ingest_runs

[90mstdout[2m | src/mongodb-schema.test.ts[2m > [22m[2mensureCollections[2m > [22m[2mskips already-existing collections
[22m[39m17:52:57.321 [memory:mongodb:schema] info: applied schema validation to test_projection_runs

[90mstdout[2m | src/mongodb-schema.test.ts[2m > [22m[2mensureCollections[2m > [22m[2mskips already-existing collections
[22m[39m17:52:57.321 [memory:mongodb:schema] info: applied schema validation to test_query_cache

[90mstdout[2m | src/mongodb-schema.test.ts[2m > [22m[2mensureCollections[2m > [22m[2mskips already-existing collections
[22m[39m17:52:57.321 [memory:mongodb:schema] info: applied schema validation to test_memory_mutations

[90mstdout[2m | src/mongodb-schema.test.ts[2m > [22m[2mensureCollections[2m > [22m[2mskips already-existing collections
[22m[39m17:52:57.321 [memory:mongodb:schema] info: applied schema validation to test_recall_traces

[90mstdout[2m | src/mongodb-schema.test.ts[2m > [22m[2mensureCollections[2m > [22m[2mskips already-existing collections
[22m[39m17:52:57.321 [memory:mongodb:schema] info: applied schema validation to test_memory_jobs

[90mstdout[2m | src/mongodb-schema.test.ts[2m > [22m[2mensureCollections[2m > [22m[2mskips already-existing collections
[22m[39m17:52:57.321 [memory:mongodb:schema] info: applied schema validation to test_memory_quarantine

[90mstdout[2m | src/mongodb-schema.test.ts[2m > [22m[2mensureCollections[2m > [22m[2mskips already-existing collections
[22m[39m17:52:57.321 [memory:mongodb:schema] info: applied schema validation to test_files

[90mstdout[2m | src/mongodb-schema.test.ts[2m > [22m[2mensureCollections[2m > [22m[2mdoes nothing when all collections exist
[22m[39m17:52:57.322 [memory:mongodb:schema] info: applied schema validation to oc_chunks

[90mstdout[2m | src/mongodb-schema.test.ts[2m > [22m[2mensureCollections[2m > [22m[2mdoes nothing when all collections exist
[22m[39m17:52:57.322 [memory:mongodb:schema] info: applied schema validation to oc_knowledge_base

[90mstdout[2m | src/mongodb-schema.test.ts[2m > [22m[2mensureCollections[2m > [22m[2mdoes nothing when all collections exist
[22m[39m17:52:57.322 [memory:mongodb:schema] info: applied schema validation to oc_kb_chunks

[90mstdout[2m | src/mongodb-schema.test.ts[2m > [22m[2mensureCollections[2m > [22m[2mdoes nothing when all collections exist
[22m[39m17:52:57.322 [memory:mongodb:schema] info: applied schema validation to oc_structured_mem

[90mstdout[2m | src/mongodb-schema.test.ts[2m > [22m[2mensureCollections[2m > [22m[2mdoes nothing when all collections exist
[22m[39m17:52:57.322 [memory:mongodb:schema] info: applied schema validation to oc_structured_mem_revisions

[90mstdout[2m | src/mongodb-schema.test.ts[2m > [22m[2mensureCollections[2m > [22m[2mdoes nothing when all collections exist
[22m[39m17:52:57.322 [memory:mongodb:schema] info: applied schema validation to oc_procedures

[90mstdout[2m | src/mongodb-schema.test.ts[2m > [22m[2mensureCollections[2m > [22m[2mdoes nothing when all collections exist
[22m[39m17:52:57.322 [memory:mongodb:schema] info: applied schema validation to oc_procedure_revisions

[90mstdout[2m | src/mongodb-schema.test.ts[2m > [22m[2mensureCollections[2m > [22m[2mdoes nothing when all collections exist
[22m[39m17:52:57.322 [memory:mongodb:schema] info: applied schema validation to oc_relevance_runs

[90mstdout[2m | src/mongodb-schema.test.ts[2m > [22m[2mensureCollections[2m > [22m[2mdoes nothing when all collections exist
[22m[39m17:52:57.322 [memory:mongodb:schema] info: applied schema validation to oc_relevance_artifacts

[90mstdout[2m | src/mongodb-schema.test.ts[2m > [22m[2mensureCollections[2m > [22m[2mdoes nothing when all collections exist
[22m[39m17:52:57.322 [memory:mongodb:schema] info: applied schema validation to oc_relevance_regressions

[90mstdout[2m | src/mongodb-schema.test.ts[2m > [22m[2mensureCollections[2m > [22m[2mdoes nothing when all collections exist
[22m[39m17:52:57.322 [memory:mongodb:schema] info: applied schema validation to oc_events

[90mstdout[2m | src/mongodb-schema.test.ts[2m > [22m[2mensureCollections[2m > [22m[2mdoes nothing when all collections exist
[22m[39m17:52:57.322 [memory:mongodb:schema] info: applied schema validation to oc_entities

[90mstdout[2m | src/mongodb-schema.test.ts[2m > [22m[2mensureCollections[2m > [22m[2mdoes nothing when all collections exist
[22m[39m17:52:57.322 [memory:mongodb:schema] info: applied schema validation to oc_relations

[90mstdout[2m | src/mongodb-schema.test.ts[2m > [22m[2mensureCollections[2m > [22m[2mdoes nothing when all collections exist
[22m[39m17:52:57.322 [memory:mongodb:schema] info: applied schema validation to oc_entity_links

[90mstdout[2m | src/mongodb-schema.test.ts[2m > [22m[2mensureCollections[2m > [22m[2mdoes nothing when all collections exist
[22m[39m17:52:57.322 [memory:mongodb:schema] info: applied schema validation to oc_episodes

[90mstdout[2m | src/mongodb-schema.test.ts[2m > [22m[2mensureCollections[2m > [22m[2mdoes nothing when all collections exist
[22m[39m17:52:57.322 [memory:mongodb:schema] info: applied schema validation to oc_ingest_runs

[90mstdout[2m | src/mongodb-schema.test.ts[2m > [22m[2mensureCollections[2m > [22m[2mdoes nothing when all collections exist
[22m[39m17:52:57.322 [memory:mongodb:schema] info: applied schema validation to oc_projection_runs

[90mstdout[2m | src/mongodb-schema.test.ts[2m > [22m[2mensureCollections[2m > [22m[2mdoes nothing when all collections exist
[22m[39m17:52:57.322 [memory:mongodb:schema] info: applied schema validation to oc_query_cache

[90mstdout[2m | src/mongodb-schema.test.ts[2m > [22m[2mensureCollections[2m > [22m[2mdoes nothing when all collections exist
[22m[39m17:52:57.322 [memory:mongodb:schema] info: applied schema validation to oc_memory_mutations

[90mstdout[2m | src/mongodb-schema.test.ts[2m > [22m[2mensureCollections[2m > [22m[2mdoes nothing when all collections exist
[22m[39m17:52:57.322 [memory:mongodb:schema] info: applied schema validation to oc_recall_traces

[90mstdout[2m | src/mongodb-schema.test.ts[2m > [22m[2mensureCollections[2m > [22m[2mdoes nothing when all collections exist
[22m[39m17:52:57.322 [memory:mongodb:schema] info: applied schema validation to oc_memory_jobs

[90mstdout[2m | src/mongodb-schema.test.ts[2m > [22m[2mensureCollections[2m > [22m[2mdoes nothing when all collections exist
[22m[39m17:52:57.322 [memory:mongodb:schema] info: applied schema validation to oc_memory_quarantine

[90mstdout[2m | src/mongodb-schema.test.ts[2m > [22m[2mensureCollections[2m > [22m[2mdoes nothing when all collections exist
[22m[39m17:52:57.322 [memory:mongodb:schema] info: applied schema validation to oc_files

[90mstdout[2m | src/mongodb-schema.part3.test.ts[2m > [22m[2mquery_cache standard indexes[2m > [22m[2mcreates hitCount compound index on (agentId, hitCount desc)
[22m[39m17:52:57.322 [memory:mongodb:schema] info: ensured 42 standard indexes

[90mstdout[2m | src/mongodb-schema.part3.test.ts[2m > [22m[2mquery_cache vector search index[2m > [22m[2mcreates autoEmbed vector search index on queryNorm field
[22m[39m17:52:57.323 [memory:mongodb:schema] info: created chunks text search index

[90mstdout[2m | src/mongodb-schema.part3.test.ts[2m > [22m[2mquery_cache vector search index[2m > [22m[2mcreates autoEmbed vector search index on queryNorm field
[22m[39m17:52:57.323 [memory:mongodb:schema] info: created chunks vector search index

[90mstdout[2m | src/mongodb-schema.test.ts[2m > [22m[2mensureStandardIndexes[2m > [22m[2mcreates all standard indexes on chunks, KB, and structured_mem
[22m[39m17:52:57.324 [memory:mongodb:schema] info: ensured 42 standard indexes

[90mstdout[2m | src/mongodb-schema.part3.test.ts[2m > [22m[2mquery_cache vector search index[2m > [22m[2mcreates autoEmbed vector search index on queryNorm field
[22m[39m17:52:57.324 [memory:mongodb:schema] info: created kb_chunks text search index

[90mstdout[2m | src/mongodb-schema.part3.test.ts[2m > [22m[2mquery_cache vector search index[2m > [22m[2mcreates autoEmbed vector search index on queryNorm field
[22m[39m17:52:57.324 [memory:mongodb:schema] info: created kb_chunks vector search index

[90mstdout[2m | src/mongodb-schema.part3.test.ts[2m > [22m[2mquery_cache vector search index[2m > [22m[2mcreates autoEmbed vector search index on queryNorm field
[22m[39m17:52:57.324 [memory:mongodb:schema] info: created structured_mem text search index

[90mstdout[2m | src/mongodb-schema.part3.test.ts[2m > [22m[2mquery_cache vector search index[2m > [22m[2mcreates autoEmbed vector search index on queryNorm field
[22m[39m17:52:57.324 [memory:mongodb:schema] info: created structured_mem vector search index

[90mstdout[2m | src/mongodb-schema.part3.test.ts[2m > [22m[2mquery_cache vector search index[2m > [22m[2mcreates autoEmbed vector search index on queryNorm field
[22m[39m17:52:57.324 [memory:mongodb:schema] info: created procedures text search index

[90mstdout[2m | src/mongodb-schema.part3.test.ts[2m > [22m[2mquery_cache vector search index[2m > [22m[2mcreates autoEmbed vector search index on queryNorm field
[22m[39m17:52:57.324 [memory:mongodb:schema] info: created procedures vector search index

[90mstdout[2m | src/mongodb-schema.part3.test.ts[2m > [22m[2mquery_cache vector search index[2m > [22m[2mcreates autoEmbed vector search index on queryNorm field
[22m[39m17:52:57.324 [memory:mongodb:schema] info: created events text search index

[90mstdout[2m | src/mongodb-schema.part3.test.ts[2m > [22m[2mquery_cache vector search index[2m > [22m[2mcreates autoEmbed vector search index on queryNorm field
[22m[39m17:52:57.324 [memory:mongodb:schema] info: created events vector search index

[90mstdout[2m | src/mongodb-schema.part3.test.ts[2m > [22m[2mquery_cache vector search index[2m > [22m[2mcreates autoEmbed vector search index on queryNorm field
[22m[39m17:52:57.324 [memory:mongodb:schema] info: created query_cache vector search index

[90mstdout[2m | src/mongodb-schema.part3.test.ts[2m > [22m[2mquery_cache vector search index[2m > [22m[2mcreates autoEmbed vector search index on queryNorm field
[22m[39m17:52:57.324 [memory:mongodb:schema] info: created session_chunks text search index

[90mstdout[2m | src/mongodb-schema.part3.test.ts[2m > [22m[2mquery_cache vector search index[2m > [22m[2mcreates autoEmbed vector search index on queryNorm field
[22m[39m17:52:57.324 [memory:mongodb:schema] info: created session_chunks vector search index

[90mstdout[2m | src/mongodb-schema.part3.test.ts[2m > [22m[2mquery_cache vector search index[2m > [22m[2mcreates autoEmbed vector search index on queryNorm field
[22m[39m17:52:57.324 [memory:mongodb:schema] info: created entity autocomplete search index

[90mstdout[2m | src/mongodb-schema.part3.test.ts[2m > [22m[2mquery_cache vector search index[2m > [22m[2mcreates autoEmbed vector search index on queryNorm field
[22m[39m17:52:57.325 [memory:mongodb:schema] info: created episode autocomplete search index

[90mstdout[2m | src/mongodb-schema.part3.test.ts[2m > [22m[2mquery_cache vector search index[2m > [22m[2mincludes filter paths for agentId, scope, scopeRef
[22m[39m17:52:57.325 [memory:mongodb:schema] info: created chunks text search index

[90mstdout[2m | src/mongodb-schema.part3.test.ts[2m > [22m[2mquery_cache vector search index[2m > [22m[2mincludes filter paths for agentId, scope, scopeRef
[22m[39m17:52:57.325 [memory:mongodb:schema] info: created chunks vector search index

[90mstdout[2m | src/mongodb-schema.part3.test.ts[2m > [22m[2mquery_cache vector search index[2m > [22m[2mincludes filter paths for agentId, scope, scopeRef
[22m[39m17:52:57.325 [memory:mongodb:schema] info: created kb_chunks text search index

[90mstdout[2m | src/mongodb-schema.part3.test.ts[2m > [22m[2mquery_cache vector search index[2m > [22m[2mincludes filter paths for agentId, scope, scopeRef
[22m[39m17:52:57.325 [memory:mongodb:schema] info: created kb_chunks vector search index

[90mstdout[2m | src/mongodb-schema.part3.test.ts[2m > [22m[2mquery_cache vector search index[2m > [22m[2mincludes filter paths for agentId, scope, scopeRef
[22m[39m17:52:57.325 [memory:mongodb:schema] info: created structured_mem text search index

[90mstdout[2m | src/mongodb-schema.part3.test.ts[2m > [22m[2mquery_cache vector search index[2m > [22m[2mincludes filter paths for agentId, scope, scopeRef
[22m[39m17:52:57.325 [memory:mongodb:schema] info: created structured_mem vector search index

[90mstdout[2m | src/mongodb-schema.part3.test.ts[2m > [22m[2mquery_cache vector search index[2m > [22m[2mincludes filter paths for agentId, scope, scopeRef
[22m[39m17:52:57.325 [memory:mongodb:schema] info: created procedures text search index

[90mstdout[2m | src/mongodb-schema.part3.test.ts[2m > [22m[2mquery_cache vector search index[2m > [22m[2mincludes filter paths for agentId, scope, scopeRef
[22m[39m17:52:57.325 [memory:mongodb:schema] info: created procedures vector search index

[90mstdout[2m | src/mongodb-schema.part3.test.ts[2m > [22m[2mquery_cache vector search index[2m > [22m[2mincludes filter paths for agentId, scope, scopeRef
[22m[39m17:52:57.326 [memory:mongodb:schema] info: created events text search index

[90mstdout[2m | src/mongodb-schema.part3.test.ts[2m > [22m[2mquery_cache vector search index[2m > [22m[2mincludes filter paths for agentId, scope, scopeRef
[22m[39m17:52:57.326 [memory:mongodb:schema] info: created events vector search index

[90mstdout[2m | src/mongodb-schema.part3.test.ts[2m > [22m[2mquery_cache vector search index[2m > [22m[2mincludes filter paths for agentId, scope, scopeRef
[22m[39m17:52:57.326 [memory:mongodb:schema] info: created query_cache vector search index

[90mstdout[2m | src/mongodb-schema.part3.test.ts[2m > [22m[2mquery_cache vector search index[2m > [22m[2mincludes filter paths for agentId, scope, scopeRef
[22m[39m17:52:57.326 [memory:mongodb:schema] info: created session_chunks text search index

[90mstdout[2m | src/mongodb-schema.part3.test.ts[2m > [22m[2mquery_cache vector search index[2m > [22m[2mincludes filter paths for agentId, scope, scopeRef
[22m[39m17:52:57.326 [memory:mongodb:schema] info: created session_chunks vector search index

[90mstdout[2m | src/mongodb-schema.part3.test.ts[2m > [22m[2mquery_cache vector search index[2m > [22m[2mincludes filter paths for agentId, scope, scopeRef
[22m[39m17:52:57.326 [memory:mongodb:schema] info: created entity autocomplete search index

[90mstdout[2m | src/mongodb-schema.part3.test.ts[2m > [22m[2mquery_cache vector search index[2m > [22m[2mincludes filter paths for agentId, scope, scopeRef
[22m[39m17:52:57.326 [memory:mongodb:schema] info: created episode autocomplete search index

[90mstdout[2m | src/mongodb-schema.part3.test.ts[2m > [22m[2mquery_cache vector search index[2m > [22m[2massertIndexBudget accommodates the full planned search index count on unbounded profiles
[22m[39m17:52:57.326 [memory:mongodb:schema] info: created chunks text search index

[90mstdout[2m | src/mongodb-schema.part3.test.ts[2m > [22m[2mquery_cache vector search index[2m > [22m[2massertIndexBudget accommodates the full planned search index count on unbounded profiles
[22m[39m17:52:57.326 [memory:mongodb:schema] info: created chunks vector search index

[90mstdout[2m | src/mongodb-schema.part3.test.ts[2m > [22m[2mquery_cache vector search index[2m > [22m[2massertIndexBudget accommodates the full planned search index count on unbounded profiles
[22m[39m17:52:57.327 [memory:mongodb:schema] info: created kb_chunks text search index

[90mstdout[2m | src/mongodb-schema.part3.test.ts[2m > [22m[2mquery_cache vector search index[2m > [22m[2massertIndexBudget accommodates the full planned search index count on unbounded profiles
[22m[39m17:52:57.327 [memory:mongodb:schema] info: created kb_chunks vector search index

[90mstdout[2m | src/mongodb-schema.part3.test.ts[2m > [22m[2mquery_cache vector search index[2m > [22m[2massertIndexBudget accommodates the full planned search index count on unbounded profiles
[22m[39m17:52:57.327 [memory:mongodb:schema] info: created structured_mem text search index

[90mstdout[2m | src/mongodb-schema.part3.test.ts[2m > [22m[2mquery_cache vector search index[2m > [22m[2massertIndexBudget accommodates the full planned search index count on unbounded profiles
[22m[39m17:52:57.327 [memory:mongodb:schema] info: created structured_mem vector search index

[90mstdout[2m | src/mongodb-schema.part3.test.ts[2m > [22m[2mquery_cache vector search index[2m > [22m[2massertIndexBudget accommodates the full planned search index count on unbounded profiles
[22m[39m17:52:57.327 [memory:mongodb:schema] info: created procedures text search index

[90mstdout[2m | src/mongodb-schema.part3.test.ts[2m > [22m[2mquery_cache vector search index[2m > [22m[2massertIndexBudget accommodates the full planned search index count on unbounded profiles
[22m[39m17:52:57.327 [memory:mongodb:schema] info: created procedures vector search index

[90mstdout[2m | src/mongodb-schema.part3.test.ts[2m > [22m[2mquery_cache vector search index[2m > [22m[2massertIndexBudget accommodates the full planned search index count on unbounded profiles
[22m[39m17:52:57.327 [memory:mongodb:schema] info: created events text search index

[90mstdout[2m | src/mongodb-schema.part3.test.ts[2m > [22m[2mquery_cache vector search index[2m > [22m[2massertIndexBudget accommodates the full planned search index count on unbounded profiles
[22m[39m17:52:57.327 [memory:mongodb:schema] info: created events vector search index

[90mstdout[2m | src/mongodb-schema.part3.test.ts[2m > [22m[2mquery_cache vector search index[2m > [22m[2massertIndexBudget accommodates the full planned search index count on unbounded profiles
[22m[39m17:52:57.327 [memory:mongodb:schema] info: created query_cache vector search index

[90mstdout[2m | src/mongodb-schema.part3.test.ts[2m > [22m[2mquery_cache vector search index[2m > [22m[2massertIndexBudget accommodates the full planned search index count on unbounded profiles
[22m[39m17:52:57.327 [memory:mongodb:schema] info: created session_chunks text search index

[90mstdout[2m | src/mongodb-schema.part3.test.ts[2m > [22m[2mquery_cache vector search index[2m > [22m[2massertIndexBudget accommodates the full planned search index count on unbounded profiles
[22m[39m17:52:57.327 [memory:mongodb:schema] info: created session_chunks vector search index

[90mstdout[2m | src/mongodb-schema.part3.test.ts[2m > [22m[2mquery_cache vector search index[2m > [22m[2massertIndexBudget accommodates the full planned search index count on unbounded profiles
[22m[39m17:52:57.327 [memory:mongodb:schema] info: created entity autocomplete search index

[90mstdout[2m | src/mongodb-schema.part3.test.ts[2m > [22m[2mquery_cache vector search index[2m > [22m[2massertIndexBudget accommodates the full planned search index count on unbounded profiles
[22m[39m17:52:57.327 [memory:mongodb:schema] info: created episode autocomplete search index

[90mstdout[2m | src/mongodb-schema.part3.test.ts[2m > [22m[2mquery_cache vector search index[2m > [22m[2mcreates memory_evidence Search and Vector Search indexes when enabled
[22m[39m17:52:57.328 [memory:mongodb:schema] info: created chunks text search index

[90mstdout[2m | src/mongodb-schema.part3.test.ts[2m > [22m[2mquery_cache vector search index[2m > [22m[2mcreates memory_evidence Search and Vector Search indexes when enabled
[22m[39m17:52:57.328 [memory:mongodb:schema] info: created chunks vector search index

[90mstdout[2m | src/mongodb-schema.part3.test.ts[2m > [22m[2mquery_cache vector search index[2m > [22m[2mcreates memory_evidence Search and Vector Search indexes when enabled
[22m[39m17:52:57.328 [memory:mongodb:schema] info: created kb_chunks text search index

[90mstdout[2m | src/mongodb-schema.part3.test.ts[2m > [22m[2mquery_cache vector search index[2m > [22m[2mcreates memory_evidence Search and Vector Search indexes when enabled
[22m[39m17:52:57.328 [memory:mongodb:schema] info: created kb_chunks vector search index

[90mstdout[2m | src/mongodb-schema.part3.test.ts[2m > [22m[2mquery_cache vector search index[2m > [22m[2mcreates memory_evidence Search and Vector Search indexes when enabled
[22m[39m17:52:57.328 [memory:mongodb:schema] info: created structured_mem text search index

[90mstdout[2m | src/mongodb-schema.part3.test.ts[2m > [22m[2mquery_cache vector search index[2m > [22m[2mcreates memory_evidence Search and Vector Search indexes when enabled
[22m[39m17:52:57.328 [memory:mongodb:schema] info: created structured_mem vector search index

[90mstdout[2m | src/mongodb-schema.part3.test.ts[2m > [22m[2mquery_cache vector search index[2m > [22m[2mcreates memory_evidence Search and Vector Search indexes when enabled
[22m[39m17:52:57.328 [memory:mongodb:schema] info: created procedures text search index

[90mstdout[2m | src/mongodb-schema.part3.test.ts[2m > [22m[2mquery_cache vector search index[2m > [22m[2mcreates memory_evidence Search and Vector Search indexes when enabled
[22m[39m17:52:57.328 [memory:mongodb:schema] info: created procedures vector search index

[90mstdout[2m | src/mongodb-schema.part3.test.ts[2m > [22m[2mquery_cache vector search index[2m > [22m[2mcreates memory_evidence Search and Vector Search indexes when enabled
[22m[39m17:52:57.328 [memory:mongodb:schema] info: created events text search index

[90mstdout[2m | src/mongodb-schema.part3.test.ts[2m > [22m[2mquery_cache vector search index[2m > [22m[2mcreates memory_evidence Search and Vector Search indexes when enabled
[22m[39m17:52:57.328 [memory:mongodb:schema] info: created events vector search index

[90mstdout[2m | src/mongodb-schema.part3.test.ts[2m > [22m[2mquery_cache vector search index[2m > [22m[2mcreates memory_evidence Search and Vector Search indexes when enabled
[22m[39m17:52:57.328 [memory:mongodb:schema] info: created query_cache vector search index

[90mstdout[2m | src/mongodb-schema.part3.test.ts[2m > [22m[2mquery_cache vector search index[2m > [22m[2mcreates memory_evidence Search and Vector Search indexes when enabled
[22m[39m17:52:57.328 [memory:mongodb:schema] info: created session_chunks text search index

[90mstdout[2m | src/mongodb-schema.part3.test.ts[2m > [22m[2mquery_cache vector search index[2m > [22m[2mcreates memory_evidence Search and Vector Search indexes when enabled
[22m[39m17:52:57.328 [memory:mongodb:schema] info: created session_chunks vector search index

[90mstdout[2m | src/mongodb-schema.part3.test.ts[2m > [22m[2mquery_cache vector search index[2m > [22m[2mcreates memory_evidence Search and Vector Search indexes when enabled
[22m[39m17:52:57.328 [memory:mongodb:schema] info: created memory_evidence text search index

[90mstdout[2m | src/mongodb-schema.part3.test.ts[2m > [22m[2mquery_cache vector search index[2m > [22m[2mcreates memory_evidence Search and Vector Search indexes when enabled
[22m[39m17:52:57.328 [memory:mongodb:schema] info: created memory_evidence vector search index

[90mstdout[2m | src/mongodb-schema.part3.test.ts[2m > [22m[2mquery_cache vector search index[2m > [22m[2mcreates memory_evidence Search and Vector Search indexes when enabled
[22m[39m17:52:57.328 [memory:mongodb:schema] info: created entity autocomplete search index

[90mstdout[2m | src/mongodb-schema.part3.test.ts[2m > [22m[2mquery_cache vector search index[2m > [22m[2mcreates memory_evidence Search and Vector Search indexes when enabled
[22m[39m17:52:57.329 [memory:mongodb:schema] info: created episode autocomplete search index

[90mstdout[2m | src/mongodb-schema.part3.test.ts[2m > [22m[2mtelemetry time series collection[2m > [22m[2mensureCollections creates memory_telemetry time series collection
[22m[39m17:52:57.329 [memory:mongodb:schema] info: created collection test_chunks

[90mstdout[2m | src/mongodb-schema.part3.test.ts[2m > [22m[2mtelemetry time series collection[2m > [22m[2mensureCollections creates memory_telemetry time series collection
[22m[39m17:52:57.329 [memory:mongodb:schema] info: created collection test_files

[90mstdout[2m | src/mongodb-schema.part3.test.ts[2m > [22m[2mtelemetry time series collection[2m > [22m[2mensureCollections creates memory_telemetry time series collection
[22m[39m17:52:57.329 [memory:mongodb:schema] info: created collection test_meta

[90mstdout[2m | src/mongodb-schema.part3.test.ts[2m > [22m[2mtelemetry time series collection[2m > [22m[2mensureCollections creates memory_telemetry time series collection
[22m[39m17:52:57.329 [memory:mongodb:schema] info: created collection test_knowledge_base

[90mstdout[2m | src/mongodb-schema.test.ts[2m > [22m[2mensureStandardIndexes[2m > [22m[2mcreates memory_evidence indexes only when the evidence mirror is enabled
[22m[39m17:52:57.329 [memory:mongodb:schema] info: ensured 46 standard indexes

[90mstdout[2m | src/mongodb-schema.part3.test.ts[2m > [22m[2mtelemetry time series collection[2m > [22m[2mensureCollections creates memory_telemetry time series collection
[22m[39m17:52:57.329 [memory:mongodb:schema] info: created collection test_kb_chunks

[90mstdout[2m | src/mongodb-schema.part3.test.ts[2m > [22m[2mtelemetry time series collection[2m > [22m[2mensureCollections creates memory_telemetry time series collection
[22m[39m17:52:57.329 [memory:mongodb:schema] info: created collection test_structured_mem

[90mstdout[2m | src/mongodb-schema.part3.test.ts[2m > [22m[2mtelemetry time series collection[2m > [22m[2mensureCollections creates memory_telemetry time series collection
[22m[39m17:52:57.329 [memory:mongodb:schema] info: created collection test_structured_mem_revisions

[90mstdout[2m | src/mongodb-schema.part3.test.ts[2m > [22m[2mtelemetry time series collection[2m > [22m[2mensureCollections creates memory_telemetry time series collection
[22m[39m17:52:57.329 [memory:mongodb:schema] info: created collection test_procedures

[90mstdout[2m | src/mongodb-schema.part3.test.ts[2m > [22m[2mtelemetry time series collection[2m > [22m[2mensureCollections creates memory_telemetry time series collection
[22m[39m17:52:57.329 [memory:mongodb:schema] info: created collection test_procedure_revisions

[90mstdout[2m | src/mongodb-schema.part3.test.ts[2m > [22m[2mtelemetry time series collection[2m > [22m[2mensureCollections creates memory_telemetry time series collection
[22m[39m17:52:57.329 [memory:mongodb:schema] info: created collection test_relevance_runs

[90mstdout[2m | src/mongodb-schema.part3.test.ts[2m > [22m[2mtelemetry time series collection[2m > [22m[2mensureCollections creates memory_telemetry time series collection
[22m[39m17:52:57.329 [memory:mongodb:schema] info: created collection test_relevance_artifacts

[90mstdout[2m | src/mongodb-schema.part3.test.ts[2m > [22m[2mtelemetry time series collection[2m > [22m[2mensureCollections creates memory_telemetry time series collection
[22m[39m17:52:57.330 [memory:mongodb:schema] info: created collection test_relevance_regressions

[90mstdout[2m | src/mongodb-schema.part3.test.ts[2m > [22m[2mtelemetry time series collection[2m > [22m[2mensureCollections creates memory_telemetry time series collection
[22m[39m17:52:57.330 [memory:mongodb:schema] info: created collection test_events

[90mstdout[2m | src/mongodb-schema.part3.test.ts[2m > [22m[2mtelemetry time series collection[2m > [22m[2mensureCollections creates memory_telemetry time series collection
[22m[39m17:52:57.330 [memory:mongodb:schema] info: created collection test_entities

[90mstdout[2m | src/mongodb-schema.part3.test.ts[2m > [22m[2mtelemetry time series collection[2m > [22m[2mensureCollections creates memory_telemetry time series collection
[22m[39m17:52:57.330 [memory:mongodb:schema] info: created collection test_relations

[90mstdout[2m | src/mongodb-schema.part3.test.ts[2m > [22m[2mtelemetry time series collection[2m > [22m[2mensureCollections creates memory_telemetry time series collection
[22m[39m17:52:57.330 [memory:mongodb:schema] info: created collection test_entity_links

[90mstdout[2m | src/mongodb-schema.part3.test.ts[2m > [22m[2mtelemetry time series collection[2m > [22m[2mensureCollections creates memory_telemetry time series collection
[22m[39m17:52:57.330 [memory:mongodb:schema] info: created collection test_episodes

[90mstdout[2m | src/mongodb-schema.part3.test.ts[2m > [22m[2mtelemetry time series collection[2m > [22m[2mensureCollections creates memory_telemetry time series collection
[22m[39m17:52:57.330 [memory:mongodb:schema] info: created collection test_ingest_runs

[90mstdout[2m | src/mongodb-schema.part3.test.ts[2m > [22m[2mtelemetry time series collection[2m > [22m[2mensureCollections creates memory_telemetry time series collection
[22m[39m17:52:57.330 [memory:mongodb:schema] info: created collection test_projection_runs

[90mstdout[2m | src/mongodb-schema.part3.test.ts[2m > [22m[2mtelemetry time series collection[2m > [22m[2mensureCollections creates memory_telemetry time series collection
[22m[39m17:52:57.330 [memory:mongodb:schema] info: created collection test_query_cache

[90mstdout[2m | src/mongodb-schema.part3.test.ts[2m > [22m[2mtelemetry time series collection[2m > [22m[2mensureCollections creates memory_telemetry time series collection
[22m[39m17:52:57.330 [memory:mongodb:schema] info: created collection test_memory_mutations

[90mstdout[2m | src/mongodb-schema.part3.test.ts[2m > [22m[2mtelemetry time series collection[2m > [22m[2mensureCollections creates memory_telemetry time series collection
[22m[39m17:52:57.330 [memory:mongodb:schema] info: created collection test_lane_coverage

[90mstdout[2m | src/mongodb-schema.test.ts[2m > [22m[2mensureStandardIndexes[2m > [22m[2mcreates bi-temporal compound index on events ()
[22m[39m17:52:57.330 [memory:mongodb:schema] info: ensured 42 standard indexes

[90mstdout[2m | src/mongodb-schema.part3.test.ts[2m > [22m[2mtelemetry time series collection[2m > [22m[2mensureCollections creates memory_telemetry time series collection
[22m[39m17:52:57.330 [memory:mongodb:schema] info: created collection test_consolidation_runs

[90mstdout[2m | src/mongodb-schema.part3.test.ts[2m > [22m[2mtelemetry time series collection[2m > [22m[2mensureCollections creates memory_telemetry time series collection
[22m[39m17:52:57.330 [memory:mongodb:schema] info: created collection test_recall_traces

[90mstdout[2m | src/mongodb-schema.part3.test.ts[2m > [22m[2mtelemetry time series collection[2m > [22m[2mensureCollections creates memory_telemetry time series collection
[22m[39m17:52:57.330 [memory:mongodb:schema] info: created collection test_memory_jobs

[90mstdout[2m | src/mongodb-schema.part3.test.ts[2m > [22m[2mtelemetry time series collection[2m > [22m[2mensureCollections creates memory_telemetry time series collection
[22m[39m17:52:57.330 [memory:mongodb:schema] info: created collection test_session_chunks

[90mstdout[2m | src/mongodb-schema.part3.test.ts[2m > [22m[2mtelemetry time series collection[2m > [22m[2mensureCollections creates memory_telemetry time series collection
[22m[39m17:52:57.330 [memory:mongodb:schema] info: created collection test_memory_quarantine

[90mstdout[2m | src/mongodb-schema.part3.test.ts[2m > [22m[2mtelemetry time series collection[2m > [22m[2mensureCollections creates memory_telemetry time series collection
[22m[39m17:52:57.331 [memory:mongodb:schema] info: created time series collection test_memory_telemetry

[90mstdout[2m | src/mongodb-schema.part3.test.ts[2m > [22m[2mtelemetry time series collection[2m > [22m[2mensureCollections creates memory_telemetry time series collection
[22m[39m17:52:57.331 [memory:mongodb:schema] info: created telemetry collection test_memory_telemetry

[90mstdout[2m | src/mongodb-schema.part3.test.ts[2m > [22m[2mtelemetry time series collection[2m > [22m[2mensureCollections creates memory_telemetry time series collection
[22m[39m17:52:57.331 [memory:mongodb:schema] info: created time series collection test_access_events

[90mstdout[2m | src/mongodb-schema.part3.test.ts[2m > [22m[2mtelemetry time series collection[2m > [22m[2mensureCollections creates memory_telemetry time series collection
[22m[39m17:52:57.331 [memory:mongodb:schema] info: created access events collection test_access_events

[90mstdout[2m | src/mongodb-schema.part3.test.ts[2m > [22m[2mtelemetry time series collection[2m > [22m[2mensureCollections creates memory_telemetry time series collection
[22m[39m17:52:57.331 [memory:mongodb:schema] info: applied schema validation to test_chunks

[90mstdout[2m | src/mongodb-schema.part3.test.ts[2m > [22m[2mtelemetry time series collection[2m > [22m[2mensureCollections creates memory_telemetry time series collection
[22m[39m17:52:57.331 [memory:mongodb:schema] info: applied schema validation to test_knowledge_base

[90mstdout[2m | src/mongodb-schema.part3.test.ts[2m > [22m[2mtelemetry time series collection[2m > [22m[2mensureCollections creates memory_telemetry time series collection
[22m[39m17:52:57.331 [memory:mongodb:schema] info: applied schema validation to test_kb_chunks

[90mstdout[2m | src/mongodb-schema.part3.test.ts[2m > [22m[2mtelemetry time series collection[2m > [22m[2mensureCollections creates memory_telemetry time series collection
[22m[39m17:52:57.331 [memory:mongodb:schema] info: applied schema validation to test_structured_mem

[90mstdout[2m | src/mongodb-schema.part3.test.ts[2m > [22m[2mtelemetry time series collection[2m > [22m[2mensureCollections creates memory_telemetry time series collection
[22m[39m17:52:57.331 [memory:mongodb:schema] info: applied schema validation to test_structured_mem_revisions

[90mstdout[2m | src/mongodb-schema.part3.test.ts[2m > [22m[2mtelemetry time series collection[2m > [22m[2mensureCollections creates memory_telemetry time series collection
[22m[39m17:52:57.331 [memory:mongodb:schema] info: applied schema validation to test_procedures

[90mstdout[2m | src/mongodb-schema.part3.test.ts[2m > [22m[2mtelemetry time series collection[2m > [22m[2mensureCollections creates memory_telemetry time series collection
[22m[39m17:52:57.331 [memory:mongodb:schema] info: applied schema validation to test_procedure_revisions

[90mstdout[2m | src/mongodb-schema.part3.test.ts[2m > [22m[2mtelemetry time series collection[2m > [22m[2mensureCollections creates memory_telemetry time series collection
[22m[39m17:52:57.331 [memory:mongodb:schema] info: applied schema validation to test_relevance_runs

[90mstdout[2m | src/mongodb-schema.part3.test.ts[2m > [22m[2mtelemetry time series collection[2m > [22m[2mensureCollections creates memory_telemetry time series collection
[22m[39m17:52:57.331 [memory:mongodb:schema] info: applied schema validation to test_relevance_artifacts

[90mstdout[2m | src/mongodb-schema.part3.test.ts[2m > [22m[2mtelemetry time series collection[2m > [22m[2mensureCollections creates memory_telemetry time series collection
[22m[39m17:52:57.331 [memory:mongodb:schema] info: applied schema validation to test_relevance_regressions

[90mstdout[2m | src/mongodb-schema.part3.test.ts[2m > [22m[2mtelemetry time series collection[2m > [22m[2mensureCollections creates memory_telemetry time series collection
[22m[39m17:52:57.331 [memory:mongodb:schema] info: applied schema validation to test_events

[90mstdout[2m | src/mongodb-schema.part3.test.ts[2m > [22m[2mtelemetry time series collection[2m > [22m[2mensureCollections creates memory_telemetry time series collection
[22m[39m17:52:57.331 [memory:mongodb:schema] info: applied schema validation to test_entities

[90mstdout[2m | src/mongodb-schema.part3.test.ts[2m > [22m[2mtelemetry time series collection[2m > [22m[2mensureCollections creates memory_telemetry time series collection
[22m[39m17:52:57.331 [memory:mongodb:schema] info: applied schema validation to test_relations

[90mstdout[2m | src/mongodb-schema.part3.test.ts[2m > [22m[2mtelemetry time series collection[2m > [22m[2mensureCollections creates memory_telemetry time series collection
[22m[39m17:52:57.331 [memory:mongodb:schema] info: applied schema validation to test_entity_links

[90mstdout[2m | src/mongodb-schema.part3.test.ts[2m > [22m[2mtelemetry time series collection[2m > [22m[2mensureCollections creates memory_telemetry time series collection
[22m[39m17:52:57.331 [memory:mongodb:schema] info: applied schema validation to test_episodes

[90mstdout[2m | src/mongodb-schema.part3.test.ts[2m > [22m[2mtelemetry time series collection[2m > [22m[2mensureCollections creates memory_telemetry time series collection
[22m[39m17:52:57.331 [memory:mongodb:schema] info: applied schema validation to test_ingest_runs

[90mstdout[2m | src/mongodb-schema.part3.test.ts[2m > [22m[2mtelemetry time series collection[2m > [22m[2mensureCollections creates memory_telemetry time series collection
[22m[39m17:52:57.331 [memory:mongodb:schema] info: applied schema validation to test_projection_runs

[90mstdout[2m | src/mongodb-schema.test.ts[2m > [22m[2mensureStandardIndexes[2m > [22m[2mcreates a defensive $text index on text field
[22m[39m17:52:57.331 [memory:mongodb:schema] info: ensured 42 standard indexes

[90mstdout[2m | src/mongodb-schema.part3.test.ts[2m > [22m[2mtelemetry time series collection[2m > [22m[2mensureCollections creates memory_telemetry time series collection
[22m[39m17:52:57.331 [memory:mongodb:schema] info: applied schema validation to test_query_cache

[90mstdout[2m | src/mongodb-schema.part3.test.ts[2m > [22m[2mtelemetry time series collection[2m > [22m[2mensureCollections creates memory_telemetry time series collection
[22m[39m17:52:57.331 [memory:mongodb:schema] info: applied schema validation to test_memory_mutations

[90mstdout[2m | src/mongodb-schema.part3.test.ts[2m > [22m[2mtelemetry time series collection[2m > [22m[2mensureCollections creates memory_telemetry time series collection
[22m[39m17:52:57.331 [memory:mongodb:schema] info: applied schema validation to test_recall_traces

[90mstdout[2m | src/mongodb-schema.part3.test.ts[2m > [22m[2mtelemetry time series collection[2m > [22m[2mensureCollections creates memory_telemetry time series collection
[22m[39m17:52:57.331 [memory:mongodb:schema] info: applied schema validation to test_memory_jobs

[90mstdout[2m | src/mongodb-schema.part3.test.ts[2m > [22m[2mtelemetry time series collection[2m > [22m[2mensureCollections creates memory_telemetry time series collection
[22m[39m17:52:57.331 [memory:mongodb:schema] info: applied schema validation to test_memory_quarantine

[90mstdout[2m | src/mongodb-schema.part3.test.ts[2m > [22m[2mtelemetry time series collection[2m > [22m[2mensureCollections creates memory_telemetry time series collection
[22m[39m17:52:57.331 [memory:mongodb:schema] info: applied schema validation to test_files

[90mstdout[2m | src/mongodb-schema.part3.test.ts[2m > [22m[2mtelemetry time series collection[2m > [22m[2mensureCollections skips memory_telemetry when it already exists
[22m[39m17:52:57.331 [memory:mongodb:schema] info: created collection test_chunks

[90mstdout[2m | src/mongodb-schema.part3.test.ts[2m > [22m[2mtelemetry time series collection[2m > [22m[2mensureCollections skips memory_telemetry when it already exists
[22m[39m17:52:57.332 [memory:mongodb:schema] info: created collection test_files

[90mstdout[2m | src/mongodb-schema.part3.test.ts[2m > [22m[2mtelemetry time series collection[2m > [22m[2mensureCollections skips memory_telemetry when it already exists
[22m[39m17:52:57.332 [memory:mongodb:schema] info: created collection test_meta

[90mstdout[2m | src/mongodb-schema.part3.test.ts[2m > [22m[2mtelemetry time series collection[2m > [22m[2mensureCollections skips memory_telemetry when it already exists
[22m[39m17:52:57.332 [memory:mongodb:schema] info: created collection test_knowledge_base

[90mstdout[2m | src/mongodb-schema.part3.test.ts[2m > [22m[2mtelemetry time series collection[2m > [22m[2mensureCollections skips memory_telemetry when it already exists
[22m[39m17:52:57.332 [memory:mongodb:schema] info: created collection test_kb_chunks

[90mstdout[2m | src/mongodb-schema.part3.test.ts[2m > [22m[2mtelemetry time series collection[2m > [22m[2mensureCollections skips memory_telemetry when it already exists
[22m[39m17:52:57.332 [memory:mongodb:schema] info: created collection test_structured_mem

[90mstdout[2m | src/mongodb-schema.part3.test.ts[2m > [22m[2mtelemetry time series collection[2m > [22m[2mensureCollections skips memory_telemetry when it already exists
[22m[39m17:52:57.332 [memory:mongodb:schema] info: created collection test_structured_mem_revisions

[90mstdout[2m | src/mongodb-schema.part3.test.ts[2m > [22m[2mtelemetry time series collection[2m > [22m[2mensureCollections skips memory_telemetry when it already exists
[22m[39m17:52:57.332 [memory:mongodb:schema] info: created collection test_procedures

[90mstdout[2m | src/mongodb-schema.part3.test.ts[2m > [22m[2mtelemetry time series collection[2m > [22m[2mensureCollections skips memory_telemetry when it already exists
[22m[39m17:52:57.332 [memory:mongodb:schema] info: created collection test_procedure_revisions

[90mstdout[2m | src/mongodb-schema.part3.test.ts[2m > [22m[2mtelemetry time series collection[2m > [22m[2mensureCollections skips memory_telemetry when it already exists
[22m[39m17:52:57.332 [memory:mongodb:schema] info: created collection test_relevance_runs

[90mstderr[2m | src/mongodb-schema.test.ts[2m > [22m[2mensureStandardIndexes[2m > [22m[2mcreates TTL index on files collection when memoryTtlDays is set
[22m[39m17:52:57.331 [memory:mongodb:schema] warn: created TTL index on files: 90 days — old memory files will be auto-deleted

[90mstdout[2m | src/mongodb-schema.part3.test.ts[2m > [22m[2mtelemetry time series collection[2m > [22m[2mensureCollections skips memory_telemetry when it already exists
[22m[39m17:52:57.332 [memory:mongodb:schema] info: created collection test_relevance_artifacts

[90mstdout[2m | src/mongodb-schema.part3.test.ts[2m > [22m[2mtelemetry time series collection[2m > [22m[2mensureCollections skips memory_telemetry when it already exists
[22m[39m17:52:57.332 [memory:mongodb:schema] info: created collection test_relevance_regressions

[90mstdout[2m | src/mongodb-schema.part3.test.ts[2m > [22m[2mtelemetry time series collection[2m > [22m[2mensureCollections skips memory_telemetry when it already exists
[22m[39m17:52:57.332 [memory:mongodb:schema] info: created collection test_events

[90mstdout[2m | src/mongodb-schema.part3.test.ts[2m > [22m[2mtelemetry time series collection[2m > [22m[2mensureCollections skips memory_telemetry when it already exists
[22m[39m17:52:57.332 [memory:mongodb:schema] info: created collection test_entities

[90mstdout[2m | src/mongodb-schema.part3.test.ts[2m > [22m[2mtelemetry time series collection[2m > [22m[2mensureCollections skips memory_telemetry when it already exists
[22m[39m17:52:57.332 [memory:mongodb:schema] info: created collection test_relations

[90mstdout[2m | src/mongodb-schema.part3.test.ts[2m > [22m[2mtelemetry time series collection[2m > [22m[2mensureCollections skips memory_telemetry when it already exists
[22m[39m17:52:57.332 [memory:mongodb:schema] info: created collection test_entity_links

[90mstdout[2m | src/mongodb-schema.part3.test.ts[2m > [22m[2mtelemetry time series collection[2m > [22m[2mensureCollections skips memory_telemetry when it already exists
[22m[39m17:52:57.332 [memory:mongodb:schema] info: created collection test_episodes

[90mstdout[2m | src/mongodb-schema.part3.test.ts[2m > [22m[2mtelemetry time series collection[2m > [22m[2mensureCollections skips memory_telemetry when it already exists
[22m[39m17:52:57.332 [memory:mongodb:schema] info: created collection test_ingest_runs

[90mstdout[2m | src/mongodb-schema.part3.test.ts[2m > [22m[2mtelemetry time series collection[2m > [22m[2mensureCollections skips memory_telemetry when it already exists
[22m[39m17:52:57.333 [memory:mongodb:schema] info: created collection test_projection_runs

[90mstdout[2m | src/mongodb-schema.part3.test.ts[2m > [22m[2mtelemetry time series collection[2m > [22m[2mensureCollections skips memory_telemetry when it already exists
[22m[39m17:52:57.333 [memory:mongodb:schema] info: created collection test_query_cache

[90mstdout[2m | src/mongodb-schema.part3.test.ts[2m > [22m[2mtelemetry time series collection[2m > [22m[2mensureCollections skips memory_telemetry when it already exists
[22m[39m17:52:57.333 [memory:mongodb:schema] info: created collection test_memory_mutations

[90mstdout[2m | src/mongodb-schema.part3.test.ts[2m > [22m[2mtelemetry time series collection[2m > [22m[2mensureCollections skips memory_telemetry when it already exists
[22m[39m17:52:57.333 [memory:mongodb:schema] info: created collection test_lane_coverage

[90mstdout[2m | src/mongodb-schema.part3.test.ts[2m > [22m[2mtelemetry time series collection[2m > [22m[2mensureCollections skips memory_telemetry when it already exists
[22m[39m17:52:57.333 [memory:mongodb:schema] info: created collection test_consolidation_runs

[90mstdout[2m | src/mongodb-schema.part3.test.ts[2m > [22m[2mtelemetry time series collection[2m > [22m[2mensureCollections skips memory_telemetry when it already exists
[22m[39m17:52:57.333 [memory:mongodb:schema] info: created collection test_recall_traces

[90mstdout[2m | src/mongodb-schema.test.ts[2m > [22m[2mensureStandardIndexes[2m > [22m[2mcreates TTL index on files collection when memoryTtlDays is set
[22m[39m17:52:57.333 [memory:mongodb:schema] info: ensured 42 standard indexes

[90mstdout[2m | src/mongodb-schema.part3.test.ts[2m > [22m[2mtelemetry time series collection[2m > [22m[2mensureCollections skips memory_telemetry when it already exists
[22m[39m17:52:57.333 [memory:mongodb:schema] info: created collection test_memory_jobs

[90mstdout[2m | src/mongodb-schema.part3.test.ts[2m > [22m[2mtelemetry time series collection[2m > [22m[2mensureCollections skips memory_telemetry when it already exists
[22m[39m17:52:57.333 [memory:mongodb:schema] info: created collection test_session_chunks

[90mstdout[2m | src/mongodb-schema.part3.test.ts[2m > [22m[2mtelemetry time series collection[2m > [22m[2mensureCollections skips memory_telemetry when it already exists
[22m[39m17:52:57.333 [memory:mongodb:schema] info: created collection test_memory_quarantine

[90mstdout[2m | src/mongodb-schema.part3.test.ts[2m > [22m[2mtelemetry time series collection[2m > [22m[2mensureCollections skips memory_telemetry when it already exists
[22m[39m17:52:57.333 [memory:mongodb:schema] info: created time series collection test_access_events

[90mstdout[2m | src/mongodb-schema.part3.test.ts[2m > [22m[2mtelemetry time series collection[2m > [22m[2mensureCollections skips memory_telemetry when it already exists
[22m[39m17:52:57.333 [memory:mongodb:schema] info: created access events collection test_access_events

[90mstdout[2m | src/mongodb-schema.part3.test.ts[2m > [22m[2mtelemetry time series collection[2m > [22m[2mensureCollections skips memory_telemetry when it already exists
[22m[39m17:52:57.333 [memory:mongodb:schema] info: applied schema validation to test_chunks

[90mstdout[2m | src/mongodb-schema.part3.test.ts[2m > [22m[2mtelemetry time series collection[2m > [22m[2mensureCollections skips memory_telemetry when it already exists
[22m[39m17:52:57.333 [memory:mongodb:schema] info: applied schema validation to test_knowledge_base

[90mstdout[2m | src/mongodb-schema.part3.test.ts[2m > [22m[2mtelemetry time series collection[2m > [22m[2mensureCollections skips memory_telemetry when it already exists
[22m[39m17:52:57.333 [memory:mongodb:schema] info: applied schema validation to test_kb_chunks

[90mstdout[2m | src/mongodb-schema.part3.test.ts[2m > [22m[2mtelemetry time series collection[2m > [22m[2mensureCollections skips memory_telemetry when it already exists
[22m[39m17:52:57.333 [memory:mongodb:schema] info: applied schema validation to test_structured_mem

[90mstdout[2m | src/mongodb-schema.part3.test.ts[2m > [22m[2mtelemetry time series collection[2m > [22m[2mensureCollections skips memory_telemetry when it already exists
[22m[39m17:52:57.333 [memory:mongodb:schema] info: applied schema validation to test_structured_mem_revisions

[90mstdout[2m | src/mongodb-schema.part3.test.ts[2m > [22m[2mtelemetry time series collection[2m > [22m[2mensureCollections skips memory_telemetry when it already exists
[22m[39m17:52:57.333 [memory:mongodb:schema] info: applied schema validation to test_procedures

[90mstdout[2m | src/mongodb-schema.part3.test.ts[2m > [22m[2mtelemetry time series collection[2m > [22m[2mensureCollections skips memory_telemetry when it already exists
[22m[39m17:52:57.333 [memory:mongodb:schema] info: applied schema validation to test_procedure_revisions

[90mstdout[2m | src/mongodb-schema.part3.test.ts[2m > [22m[2mtelemetry time series collection[2m > [22m[2mensureCollections skips memory_telemetry when it already exists
[22m[39m17:52:57.333 [memory:mongodb:schema] info: applied schema validation to test_relevance_runs

[90mstdout[2m | src/mongodb-schema.part3.test.ts[2m > [22m[2mtelemetry time series collection[2m > [22m[2mensureCollections skips memory_telemetry when it already exists
[22m[39m17:52:57.333 [memory:mongodb:schema] info: applied schema validation to test_relevance_artifacts

[90mstdout[2m | src/mongodb-schema.part3.test.ts[2m > [22m[2mtelemetry time series collection[2m > [22m[2mensureCollections skips memory_telemetry when it already exists
[22m[39m17:52:57.333 [memory:mongodb:schema] info: applied schema validation to test_relevance_regressions

[90mstdout[2m | src/mongodb-schema.part3.test.ts[2m > [22m[2mtelemetry time series collection[2m > [22m[2mensureCollections skips memory_telemetry when it already exists
[22m[39m17:52:57.333 [memory:mongodb:schema] info: applied schema validation to test_events

[90mstdout[2m | src/mongodb-schema.part3.test.ts[2m > [22m[2mtelemetry time series collection[2m > [22m[2mensureCollections skips memory_telemetry when it already exists
[22m[39m17:52:57.333 [memory:mongodb:schema] info: applied schema validation to test_entities

[90mstdout[2m | src/mongodb-schema.part3.test.ts[2m > [22m[2mtelemetry time series collection[2m > [22m[2mensureCollections skips memory_telemetry when it already exists
[22m[39m17:52:57.333 [memory:mongodb:schema] info: applied schema validation to test_relations

[90mstdout[2m | src/mongodb-schema.part3.test.ts[2m > [22m[2mtelemetry time series collection[2m > [22m[2mensureCollections skips memory_telemetry when it already exists
[22m[39m17:52:57.333 [memory:mongodb:schema] info: applied schema validation to test_entity_links

[90mstdout[2m | src/mongodb-schema.part3.test.ts[2m > [22m[2mtelemetry time series collection[2m > [22m[2mensureCollections skips memory_telemetry when it already exists
[22m[39m17:52:57.333 [memory:mongodb:schema] info: applied schema validation to test_episodes

[90mstdout[2m | src/mongodb-schema.part3.test.ts[2m > [22m[2mtelemetry time series collection[2m > [22m[2mensureCollections skips memory_telemetry when it already exists
[22m[39m17:52:57.333 [memory:mongodb:schema] info: applied schema validation to test_ingest_runs

[90mstdout[2m | src/mongodb-schema.part3.test.ts[2m > [22m[2mtelemetry time series collection[2m > [22m[2mensureCollections skips memory_telemetry when it already exists
[22m[39m17:52:57.334 [memory:mongodb:schema] info: applied schema validation to test_projection_runs

[90mstdout[2m | src/mongodb-schema.part3.test.ts[2m > [22m[2mtelemetry time series collection[2m > [22m[2mensureCollections skips memory_telemetry when it already exists
[22m[39m17:52:57.334 [memory:mongodb:schema] info: applied schema validation to test_query_cache

[90mstdout[2m | src/mongodb-schema.part3.test.ts[2m > [22m[2mtelemetry time series collection[2m > [22m[2mensureCollections skips memory_telemetry when it already exists
[22m[39m17:52:57.334 [memory:mongodb:schema] info: applied schema validation to test_memory_mutations

[90mstdout[2m | src/mongodb-schema.part3.test.ts[2m > [22m[2mtelemetry time series collection[2m > [22m[2mensureCollections skips memory_telemetry when it already exists
[22m[39m17:52:57.334 [memory:mongodb:schema] info: applied schema validation to test_recall_traces

[90mstdout[2m | src/mongodb-schema.part3.test.ts[2m > [22m[2mtelemetry time series collection[2m > [22m[2mensureCollections skips memory_telemetry when it already exists
[22m[39m17:52:57.334 [memory:mongodb:schema] info: applied schema validation to test_memory_jobs

[90mstdout[2m | src/mongodb-schema.part3.test.ts[2m > [22m[2mtelemetry time series collection[2m > [22m[2mensureCollections skips memory_telemetry when it already exists
[22m[39m17:52:57.334 [memory:mongodb:schema] info: applied schema validation to test_memory_quarantine

[90mstdout[2m | src/mongodb-schema.part3.test.ts[2m > [22m[2mtelemetry time series collection[2m > [22m[2mensureCollections skips memory_telemetry when it already exists
[22m[39m17:52:57.334 [memory:mongodb:schema] info: applied schema validation to test_files

[90mstdout[2m | src/mongodb-schema.part3.test.ts[2m > [22m[2maccess events time series collection[2m > [22m[2mensureCollections creates access_events time series collection
[22m[39m17:52:57.334 [memory:mongodb:schema] info: created collection test_chunks

[90mstdout[2m | src/mongodb-schema.part3.test.ts[2m > [22m[2maccess events time series collection[2m > [22m[2mensureCollections creates access_events time series collection
[22m[39m17:52:57.334 [memory:mongodb:schema] info: created collection test_files

[90mstdout[2m | src/mongodb-schema.test.ts[2m > [22m[2mensureStandardIndexes[2m > [22m[2mskips files TTL index when memoryTtlDays is 0
[22m[39m17:52:57.334 [memory:mongodb:schema] info: ensured 42 standard indexes

[90mstdout[2m | src/mongodb-schema.part3.test.ts[2m > [22m[2maccess events time series collection[2m > [22m[2mensureCollections creates access_events time series collection
[22m[39m17:52:57.334 [memory:mongodb:schema] info: created collection test_meta

[90mstdout[2m | src/mongodb-schema.test.ts[2m > [22m[2mensureStandardIndexes[2m > [22m[2mindex count includes relevance telemetry indexes and v2 collection indexes
[22m[39m17:52:57.335 [memory:mongodb:schema] info: ensured 42 standard indexes

[90mstdout[2m | src/mongodb-schema.part3.test.ts[2m > [22m[2maccess events time series collection[2m > [22m[2mensureCollections creates access_events time series collection
[22m[39m17:52:57.334 [memory:mongodb:schema] info: created collection test_knowledge_base

[90mstdout[2m | src/mongodb-schema.part3.test.ts[2m > [22m[2maccess events time series collection[2m > [22m[2mensureCollections creates access_events time series collection
[22m[39m17:52:57.335 [memory:mongodb:schema] info: created collection test_kb_chunks

[90mstdout[2m | src/mongodb-schema.part3.test.ts[2m > [22m[2maccess events time series collection[2m > [22m[2mensureCollections creates access_events time series collection
[22m[39m17:52:57.335 [memory:mongodb:schema] info: created collection test_structured_mem

[90mstdout[2m | src/mongodb-schema.part3.test.ts[2m > [22m[2maccess events time series collection[2m > [22m[2mensureCollections creates access_events time series collection
[22m[39m17:52:57.335 [memory:mongodb:schema] info: created collection test_structured_mem_revisions

[90mstdout[2m | src/mongodb-schema.part3.test.ts[2m > [22m[2maccess events time series collection[2m > [22m[2mensureCollections creates access_events time series collection
[22m[39m17:52:57.335 [memory:mongodb:schema] info: created collection test_procedures

[90mstdout[2m | src/mongodb-schema.part3.test.ts[2m > [22m[2maccess events time series collection[2m > [22m[2mensureCollections creates access_events time series collection
[22m[39m17:52:57.335 [memory:mongodb:schema] info: created collection test_procedure_revisions

[90mstdout[2m | src/mongodb-schema.part3.test.ts[2m > [22m[2maccess events time series collection[2m > [22m[2mensureCollections creates access_events time series collection
[22m[39m17:52:57.336 [memory:mongodb:schema] info: created collection test_relevance_runs

[90mstdout[2m | src/mongodb-schema.part3.test.ts[2m > [22m[2maccess events time series collection[2m > [22m[2mensureCollections creates access_events time series collection
[22m[39m17:52:57.336 [memory:mongodb:schema] info: created collection test_relevance_artifacts

[90mstdout[2m | src/mongodb-schema.part3.test.ts[2m > [22m[2maccess events time series collection[2m > [22m[2mensureCollections creates access_events time series collection
[22m[39m17:52:57.336 [memory:mongodb:schema] info: created collection test_relevance_regressions

[90mstdout[2m | src/mongodb-schema.part3.test.ts[2m > [22m[2maccess events time series collection[2m > [22m[2mensureCollections creates access_events time series collection
[22m[39m17:52:57.336 [memory:mongodb:schema] info: created collection test_events

[90mstdout[2m | src/mongodb-schema.test.ts[2m > [22m[2mensureStandardIndexes[2m > [22m[2mcreates relevance TTL indexes when relevanceRetentionDays is set
[22m[39m17:52:57.336 [memory:mongodb:schema] info: ensured 42 standard indexes

[90mstdout[2m | src/mongodb-schema.part3.test.ts[2m > [22m[2maccess events time series collection[2m > [22m[2mensureCollections creates access_events time series collection
[22m[39m17:52:57.336 [memory:mongodb:schema] info: created collection test_entities

[90mstdout[2m | src/mongodb-schema.part3.test.ts[2m > [22m[2maccess events time series collection[2m > [22m[2mensureCollections creates access_events time series collection
[22m[39m17:52:57.336 [memory:mongodb:schema] info: created collection test_relations

[90mstdout[2m | src/mongodb-schema.part3.test.ts[2m > [22m[2maccess events time series collection[2m > [22m[2mensureCollections creates access_events time series collection
[22m[39m17:52:57.336 [memory:mongodb:schema] info: created collection test_entity_links

[90mstdout[2m | src/mongodb-schema.part3.test.ts[2m > [22m[2maccess events time series collection[2m > [22m[2mensureCollections creates access_events time series collection
[22m[39m17:52:57.336 [memory:mongodb:schema] info: created collection test_episodes

[90mstdout[2m | src/mongodb-schema.part3.test.ts[2m > [22m[2maccess events time series collection[2m > [22m[2mensureCollections creates access_events time series collection
[22m[39m17:52:57.336 [memory:mongodb:schema] info: created collection test_ingest_runs

[90mstdout[2m | src/mongodb-schema.part3.test.ts[2m > [22m[2maccess events time series collection[2m > [22m[2mensureCollections creates access_events time series collection
[22m[39m17:52:57.336 [memory:mongodb:schema] info: created collection test_projection_runs

[90mstdout[2m | src/mongodb-schema.part3.test.ts[2m > [22m[2maccess events time series collection[2m > [22m[2mensureCollections creates access_events time series collection
[22m[39m17:52:57.336 [memory:mongodb:schema] info: created collection test_query_cache

[90mstdout[2m | src/mongodb-schema.part3.test.ts[2m > [22m[2maccess events time series collection[2m > [22m[2mensureCollections creates access_events time series collection
[22m[39m17:52:57.337 [memory:mongodb:schema] info: created collection test_memory_mutations

[90mstdout[2m | src/mongodb-schema.part3.test.ts[2m > [22m[2maccess events time series collection[2m > [22m[2mensureCollections creates access_events time series collection
[22m[39m17:52:57.337 [memory:mongodb:schema] info: created collection test_lane_coverage

[90mstdout[2m | src/mongodb-schema.part3.test.ts[2m > [22m[2maccess events time series collection[2m > [22m[2mensureCollections creates access_events time series collection
[22m[39m17:52:57.337 [memory:mongodb:schema] info: created collection test_consolidation_runs

[90mstdout[2m | src/mongodb-schema.part3.test.ts[2m > [22m[2maccess events time series collection[2m > [22m[2mensureCollections creates access_events time series collection
[22m[39m17:52:57.338 [memory:mongodb:schema] info: created collection test_recall_traces

[90mstdout[2m | src/mongodb-schema.part3.test.ts[2m > [22m[2maccess events time series collection[2m > [22m[2mensureCollections creates access_events time series collection
[22m[39m17:52:57.338 [memory:mongodb:schema] info: created collection test_memory_jobs

[90mstdout[2m | src/mongodb-schema.part3.test.ts[2m > [22m[2maccess events time series collection[2m > [22m[2mensureCollections creates access_events time series collection
[22m[39m17:52:57.338 [memory:mongodb:schema] info: created collection test_session_chunks

[90mstdout[2m | src/mongodb-schema.part3.test.ts[2m > [22m[2maccess events time series collection[2m > [22m[2mensureCollections creates access_events time series collection
[22m[39m17:52:57.338 [memory:mongodb:schema] info: created collection test_memory_quarantine

[90mstdout[2m | src/mongodb-schema.part3.test.ts[2m > [22m[2maccess events time series collection[2m > [22m[2mensureCollections creates access_events time series collection
[22m[39m17:52:57.339 [memory:mongodb:schema] info: created time series collection test_memory_telemetry

[90mstdout[2m | src/mongodb-schema.part3.test.ts[2m > [22m[2maccess events time series collection[2m > [22m[2mensureCollections creates access_events time series collection
[22m[39m17:52:57.339 [memory:mongodb:schema] info: created telemetry collection test_memory_telemetry

[90mstdout[2m | src/mongodb-schema.part3.test.ts[2m > [22m[2maccess events time series collection[2m > [22m[2mensureCollections creates access_events time series collection
[22m[39m17:52:57.339 [memory:mongodb:schema] info: created time series collection test_access_events

[90mstdout[2m | src/mongodb-schema.part3.test.ts[2m > [22m[2maccess events time series collection[2m > [22m[2mensureCollections creates access_events time series collection
[22m[39m17:52:57.339 [memory:mongodb:schema] info: created access events collection test_access_events

[90mstdout[2m | src/mongodb-schema.part3.test.ts[2m > [22m[2maccess events time series collection[2m > [22m[2mensureCollections creates access_events time series collection
[22m[39m17:52:57.339 [memory:mongodb:schema] info: applied schema validation to test_chunks

[90mstdout[2m | src/mongodb-schema.part3.test.ts[2m > [22m[2maccess events time series collection[2m > [22m[2mensureCollections creates access_events time series collection
[22m[39m17:52:57.339 [memory:mongodb:schema] info: applied schema validation to test_knowledge_base

[90mstdout[2m | src/mongodb-schema.part3.test.ts[2m > [22m[2maccess events time series collection[2m > [22m[2mensureCollections creates access_events time series collection
[22m[39m17:52:57.339 [memory:mongodb:schema] info: applied schema validation to test_kb_chunks

[90mstdout[2m | src/mongodb-schema.part3.test.ts[2m > [22m[2maccess events time series collection[2m > [22m[2mensureCollections creates access_events time series collection
[22m[39m17:52:57.339 [memory:mongodb:schema] info: applied schema validation to test_structured_mem

[90mstdout[2m | src/mongodb-schema.part3.test.ts[2m > [22m[2maccess events time series collection[2m > [22m[2mensureCollections creates access_events time series collection
[22m[39m17:52:57.339 [memory:mongodb:schema] info: applied schema validation to test_structured_mem_revisions

[90mstdout[2m | src/mongodb-schema.part3.test.ts[2m > [22m[2maccess events time series collection[2m > [22m[2mensureCollections creates access_events time series collection
[22m[39m17:52:57.339 [memory:mongodb:schema] info: applied schema validation to test_procedures

[90mstdout[2m | src/mongodb-schema.part3.test.ts[2m > [22m[2maccess events time series collection[2m > [22m[2mensureCollections creates access_events time series collection
[22m[39m17:52:57.339 [memory:mongodb:schema] info: applied schema validation to test_procedure_revisions

[90mstdout[2m | src/mongodb-schema.part3.test.ts[2m > [22m[2maccess events time series collection[2m > [22m[2mensureCollections creates access_events time series collection
[22m[39m17:52:57.339 [memory:mongodb:schema] info: applied schema validation to test_relevance_runs

[90mstdout[2m | src/mongodb-schema.part3.test.ts[2m > [22m[2maccess events time series collection[2m > [22m[2mensureCollections creates access_events time series collection
[22m[39m17:52:57.339 [memory:mongodb:schema] info: applied schema validation to test_relevance_artifacts

[90mstdout[2m | src/mongodb-schema.part3.test.ts[2m > [22m[2maccess events time series collection[2m > [22m[2mensureCollections creates access_events time series collection
[22m[39m17:52:57.339 [memory:mongodb:schema] info: applied schema validation to test_relevance_regressions

[90mstdout[2m | src/mongodb-schema.part3.test.ts[2m > [22m[2maccess events time series collection[2m > [22m[2mensureCollections creates access_events time series collection
[22m[39m17:52:57.339 [memory:mongodb:schema] info: applied schema validation to test_events

[90mstdout[2m | src/mongodb-schema.part3.test.ts[2m > [22m[2maccess events time series collection[2m > [22m[2mensureCollections creates access_events time series collection
[22m[39m17:52:57.339 [memory:mongodb:schema] info: applied schema validation to test_entities

[90mstdout[2m | src/mongodb-schema.part3.test.ts[2m > [22m[2maccess events time series collection[2m > [22m[2mensureCollections creates access_events time series collection
[22m[39m17:52:57.339 [memory:mongodb:schema] info: applied schema validation to test_relations

[90mstdout[2m | src/mongodb-schema.part3.test.ts[2m > [22m[2maccess events time series collection[2m > [22m[2mensureCollections creates access_events time series collection
[22m[39m17:52:57.339 [memory:mongodb:schema] info: applied schema validation to test_entity_links

[90mstdout[2m | src/mongodb-schema.part3.test.ts[2m > [22m[2maccess events time series collection[2m > [22m[2mensureCollections creates access_events time series collection
[22m[39m17:52:57.339 [memory:mongodb:schema] info: applied schema validation to test_episodes

[90mstdout[2m | src/mongodb-schema.part3.test.ts[2m > [22m[2maccess events time series collection[2m > [22m[2mensureCollections creates access_events time series collection
[22m[39m17:52:57.339 [memory:mongodb:schema] info: applied schema validation to test_ingest_runs

[90mstdout[2m | src/mongodb-schema.part3.test.ts[2m > [22m[2maccess events time series collection[2m > [22m[2mensureCollections creates access_events time series collection
[22m[39m17:52:57.339 [memory:mongodb:schema] info: applied schema validation to test_projection_runs

[90mstdout[2m | src/mongodb-schema.part3.test.ts[2m > [22m[2maccess events time series collection[2m > [22m[2mensureCollections creates access_events time series collection
[22m[39m17:52:57.339 [memory:mongodb:schema] info: applied schema validation to test_query_cache

[90mstdout[2m | src/mongodb-schema.part3.test.ts[2m > [22m[2maccess events time series collection[2m > [22m[2mensureCollections creates access_events time series collection
[22m[39m17:52:57.339 [memory:mongodb:schema] info: applied schema validation to test_memory_mutations

[90mstdout[2m | src/mongodb-schema.part3.test.ts[2m > [22m[2maccess events time series collection[2m > [22m[2mensureCollections creates access_events time series collection
[22m[39m17:52:57.339 [memory:mongodb:schema] info: applied schema validation to test_recall_traces

[90mstdout[2m | src/mongodb-schema.part3.test.ts[2m > [22m[2maccess events time series collection[2m > [22m[2mensureCollections creates access_events time series collection
[22m[39m17:52:57.339 [memory:mongodb:schema] info: applied schema validation to test_memory_jobs

[90mstdout[2m | src/mongodb-schema.part3.test.ts[2m > [22m[2maccess events time series collection[2m > [22m[2mensureCollections creates access_events time series collection
[22m[39m17:52:57.339 [memory:mongodb:schema] info: applied schema validation to test_memory_quarantine

[90mstdout[2m | src/mongodb-schema.part3.test.ts[2m > [22m[2maccess events time series collection[2m > [22m[2mensureCollections creates access_events time series collection
[22m[39m17:52:57.341 [memory:mongodb:schema] info: applied schema validation to test_files

[90mstdout[2m | src/mongodb-schema.part3.test.ts[2m > [22m[2maccess events time series collection[2m > [22m[2mensureCollections skips access_events when it already exists
[22m[39m17:52:57.342 [memory:mongodb:schema] info: created collection test_chunks

[90mstdout[2m | src/mongodb-schema.part3.test.ts[2m > [22m[2maccess events time series collection[2m > [22m[2mensureCollections skips access_events when it already exists
[22m[39m17:52:57.342 [memory:mongodb:schema] info: created collection test_files

[90mstdout[2m | src/mongodb-schema.part3.test.ts[2m > [22m[2maccess events time series collection[2m > [22m[2mensureCollections skips access_events when it already exists
[22m[39m17:52:57.342 [memory:mongodb:schema] info: created collection test_meta

[90mstdout[2m | src/mongodb-schema.part3.test.ts[2m > [22m[2maccess events time series collection[2m > [22m[2mensureCollections skips access_events when it already exists
[22m[39m17:52:57.342 [memory:mongodb:schema] info: created collection test_knowledge_base

[90mstdout[2m | src/mongodb-schema.part3.test.ts[2m > [22m[2maccess events time series collection[2m > [22m[2mensureCollections skips access_events when it already exists
[22m[39m17:52:57.342 [memory:mongodb:schema] info: created collection test_kb_chunks

[90mstdout[2m | src/mongodb-schema.part3.test.ts[2m > [22m[2maccess events time series collection[2m > [22m[2mensureCollections skips access_events when it already exists
[22m[39m17:52:57.342 [memory:mongodb:schema] info: created collection test_structured_mem

[90mstdout[2m | src/mongodb-schema.part3.test.ts[2m > [22m[2maccess events time series collection[2m > [22m[2mensureCollections skips access_events when it already exists
[22m[39m17:52:57.342 [memory:mongodb:schema] info: created collection test_structured_mem_revisions

[90mstdout[2m | src/mongodb-schema.part3.test.ts[2m > [22m[2maccess events time series collection[2m > [22m[2mensureCollections skips access_events when it already exists
[22m[39m17:52:57.342 [memory:mongodb:schema] info: created collection test_procedures

[90mstdout[2m | src/mongodb-schema.part3.test.ts[2m > [22m[2maccess events time series collection[2m > [22m[2mensureCollections skips access_events when it already exists
[22m[39m17:52:57.342 [memory:mongodb:schema] info: created collection test_procedure_revisions

[90mstdout[2m | src/mongodb-schema.part3.test.ts[2m > [22m[2maccess events time series collection[2m > [22m[2mensureCollections skips access_events when it already exists
[22m[39m17:52:57.342 [memory:mongodb:schema] info: created collection test_relevance_runs

[90mstdout[2m | src/mongodb-schema.part3.test.ts[2m > [22m[2maccess events time series collection[2m > [22m[2mensureCollections skips access_events when it already exists
[22m[39m17:52:57.343 [memory:mongodb:schema] info: created collection test_relevance_artifacts

[90mstdout[2m | src/mongodb-schema.part3.test.ts[2m > [22m[2maccess events time series collection[2m > [22m[2mensureCollections skips access_events when it already exists
[22m[39m17:52:57.343 [memory:mongodb:schema] info: created collection test_relevance_regressions

[90mstdout[2m | src/mongodb-schema.part3.test.ts[2m > [22m[2maccess events time series collection[2m > [22m[2mensureCollections skips access_events when it already exists
[22m[39m17:52:57.343 [memory:mongodb:schema] info: created collection test_events

[90mstdout[2m | src/mongodb-schema.part3.test.ts[2m > [22m[2maccess events time series collection[2m > [22m[2mensureCollections skips access_events when it already exists
[22m[39m17:52:57.343 [memory:mongodb:schema] info: created collection test_entities

[90mstdout[2m | src/mongodb-schema.part3.test.ts[2m > [22m[2maccess events time series collection[2m > [22m[2mensureCollections skips access_events when it already exists
[22m[39m17:52:57.343 [memory:mongodb:schema] info: created collection test_relations

[90mstdout[2m | src/mongodb-schema.part3.test.ts[2m > [22m[2maccess events time series collection[2m > [22m[2mensureCollections skips access_events when it already exists
[22m[39m17:52:57.343 [memory:mongodb:schema] info: created collection test_entity_links

[90mstdout[2m | src/mongodb-schema.part3.test.ts[2m > [22m[2maccess events time series collection[2m > [22m[2mensureCollections skips access_events when it already exists
[22m[39m17:52:57.343 [memory:mongodb:schema] info: created collection test_episodes

[90mstdout[2m | src/mongodb-schema.part3.test.ts[2m > [22m[2maccess events time series collection[2m > [22m[2mensureCollections skips access_events when it already exists
[22m[39m17:52:57.343 [memory:mongodb:schema] info: created collection test_ingest_runs

[90mstdout[2m | src/mongodb-schema.part3.test.ts[2m > [22m[2maccess events time series collection[2m > [22m[2mensureCollections skips access_events when it already exists
[22m[39m17:52:57.343 [memory:mongodb:schema] info: created collection test_projection_runs

[90mstdout[2m | src/mongodb-schema.part3.test.ts[2m > [22m[2maccess events time series collection[2m > [22m[2mensureCollections skips access_events when it already exists
[22m[39m17:52:57.343 [memory:mongodb:schema] info: created collection test_query_cache

[90mstdout[2m | src/mongodb-schema.part3.test.ts[2m > [22m[2maccess events time series collection[2m > [22m[2mensureCollections skips access_events when it already exists
[22m[39m17:52:57.343 [memory:mongodb:schema] info: created collection test_memory_mutations

[90mstdout[2m | src/mongodb-schema.part3.test.ts[2m > [22m[2maccess events time series collection[2m > [22m[2mensureCollections skips access_events when it already exists
[22m[39m17:52:57.343 [memory:mongodb:schema] info: created collection test_lane_coverage

[90mstdout[2m | src/mongodb-schema.part3.test.ts[2m > [22m[2maccess events time series collection[2m > [22m[2mensureCollections skips access_events when it already exists
[22m[39m17:52:57.344 [memory:mongodb:schema] info: created collection test_consolidation_runs

[90mstdout[2m | src/mongodb-schema.part3.test.ts[2m > [22m[2maccess events time series collection[2m > [22m[2mensureCollections skips access_events when it already exists
[22m[39m17:52:57.344 [memory:mongodb:schema] info: created collection test_recall_traces

[90mstdout[2m | src/mongodb-schema.part3.test.ts[2m > [22m[2maccess events time series collection[2m > [22m[2mensureCollections skips access_events when it already exists
[22m[39m17:52:57.344 [memory:mongodb:schema] info: created collection test_memory_jobs

[90mstdout[2m | src/mongodb-schema.part3.test.ts[2m > [22m[2maccess events time series collection[2m > [22m[2mensureCollections skips access_events when it already exists
[22m[39m17:52:57.344 [memory:mongodb:schema] info: created collection test_session_chunks

[90mstdout[2m | src/mongodb-schema.part3.test.ts[2m > [22m[2maccess events time series collection[2m > [22m[2mensureCollections skips access_events when it already exists
[22m[39m17:52:57.344 [memory:mongodb:schema] info: created collection test_memory_quarantine

[90mstdout[2m | src/mongodb-schema.part3.test.ts[2m > [22m[2maccess events time series collection[2m > [22m[2mensureCollections skips access_events when it already exists
[22m[39m17:52:57.344 [memory:mongodb:schema] info: created time series collection test_memory_telemetry

[90mstdout[2m | src/mongodb-schema.test.ts[2m > [22m[2mensureStandardIndexes[2m > [22m[2mcreates a structured-revisions TTL index only when revisionRetentionDays is set (#32)
[22m[39m17:52:57.344 [memory:mongodb:schema] info: ensured 42 standard indexes

[90mstdout[2m | src/mongodb-schema.part3.test.ts[2m > [22m[2maccess events time series collection[2m > [22m[2mensureCollections skips access_events when it already exists
[22m[39m17:52:57.344 [memory:mongodb:schema] info: created telemetry collection test_memory_telemetry

[90mstdout[2m | src/mongodb-schema.part3.test.ts[2m > [22m[2maccess events time series collection[2m > [22m[2mensureCollections skips access_events when it already exists
[22m[39m17:52:57.344 [memory:mongodb:schema] info: applied schema validation to test_chunks

[90mstdout[2m | src/mongodb-schema.part3.test.ts[2m > [22m[2maccess events time series collection[2m > [22m[2mensureCollections skips access_events when it already exists
[22m[39m17:52:57.344 [memory:mongodb:schema] info: applied schema validation to test_knowledge_base

[90mstdout[2m | src/mongodb-schema.part3.test.ts[2m > [22m[2maccess events time series collection[2m > [22m[2mensureCollections skips access_events when it already exists
[22m[39m17:52:57.344 [memory:mongodb:schema] info: applied schema validation to test_kb_chunks

[90mstdout[2m | src/mongodb-schema.part3.test.ts[2m > [22m[2maccess events time series collection[2m > [22m[2mensureCollections skips access_events when it already exists
[22m[39m17:52:57.344 [memory:mongodb:schema] info: applied schema validation to test_structured_mem

[90mstdout[2m | src/mongodb-schema.part3.test.ts[2m > [22m[2maccess events time series collection[2m > [22m[2mensureCollections skips access_events when it already exists
[22m[39m17:52:57.344 [memory:mongodb:schema] info: applied schema validation to test_structured_mem_revisions

[90mstdout[2m | src/mongodb-schema.test.ts[2m > [22m[2mensureStandardIndexes[2m > [22m[2mcreates a structured-revisions TTL index only when revisionRetentionDays is set (#32)
[22m[39m17:52:57.345 [memory:mongodb:schema] info: ensured 43 standard indexes

[90mstdout[2m | src/mongodb-schema.test.ts[2m > [22m[2mensureStandardIndexes[2m > [22m[2mcreates the memory_quarantine review-lifecycle indexes (C-004)
[22m[39m17:52:57.347 [memory:mongodb:schema] info: ensured 42 standard indexes

[90mstdout[2m | src/mongodb-schema.test.ts[2m > [22m[2mensureStandardIndexes[2m > [22m[2mhonors quarantineRetentionDays override and explicit 0 disables the TTL (C-004)
[22m[39m17:52:57.348 [memory:mongodb:schema] info: ensured 42 standard indexes

[90mstdout[2m | src/mongodb-schema.test.ts[2m > [22m[2mensureStandardIndexes[2m > [22m[2mhonors quarantineRetentionDays override and explicit 0 disables the TTL (C-004)
[22m[39m17:52:57.349 [memory:mongodb:schema] info: ensured 41 standard indexes

[90mstdout[2m | src/mongodb-schema.test.ts[2m > [22m[2mP3.8 index hygiene[2m > [22m[2mdrops the three strict-prefix-redundant indexes and never recreates them
[22m[39m17:52:57.351 [memory:mongodb:schema] info: ensured 42 standard indexes

[90mstdout[2m | src/mongodb-schema.test.ts[2m > [22m[2mP3.8 index hygiene[2m > [22m[2mcreates the chunk ESR compound {agentId, path, startLine}
[22m[39m17:52:57.354 [memory:mongodb:schema] info: ensured 42 standard indexes

[90mstdout[2m | src/mongodb-schema.part3.test.ts[2m > [22m[2maccess events time series collection[2m > [22m[2mensureCollections skips access_events when it already exists
[22m[39m17:52:57.354 [memory:mongodb:schema] info: applied schema validation to test_procedures

[90mstdout[2m | src/mongodb-schema.part3.test.ts[2m > [22m[2maccess events time series collection[2m > [22m[2mensureCollections skips access_events when it already exists
[22m[39m17:52:57.354 [memory:mongodb:schema] info: applied schema validation to test_procedure_revisions

[90mstdout[2m | src/mongodb-schema.part3.test.ts[2m > [22m[2maccess events time series collection[2m > [22m[2mensureCollections skips access_events when it already exists
[22m[39m17:52:57.354 [memory:mongodb:schema] info: applied schema validation to test_relevance_runs

[90mstdout[2m | src/mongodb-schema.part3.test.ts[2m > [22m[2maccess events time series collection[2m > [22m[2mensureCollections skips access_events when it already exists
[22m[39m17:52:57.355 [memory:mongodb:schema] info: applied schema validation to test_relevance_artifacts

[90mstdout[2m | src/mongodb-schema.part3.test.ts[2m > [22m[2maccess events time series collection[2m > [22m[2mensureCollections skips access_events when it already exists
[22m[39m17:52:57.355 [memory:mongodb:schema] info: applied schema validation to test_relevance_regressions

[90mstdout[2m | src/mongodb-schema.part3.test.ts[2m > [22m[2maccess events time series collection[2m > [22m[2mensureCollections skips access_events when it already exists
[22m[39m17:52:57.355 [memory:mongodb:schema] info: applied schema validation to test_events

[90mstdout[2m | src/mongodb-schema.part3.test.ts[2m > [22m[2maccess events time series collection[2m > [22m[2mensureCollections skips access_events when it already exists
[22m[39m17:52:57.355 [memory:mongodb:schema] info: applied schema validation to test_entities

[90mstdout[2m | src/mongodb-schema.part3.test.ts[2m > [22m[2maccess events time series collection[2m > [22m[2mensureCollections skips access_events when it already exists
[22m[39m17:52:57.355 [memory:mongodb:schema] info: applied schema validation to test_relations

[90mstdout[2m | src/mongodb-schema.part3.test.ts[2m > [22m[2maccess events time series collection[2m > [22m[2mensureCollections skips access_events when it already exists
[22m[39m17:52:57.355 [memory:mongodb:schema] info: applied schema validation to test_entity_links

[90mstdout[2m | src/mongodb-schema.part3.test.ts[2m > [22m[2maccess events time series collection[2m > [22m[2mensureCollections skips access_events when it already exists
[22m[39m17:52:57.355 [memory:mongodb:schema] info: applied schema validation to test_episodes

[90mstdout[2m | src/mongodb-schema.part3.test.ts[2m > [22m[2maccess events time series collection[2m > [22m[2mensureCollections skips access_events when it already exists
[22m[39m17:52:57.355 [memory:mongodb:schema] info: applied schema validation to test_ingest_runs

[90mstdout[2m | src/mongodb-schema.part3.test.ts[2m > [22m[2maccess events time series collection[2m > [22m[2mensureCollections skips access_events when it already exists
[22m[39m17:52:57.355 [memory:mongodb:schema] info: applied schema validation to test_projection_runs

[90mstdout[2m | src/mongodb-schema.part3.test.ts[2m > [22m[2maccess events time series collection[2m > [22m[2mensureCollections skips access_events when it already exists
[22m[39m17:52:57.355 [memory:mongodb:schema] info: applied schema validation to test_query_cache

[90mstdout[2m | src/mongodb-schema.part3.test.ts[2m > [22m[2maccess events time series collection[2m > [22m[2mensureCollections skips access_events when it already exists
[22m[39m17:52:57.355 [memory:mongodb:schema] info: applied schema validation to test_memory_mutations

[90mstdout[2m | src/mongodb-schema.part3.test.ts[2m > [22m[2maccess events time series collection[2m > [22m[2mensureCollections skips access_events when it already exists
[22m[39m17:52:57.355 [memory:mongodb:schema] info: applied schema validation to test_recall_traces

[90mstdout[2m | src/mongodb-schema.part3.test.ts[2m > [22m[2maccess events time series collection[2m > [22m[2mensureCollections skips access_events when it already exists
[22m[39m17:52:57.355 [memory:mongodb:schema] info: applied schema validation to test_memory_jobs

[90mstdout[2m | src/mongodb-schema.part3.test.ts[2m > [22m[2maccess events time series collection[2m > [22m[2mensureCollections skips access_events when it already exists
[22m[39m17:52:57.355 [memory:mongodb:schema] info: applied schema validation to test_memory_quarantine

[90mstdout[2m | src/mongodb-schema.part3.test.ts[2m > [22m[2maccess events time series collection[2m > [22m[2mensureCollections skips access_events when it already exists
[22m[39m17:52:57.355 [memory:mongodb:schema] info: applied schema validation to test_files

[90mstdout[2m | src/mongodb-schema.part3.test.ts[2m > [22m[2maccess events time series collection[2m > [22m[2mfails closed when access_events time series creation fails unexpectedly
[22m[39m17:52:57.356 [memory:mongodb:schema] info: created collection test_chunks

[90mstdout[2m | src/mongodb-schema.part3.test.ts[2m > [22m[2maccess events time series collection[2m > [22m[2mfails closed when access_events time series creation fails unexpectedly
[22m[39m17:52:57.356 [memory:mongodb:schema] info: created collection test_files

[90mstdout[2m | src/mongodb-schema.part3.test.ts[2m > [22m[2maccess events time series collection[2m > [22m[2mfails closed when access_events time series creation fails unexpectedly
[22m[39m17:52:57.356 [memory:mongodb:schema] info: created collection test_meta

[90mstdout[2m | src/mongodb-schema.part3.test.ts[2m > [22m[2maccess events time series collection[2m > [22m[2mfails closed when access_events time series creation fails unexpectedly
[22m[39m17:52:57.357 [memory:mongodb:schema] info: created collection test_knowledge_base

[90mstdout[2m | src/mongodb-schema.test.ts[2m > [22m[2mP3.8 index hygiene[2m > [22m[2mcreates the episode ESR compound {agentId, type, updatedAt desc}
[22m[39m17:52:57.357 [memory:mongodb:schema] info: ensured 42 standard indexes

[90mstdout[2m | src/mongodb-schema.part3.test.ts[2m > [22m[2maccess events time series collection[2m > [22m[2mfails closed when access_events time series creation fails unexpectedly
[22m[39m17:52:57.357 [memory:mongodb:schema] info: created collection test_kb_chunks

[90mstdout[2m | src/mongodb-schema.part3.test.ts[2m > [22m[2maccess events time series collection[2m > [22m[2mfails closed when access_events time series creation fails unexpectedly
[22m[39m17:52:57.357 [memory:mongodb:schema] info: created collection test_structured_mem

[90mstdout[2m | src/mongodb-schema.part3.test.ts[2m > [22m[2maccess events time series collection[2m > [22m[2mfails closed when access_events time series creation fails unexpectedly
[22m[39m17:52:57.357 [memory:mongodb:schema] info: created collection test_structured_mem_revisions

[90mstdout[2m | src/mongodb-schema.part3.test.ts[2m > [22m[2maccess events time series collection[2m > [22m[2mfails closed when access_events time series creation fails unexpectedly
[22m[39m17:52:57.357 [memory:mongodb:schema] info: created collection test_procedures

[90mstdout[2m | src/mongodb-schema.part3.test.ts[2m > [22m[2maccess events time series collection[2m > [22m[2mfails closed when access_events time series creation fails unexpectedly
[22m[39m17:52:57.357 [memory:mongodb:schema] info: created collection test_procedure_revisions

[90mstdout[2m | src/mongodb-schema.part3.test.ts[2m > [22m[2maccess events time series collection[2m > [22m[2mfails closed when access_events time series creation fails unexpectedly
[22m[39m17:52:57.357 [memory:mongodb:schema] info: created collection test_relevance_runs

[90mstdout[2m | src/mongodb-schema.part3.test.ts[2m > [22m[2maccess events time series collection[2m > [22m[2mfails closed when access_events time series creation fails unexpectedly
[22m[39m17:52:57.357 [memory:mongodb:schema] info: created collection test_relevance_artifacts

[90mstdout[2m | src/mongodb-schema.part3.test.ts[2m > [22m[2maccess events time series collection[2m > [22m[2mfails closed when access_events time series creation fails unexpectedly
[22m[39m17:52:57.358 [memory:mongodb:schema] info: created collection test_relevance_regressions

[90mstdout[2m | src/mongodb-schema.part3.test.ts[2m > [22m[2maccess events time series collection[2m > [22m[2mfails closed when access_events time series creation fails unexpectedly
[22m[39m17:52:57.358 [memory:mongodb:schema] info: created collection test_events

[90mstdout[2m | src/mongodb-schema.part3.test.ts[2m > [22m[2maccess events time series collection[2m > [22m[2mfails closed when access_events time series creation fails unexpectedly
[22m[39m17:52:57.358 [memory:mongodb:schema] info: created collection test_entities

[90mstdout[2m | src/mongodb-schema.part3.test.ts[2m > [22m[2maccess events time series collection[2m > [22m[2mfails closed when access_events time series creation fails unexpectedly
[22m[39m17:52:57.358 [memory:mongodb:schema] info: created collection test_relations

[90mstdout[2m | src/mongodb-schema.part3.test.ts[2m > [22m[2maccess events time series collection[2m > [22m[2mfails closed when access_events time series creation fails unexpectedly
[22m[39m17:52:57.358 [memory:mongodb:schema] info: created collection test_entity_links

[90mstdout[2m | src/mongodb-schema.part3.test.ts[2m > [22m[2maccess events time series collection[2m > [22m[2mfails closed when access_events time series creation fails unexpectedly
[22m[39m17:52:57.358 [memory:mongodb:schema] info: created collection test_episodes

[90mstdout[2m | src/mongodb-schema.part3.test.ts[2m > [22m[2maccess events time series collection[2m > [22m[2mfails closed when access_events time series creation fails unexpectedly
[22m[39m17:52:57.358 [memory:mongodb:schema] info: created collection test_ingest_runs

[90mstdout[2m | src/mongodb-schema.part3.test.ts[2m > [22m[2maccess events time series collection[2m > [22m[2mfails closed when access_events time series creation fails unexpectedly
[22m[39m17:52:57.358 [memory:mongodb:schema] info: created collection test_projection_runs

[90mstdout[2m | src/mongodb-schema.part3.test.ts[2m > [22m[2maccess events time series collection[2m > [22m[2mfails closed when access_events time series creation fails unexpectedly
[22m[39m17:52:57.358 [memory:mongodb:schema] info: created collection test_query_cache

[90mstdout[2m | src/mongodb-schema.part3.test.ts[2m > [22m[2maccess events time series collection[2m > [22m[2mfails closed when access_events time series creation fails unexpectedly
[22m[39m17:52:57.358 [memory:mongodb:schema] info: created collection test_memory_mutations

[90mstdout[2m | src/mongodb-schema.part3.test.ts[2m > [22m[2maccess events time series collection[2m > [22m[2mfails closed when access_events time series creation fails unexpectedly
[22m[39m17:52:57.358 [memory:mongodb:schema] info: created collection test_lane_coverage

[90mstdout[2m | src/mongodb-schema.part3.test.ts[2m > [22m[2maccess events time series collection[2m > [22m[2mfails closed when access_events time series creation fails unexpectedly
[22m[39m17:52:57.358 [memory:mongodb:schema] info: created collection test_consolidation_runs

[90mstdout[2m | src/mongodb-schema.part3.test.ts[2m > [22m[2maccess events time series collection[2m > [22m[2mfails closed when access_events time series creation fails unexpectedly
[22m[39m17:52:57.358 [memory:mongodb:schema] info: created collection test_recall_traces

[90mstdout[2m | src/mongodb-schema.part3.test.ts[2m > [22m[2maccess events time series collection[2m > [22m[2mfails closed when access_events time series creation fails unexpectedly
[22m[39m17:52:57.358 [memory:mongodb:schema] info: created collection test_memory_jobs

[90mstdout[2m | src/mongodb-schema.part3.test.ts[2m > [22m[2maccess events time series collection[2m > [22m[2mfails closed when access_events time series creation fails unexpectedly
[22m[39m17:52:57.358 [memory:mongodb:schema] info: created collection test_session_chunks

[90mstdout[2m | src/mongodb-schema.part3.test.ts[2m > [22m[2maccess events time series collection[2m > [22m[2mfails closed when access_events time series creation fails unexpectedly
[22m[39m17:52:57.358 [memory:mongodb:schema] info: created collection test_memory_quarantine

[90mstdout[2m | src/mongodb-schema.part3.test.ts[2m > [22m[2maccess events time series collection[2m > [22m[2mfails closed when access_events time series creation fails unexpectedly
[22m[39m17:52:57.359 [memory:mongodb:schema] info: created time series collection test_memory_telemetry

[90mstdout[2m | src/mongodb-schema.part3.test.ts[2m > [22m[2maccess events time series collection[2m > [22m[2mfails closed when access_events time series creation fails unexpectedly
[22m[39m17:52:57.359 [memory:mongodb:schema] info: created telemetry collection test_memory_telemetry

[90mstdout[2m | src/mongodb-schema.test.ts[2m > [22m[2mP3.8 index hygiene[2m > [22m[2mcreates the entity ESR compound {agentId, updatedAt desc}
[22m[39m17:52:57.359 [memory:mongodb:schema] info: ensured 42 standard indexes

[90mstdout[2m | src/mongodb-schema.test.ts[2m > [22m[2mP3.8 index hygiene[2m > [22m[2mcreates the relationId locator index on relations
[22m[39m17:52:57.360 [memory:mongodb:schema] info: ensured 42 standard indexes

[90mstdout[2m | src/mongodb-schema.part3.test.ts[2m > [22m[2mtelemetry standard indexes[2m > [22m[2mcreates meta.agentId + ts index on telemetry collection
[22m[39m17:52:57.361 [memory:mongodb:schema] info: ensured 42 standard indexes

[90mstdout[2m | src/mongodb-schema.part3.test.ts[2m > [22m[2mtelemetry standard indexes[2m > [22m[2mcreates meta.operation + ts index on telemetry collection
[22m[39m17:52:57.362 [memory:mongodb:schema] info: ensured 42 standard indexes

[90mstdout[2m | src/mongodb-schema.part3.test.ts[2m > [22m[2maccess events standard indexes[2m > [22m[2mcreates agent/collection/memory/time index on access events
[22m[39m17:52:57.363 [memory:mongodb:schema] info: ensured 42 standard indexes

[90mstdout[2m | src/mongodb-schema.test.ts[2m > [22m[2mP3.8 index hygiene[2m > [22m[2mcreates all six $text fallback indexes by default
[22m[39m17:52:57.364 [memory:mongodb:schema] info: ensured 42 standard indexes

[90mstdout[2m | src/mongodb-schema.part3.test.ts[2m > [22m[2maccess events standard indexes[2m > [22m[2mcreates agent/collection/time index on access events
[22m[39m17:52:57.364 [memory:mongodb:schema] info: ensured 42 standard indexes

[90mstdout[2m | src/mongodb-schema.part3.test.ts[2m > [22m[2mensureCollections total count with query_cache and time series[2m > [22m[2mcreates all regular collections plus telemetry and access-events time series collections
[22m[39m17:52:57.365 [memory:mongodb:schema] info: created collection test_chunks

[90mstdout[2m | src/mongodb-schema.part3.test.ts[2m > [22m[2mensureCollections total count with query_cache and time series[2m > [22m[2mcreates all regular collections plus telemetry and access-events time series collections
[22m[39m17:52:57.365 [memory:mongodb:schema] info: created collection test_files

[90mstdout[2m | src/mongodb-schema.test.ts[2m > [22m[2mP3.8 index hygiene[2m > [22m[2mskips all six $text fallback indexes when textFallbackIndexes is false
[22m[39m17:52:57.365 [memory:mongodb:schema] info: ensured 41 standard indexes

[90mstdout[2m | src/mongodb-schema.part3.test.ts[2m > [22m[2mensureCollections total count with query_cache and time series[2m > [22m[2mcreates all regular collections plus telemetry and access-events time series collections
[22m[39m17:52:57.365 [memory:mongodb:schema] info: created collection test_meta

[90mstdout[2m | src/mongodb-schema.part3.test.ts[2m > [22m[2mensureCollections total count with query_cache and time series[2m > [22m[2mcreates all regular collections plus telemetry and access-events time series collections
[22m[39m17:52:57.365 [memory:mongodb:schema] info: created collection test_knowledge_base

[90mstdout[2m | src/mongodb-schema.part3.test.ts[2m > [22m[2mensureCollections total count with query_cache and time series[2m > [22m[2mcreates all regular collections plus telemetry and access-events time series collections
[22m[39m17:52:57.365 [memory:mongodb:schema] info: created collection test_kb_chunks

[90mstdout[2m | src/mongodb-schema.part3.test.ts[2m > [22m[2mensureCollections total count with query_cache and time series[2m > [22m[2mcreates all regular collections plus telemetry and access-events time series collections
[22m[39m17:52:57.365 [memory:mongodb:schema] info: created collection test_structured_mem

[90mstdout[2m | src/mongodb-schema.part3.test.ts[2m > [22m[2mensureCollections total count with query_cache and time series[2m > [22m[2mcreates all regular collections plus telemetry and access-events time series collections
[22m[39m17:52:57.365 [memory:mongodb:schema] info: created collection test_structured_mem_revisions

[90mstdout[2m | src/mongodb-schema.part3.test.ts[2m > [22m[2mensureCollections total count with query_cache and time series[2m > [22m[2mcreates all regular collections plus telemetry and access-events time series collections
[22m[39m17:52:57.365 [memory:mongodb:schema] info: created collection test_procedures

[90mstdout[2m | src/mongodb-schema.part3.test.ts[2m > [22m[2mensureCollections total count with query_cache and time series[2m > [22m[2mcreates all regular collections plus telemetry and access-events time series collections
[22m[39m17:52:57.365 [memory:mongodb:schema] info: created collection test_procedure_revisions

[90mstdout[2m | src/mongodb-schema.part3.test.ts[2m > [22m[2mensureCollections total count with query_cache and time series[2m > [22m[2mcreates all regular collections plus telemetry and access-events time series collections
[22m[39m17:52:57.365 [memory:mongodb:schema] info: created collection test_relevance_runs

[90mstdout[2m | src/mongodb-schema.part3.test.ts[2m > [22m[2mensureCollections total count with query_cache and time series[2m > [22m[2mcreates all regular collections plus telemetry and access-events time series collections
[22m[39m17:52:57.365 [memory:mongodb:schema] info: created collection test_relevance_artifacts

[90mstdout[2m | src/mongodb-schema.part3.test.ts[2m > [22m[2mensureCollections total count with query_cache and time series[2m > [22m[2mcreates all regular collections plus telemetry and access-events time series collections
[22m[39m17:52:57.365 [memory:mongodb:schema] info: created collection test_relevance_regressions

[90mstdout[2m | src/mongodb-schema.part3.test.ts[2m > [22m[2mensureCollections total count with query_cache and time series[2m > [22m[2mcreates all regular collections plus telemetry and access-events time series collections
[22m[39m17:52:57.365 [memory:mongodb:schema] info: created collection test_events

[90mstdout[2m | src/mongodb-schema.part3.test.ts[2m > [22m[2mensureCollections total count with query_cache and time series[2m > [22m[2mcreates all regular collections plus telemetry and access-events time series collections
[22m[39m17:52:57.366 [memory:mongodb:schema] info: created collection test_entities

[90mstdout[2m | src/mongodb-schema.part3.test.ts[2m > [22m[2mensureCollections total count with query_cache and time series[2m > [22m[2mcreates all regular collections plus telemetry and access-events time series collections
[22m[39m17:52:57.366 [memory:mongodb:schema] info: created collection test_relations

[90mstdout[2m | src/mongodb-schema.part3.test.ts[2m > [22m[2mensureCollections total count with query_cache and time series[2m > [22m[2mcreates all regular collections plus telemetry and access-events time series collections
[22m[39m17:52:57.366 [memory:mongodb:schema] info: created collection test_entity_links

[90mstdout[2m | src/mongodb-schema.part3.test.ts[2m > [22m[2mensureCollections total count with query_cache and time series[2m > [22m[2mcreates all regular collections plus telemetry and access-events time series collections
[22m[39m17:52:57.366 [memory:mongodb:schema] info: created collection test_episodes

[90mstdout[2m | src/mongodb-schema.part3.test.ts[2m > [22m[2mensureCollections total count with query_cache and time series[2m > [22m[2mcreates all regular collections plus telemetry and access-events time series collections
[22m[39m17:52:57.366 [memory:mongodb:schema] info: created collection test_ingest_runs

[90mstdout[2m | src/mongodb-schema.part3.test.ts[2m > [22m[2mensureCollections total count with query_cache and time series[2m > [22m[2mcreates all regular collections plus telemetry and access-events time series collections
[22m[39m17:52:57.366 [memory:mongodb:schema] info: created collection test_projection_runs

[90mstdout[2m | src/mongodb-schema.test.ts[2m > [22m[2mP3.8 index hygiene[2m > [22m[2mcreates the episode_autocomplete search index alongside entity_autocomplete
[22m[39m17:52:57.366 [memory:mongodb:schema] info: created chunks text search index

[90mstdout[2m | src/mongodb-schema.test.ts[2m > [22m[2mP3.8 index hygiene[2m > [22m[2mcreates the episode_autocomplete search index alongside entity_autocomplete
[22m[39m17:52:57.366 [memory:mongodb:schema] info: created chunks vector search index

[90mstdout[2m | src/mongodb-schema.part3.test.ts[2m > [22m[2mensureCollections total count with query_cache and time series[2m > [22m[2mcreates all regular collections plus telemetry and access-events time series collections
[22m[39m17:52:57.366 [memory:mongodb:schema] info: created collection test_query_cache

[90mstdout[2m | src/mongodb-schema.part3.test.ts[2m > [22m[2mensureCollections total count with query_cache and time series[2m > [22m[2mcreates all regular collections plus telemetry and access-events time series collections
[22m[39m17:52:57.366 [memory:mongodb:schema] info: created collection test_memory_mutations

[90mstdout[2m | src/mongodb-schema.part3.test.ts[2m > [22m[2mensureCollections total count with query_cache and time series[2m > [22m[2mcreates all regular collections plus telemetry and access-events time series collections
[22m[39m17:52:57.366 [memory:mongodb:schema] info: created collection test_lane_coverage

[90mstdout[2m | src/mongodb-schema.part3.test.ts[2m > [22m[2mensureCollections total count with query_cache and time series[2m > [22m[2mcreates all regular collections plus telemetry and access-events time series collections
[22m[39m17:52:57.366 [memory:mongodb:schema] info: created collection test_consolidation_runs

[90mstdout[2m | src/mongodb-schema.part3.test.ts[2m > [22m[2mensureCollections total count with query_cache and time series[2m > [22m[2mcreates all regular collections plus telemetry and access-events time series collections
[22m[39m17:52:57.366 [memory:mongodb:schema] info: created collection test_recall_traces

[90mstdout[2m | src/mongodb-schema.part3.test.ts[2m > [22m[2mensureCollections total count with query_cache and time series[2m > [22m[2mcreates all regular collections plus telemetry and access-events time series collections
[22m[39m17:52:57.366 [memory:mongodb:schema] info: created collection test_memory_jobs

[90mstdout[2m | src/mongodb-schema.test.ts[2m > [22m[2mP3.8 index hygiene[2m > [22m[2mcreates the episode_autocomplete search index alongside entity_autocomplete
[22m[39m17:52:57.366 [memory:mongodb:schema] info: created kb_chunks text search index

[90mstdout[2m | src/mongodb-schema.test.ts[2m > [22m[2mP3.8 index hygiene[2m > [22m[2mcreates the episode_autocomplete search index alongside entity_autocomplete
[22m[39m17:52:57.366 [memory:mongodb:schema] info: created kb_chunks vector search index

[90mstdout[2m | src/mongodb-schema.test.ts[2m > [22m[2mP3.8 index hygiene[2m > [22m[2mcreates the episode_autocomplete search index alongside entity_autocomplete
[22m[39m17:52:57.366 [memory:mongodb:schema] info: created structured_mem text search index

[90mstdout[2m | src/mongodb-schema.test.ts[2m > [22m[2mP3.8 index hygiene[2m > [22m[2mcreates the episode_autocomplete search index alongside entity_autocomplete
[22m[39m17:52:57.366 [memory:mongodb:schema] info: created structured_mem vector search index

[90mstdout[2m | src/mongodb-schema.test.ts[2m > [22m[2mP3.8 index hygiene[2m > [22m[2mcreates the episode_autocomplete search index alongside entity_autocomplete
[22m[39m17:52:57.366 [memory:mongodb:schema] info: created procedures text search index

[90mstdout[2m | src/mongodb-schema.test.ts[2m > [22m[2mP3.8 index hygiene[2m > [22m[2mcreates the episode_autocomplete search index alongside entity_autocomplete
[22m[39m17:52:57.366 [memory:mongodb:schema] info: created procedures vector search index

[90mstdout[2m | src/mongodb-schema.test.ts[2m > [22m[2mP3.8 index hygiene[2m > [22m[2mcreates the episode_autocomplete search index alongside entity_autocomplete
[22m[39m17:52:57.366 [memory:mongodb:schema] info: created events text search index

[90mstdout[2m | src/mongodb-schema.test.ts[2m > [22m[2mP3.8 index hygiene[2m > [22m[2mcreates the episode_autocomplete search index alongside entity_autocomplete
[22m[39m17:52:57.366 [memory:mongodb:schema] info: created events vector search index

[90mstdout[2m | src/mongodb-schema.test.ts[2m > [22m[2mP3.8 index hygiene[2m > [22m[2mcreates the episode_autocomplete search index alongside entity_autocomplete
[22m[39m17:52:57.366 [memory:mongodb:schema] info: created query_cache vector search index

[90mstdout[2m | src/mongodb-schema.part3.test.ts[2m > [22m[2mensureCollections total count with query_cache and time series[2m > [22m[2mcreates all regular collections plus telemetry and access-events time series collections
[22m[39m17:52:57.366 [memory:mongodb:schema] info: created collection test_session_chunks

[90mstdout[2m | src/mongodb-schema.part3.test.ts[2m > [22m[2mensureCollections total count with query_cache and time series[2m > [22m[2mcreates all regular collections plus telemetry and access-events time series collections
[22m[39m17:52:57.366 [memory:mongodb:schema] info: created collection test_memory_quarantine

[90mstdout[2m | src/mongodb-schema.part3.test.ts[2m > [22m[2mensureCollections total count with query_cache and time series[2m > [22m[2mcreates all regular collections plus telemetry and access-events time series collections
[22m[39m17:52:57.366 [memory:mongodb:schema] info: created time series collection test_memory_telemetry

[90mstdout[2m | src/mongodb-schema.part3.test.ts[2m > [22m[2mensureCollections total count with query_cache and time series[2m > [22m[2mcreates all regular collections plus telemetry and access-events time series collections
[22m[39m17:52:57.366 [memory:mongodb:schema] info: created telemetry collection test_memory_telemetry

[90mstdout[2m | src/mongodb-schema.part3.test.ts[2m > [22m[2mensureCollections total count with query_cache and time series[2m > [22m[2mcreates all regular collections plus telemetry and access-events time series collections
[22m[39m17:52:57.366 [memory:mongodb:schema] info: created time series collection test_access_events

[90mstdout[2m | src/mongodb-schema.part3.test.ts[2m > [22m[2mensureCollections total count with query_cache and time series[2m > [22m[2mcreates all regular collections plus telemetry and access-events time series collections
[22m[39m17:52:57.366 [memory:mongodb:schema] info: created access events collection test_access_events

[90mstdout[2m | src/mongodb-schema.part3.test.ts[2m > [22m[2mensureCollections total count with query_cache and time series[2m > [22m[2mcreates all regular collections plus telemetry and access-events time series collections
[22m[39m17:52:57.367 [memory:mongodb:schema] info: applied schema validation to test_chunks

[90mstdout[2m | src/mongodb-schema.part3.test.ts[2m > [22m[2mensureCollections total count with query_cache and time series[2m > [22m[2mcreates all regular collections plus telemetry and access-events time series collections
[22m[39m17:52:57.367 [memory:mongodb:schema] info: applied schema validation to test_knowledge_base

[90mstdout[2m | src/mongodb-schema.part3.test.ts[2m > [22m[2mensureCollections total count with query_cache and time series[2m > [22m[2mcreates all regular collections plus telemetry and access-events time series collections
[22m[39m17:52:57.367 [memory:mongodb:schema] info: applied schema validation to test_kb_chunks

[90mstdout[2m | src/mongodb-schema.part3.test.ts[2m > [22m[2mensureCollections total count with query_cache and time series[2m > [22m[2mcreates all regular collections plus telemetry and access-events time series collections
[22m[39m17:52:57.367 [memory:mongodb:schema] info: applied schema validation to test_structured_mem

[90mstdout[2m | src/mongodb-schema.part3.test.ts[2m > [22m[2mensureCollections total count with query_cache and time series[2m > [22m[2mcreates all regular collections plus telemetry and access-events time series collections
[22m[39m17:52:57.367 [memory:mongodb:schema] info: applied schema validation to test_structured_mem_revisions

[90mstdout[2m | src/mongodb-schema.part3.test.ts[2m > [22m[2mensureCollections total count with query_cache and time series[2m > [22m[2mcreates all regular collections plus telemetry and access-events time series collections
[22m[39m17:52:57.367 [memory:mongodb:schema] info: applied schema validation to test_procedures

[90mstdout[2m | src/mongodb-schema.part3.test.ts[2m > [22m[2mensureCollections total count with query_cache and time series[2m > [22m[2mcreates all regular collections plus telemetry and access-events time series collections
[22m[39m17:52:57.367 [memory:mongodb:schema] info: applied schema validation to test_procedure_revisions

[90mstdout[2m | src/mongodb-schema.part3.test.ts[2m > [22m[2mensureCollections total count with query_cache and time series[2m > [22m[2mcreates all regular collections plus telemetry and access-events time series collections
[22m[39m17:52:57.367 [memory:mongodb:schema] info: applied schema validation to test_relevance_runs

[90mstdout[2m | src/mongodb-schema.part3.test.ts[2m > [22m[2mensureCollections total count with query_cache and time series[2m > [22m[2mcreates all regular collections plus telemetry and access-events time series collections
[22m[39m17:52:57.367 [memory:mongodb:schema] info: applied schema validation to test_relevance_artifacts

[90mstdout[2m | src/mongodb-schema.test.ts[2m > [22m[2mP3.8 index hygiene[2m > [22m[2mcreates the episode_autocomplete search index alongside entity_autocomplete
[22m[39m17:52:57.366 [memory:mongodb:schema] info: created session_chunks text search index

[90mstdout[2m | src/mongodb-schema.test.ts[2m > [22m[2mP3.8 index hygiene[2m > [22m[2mcreates the episode_autocomplete search index alongside entity_autocomplete
[22m[39m17:52:57.366 [memory:mongodb:schema] info: created session_chunks vector search index

[90mstdout[2m | src/mongodb-schema.test.ts[2m > [22m[2mP3.8 index hygiene[2m > [22m[2mcreates the episode_autocomplete search index alongside entity_autocomplete
[22m[39m17:52:57.367 [memory:mongodb:schema] info: created entity autocomplete search index

[90mstdout[2m | src/mongodb-schema.test.ts[2m > [22m[2mP3.8 index hygiene[2m > [22m[2mcreates the episode_autocomplete search index alongside entity_autocomplete
[22m[39m17:52:57.367 [memory:mongodb:schema] info: created episode autocomplete search index

[90mstdout[2m | src/mongodb-schema.part3.test.ts[2m > [22m[2mensureCollections total count with query_cache and time series[2m > [22m[2mcreates all regular collections plus telemetry and access-events time series collections
[22m[39m17:52:57.367 [memory:mongodb:schema] info: applied schema validation to test_relevance_regressions

[90mstdout[2m | src/mongodb-schema.part3.test.ts[2m > [22m[2mensureCollections total count with query_cache and time series[2m > [22m[2mcreates all regular collections plus telemetry and access-events time series collections
[22m[39m17:52:57.367 [memory:mongodb:schema] info: applied schema validation to test_events

[90mstdout[2m | src/mongodb-schema.part3.test.ts[2m > [22m[2mensureCollections total count with query_cache and time series[2m > [22m[2mcreates all regular collections plus telemetry and access-events time series collections
[22m[39m17:52:57.367 [memory:mongodb:schema] info: applied schema validation to test_entities

[90mstdout[2m | src/mongodb-schema.part3.test.ts[2m > [22m[2mensureCollections total count with query_cache and time series[2m > [22m[2mcreates all regular collections plus telemetry and access-events time series collections
[22m[39m17:52:57.367 [memory:mongodb:schema] info: applied schema validation to test_relations

[90mstdout[2m | src/mongodb-schema.part3.test.ts[2m > [22m[2mensureCollections total count with query_cache and time series[2m > [22m[2mcreates all regular collections plus telemetry and access-events time series collections
[22m[39m17:52:57.367 [memory:mongodb:schema] info: applied schema validation to test_entity_links

[90mstdout[2m | src/mongodb-schema.part3.test.ts[2m > [22m[2mensureCollections total count with query_cache and time series[2m > [22m[2mcreates all regular collections plus telemetry and access-events time series collections
[22m[39m17:52:57.367 [memory:mongodb:schema] info: applied schema validation to test_episodes

[90mstdout[2m | src/mongodb-schema.part3.test.ts[2m > [22m[2mensureCollections total count with query_cache and time series[2m > [22m[2mcreates all regular collections plus telemetry and access-events time series collections
[22m[39m17:52:57.367 [memory:mongodb:schema] info: applied schema validation to test_ingest_runs

[90mstdout[2m | src/mongodb-schema.part3.test.ts[2m > [22m[2mensureCollections total count with query_cache and time series[2m > [22m[2mcreates all regular collections plus telemetry and access-events time series collections
[22m[39m17:52:57.367 [memory:mongodb:schema] info: applied schema validation to test_projection_runs

[90mstdout[2m | src/mongodb-schema.part3.test.ts[2m > [22m[2mensureCollections total count with query_cache and time series[2m > [22m[2mcreates all regular collections plus telemetry and access-events time series collections
[22m[39m17:52:57.367 [memory:mongodb:schema] info: applied schema validation to test_query_cache

[90mstdout[2m | src/mongodb-schema.part3.test.ts[2m > [22m[2mensureCollections total count with query_cache and time series[2m > [22m[2mcreates all regular collections plus telemetry and access-events time series collections
[22m[39m17:52:57.367 [memory:mongodb:schema] info: applied schema validation to test_memory_mutations

[90mstdout[2m | src/mongodb-schema.part3.test.ts[2m > [22m[2mensureCollections total count with query_cache and time series[2m > [22m[2mcreates all regular collections plus telemetry and access-events time series collections
[22m[39m17:52:57.367 [memory:mongodb:schema] info: applied schema validation to test_recall_traces

[90mstdout[2m | src/mongodb-schema.part3.test.ts[2m > [22m[2mensureCollections total count with query_cache and time series[2m > [22m[2mcreates all regular collections plus telemetry and access-events time series collections
[22m[39m17:52:57.367 [memory:mongodb:schema] info: applied schema validation to test_memory_jobs

[90mstdout[2m | src/mongodb-schema.part3.test.ts[2m > [22m[2mensureCollections total count with query_cache and time series[2m > [22m[2mcreates all regular collections plus telemetry and access-events time series collections
[22m[39m17:52:57.367 [memory:mongodb:schema] info: applied schema validation to test_memory_quarantine

[90mstdout[2m | src/mongodb-schema.part3.test.ts[2m > [22m[2mensureCollections total count with query_cache and time series[2m > [22m[2mcreates all regular collections plus telemetry and access-events time series collections
[22m[39m17:52:57.367 [memory:mongodb:schema] info: applied schema validation to test_files

[90mstdout[2m | src/mongodb-schema.test.ts[2m > [22m[2mP4.4.1 TTL expiration indexes[2m > [22m[2mcreates the partial TTL index on events with expireAfterSeconds 0
[22m[39m17:52:57.368 [memory:mongodb:schema] info: ensured 42 standard indexes

[90mstdout[2m | src/mongodb-schema.part3.test.ts[2m > [22m[2mensureStandardIndexes total count with query_cache and time series indexes[2m > [22m[2mreturns updated total index count including query_cache, telemetry, access event, and session_chunks indexes
[22m[39m17:52:57.368 [memory:mongodb:schema] info: ensured 42 standard indexes

[90mstdout[2m | src/mongodb-schema.test.ts[2m > [22m[2mP4.4.1 TTL expiration indexes[2m > [22m[2mcreates the partial TTL index on structured_mem with expireAfterSeconds 0
[22m[39m17:52:57.369 [memory:mongodb:schema] info: ensured 42 standard indexes

[90mstdout[2m | src/mongodb-schema.test.ts[2m > [22m[2mvalidationAction version gate (P3.5)[2m > [22m[2muses errorAndLog on MongoDB 8.1+ when creating collections
[22m[39m17:52:57.369 [memory:mongodb:schema] info: created collection test_chunks

[90mstdout[2m | src/mongodb-schema.test.ts[2m > [22m[2mvalidationAction version gate (P3.5)[2m > [22m[2muses errorAndLog on MongoDB 8.1+ when creating collections
[22m[39m17:52:57.369 [memory:mongodb:schema] info: created collection test_files

[90mstdout[2m | src/mongodb-schema.test.ts[2m > [22m[2mvalidationAction version gate (P3.5)[2m > [22m[2muses errorAndLog on MongoDB 8.1+ when creating collections
[22m[39m17:52:57.369 [memory:mongodb:schema] info: created collection test_meta

[90mstdout[2m | src/mongodb-schema.test.ts[2m > [22m[2mvalidationAction version gate (P3.5)[2m > [22m[2muses errorAndLog on MongoDB 8.1+ when creating collections
[22m[39m17:52:57.370 [memory:mongodb:schema] info: created collection test_knowledge_base

[90mstdout[2m | src/mongodb-schema.test.ts[2m > [22m[2mvalidationAction version gate (P3.5)[2m > [22m[2muses errorAndLog on MongoDB 8.1+ when creating collections
[22m[39m17:52:57.370 [memory:mongodb:schema] info: created collection test_kb_chunks

[90mstdout[2m | src/mongodb-schema.test.ts[2m > [22m[2mvalidationAction version gate (P3.5)[2m > [22m[2muses errorAndLog on MongoDB 8.1+ when creating collections
[22m[39m17:52:57.370 [memory:mongodb:schema] info: created collection test_structured_mem

[90mstdout[2m | src/mongodb-schema.test.ts[2m > [22m[2mvalidationAction version gate (P3.5)[2m > [22m[2muses errorAndLog on MongoDB 8.1+ when creating collections
[22m[39m17:52:57.370 [memory:mongodb:schema] info: created collection test_structured_mem_revisions

[90mstdout[2m | src/mongodb-schema.test.ts[2m > [22m[2mvalidationAction version gate (P3.5)[2m > [22m[2muses errorAndLog on MongoDB 8.1+ when creating collections
[22m[39m17:52:57.370 [memory:mongodb:schema] info: created collection test_procedures

[90mstdout[2m | src/mongodb-schema.test.ts[2m > [22m[2mvalidationAction version gate (P3.5)[2m > [22m[2muses errorAndLog on MongoDB 8.1+ when creating collections
[22m[39m17:52:57.370 [memory:mongodb:schema] info: created collection test_procedure_revisions

[90mstdout[2m | src/mongodb-schema.test.ts[2m > [22m[2mvalidationAction version gate (P3.5)[2m > [22m[2muses errorAndLog on MongoDB 8.1+ when creating collections
[22m[39m17:52:57.370 [memory:mongodb:schema] info: created collection test_relevance_runs

[90mstdout[2m | src/mongodb-schema.test.ts[2m > [22m[2mvalidationAction version gate (P3.5)[2m > [22m[2muses errorAndLog on MongoDB 8.1+ when creating collections
[22m[39m17:52:57.370 [memory:mongodb:schema] info: created collection test_relevance_artifacts

[90mstdout[2m | src/mongodb-schema.test.ts[2m > [22m[2mvalidationAction version gate (P3.5)[2m > [22m[2muses errorAndLog on MongoDB 8.1+ when creating collections
[22m[39m17:52:57.370 [memory:mongodb:schema] info: created collection test_relevance_regressions

[90mstdout[2m | src/mongodb-schema.test.ts[2m > [22m[2mvalidationAction version gate (P3.5)[2m > [22m[2muses errorAndLog on MongoDB 8.1+ when creating collections
[22m[39m17:52:57.370 [memory:mongodb:schema] info: created collection test_events

[90mstdout[2m | src/mongodb-schema.test.ts[2m > [22m[2mvalidationAction version gate (P3.5)[2m > [22m[2muses errorAndLog on MongoDB 8.1+ when creating collections
[22m[39m17:52:57.370 [memory:mongodb:schema] info: created collection test_entities

[90mstdout[2m | src/mongodb-schema.test.ts[2m > [22m[2mvalidationAction version gate (P3.5)[2m > [22m[2muses errorAndLog on MongoDB 8.1+ when creating collections
[22m[39m17:52:57.370 [memory:mongodb:schema] info: created collection test_relations

[90mstdout[2m | src/mongodb-schema.test.ts[2m > [22m[2mvalidationAction version gate (P3.5)[2m > [22m[2muses errorAndLog on MongoDB 8.1+ when creating collections
[22m[39m17:52:57.370 [memory:mongodb:schema] info: created collection test_entity_links

[90mstdout[2m | src/mongodb-schema.test.ts[2m > [22m[2mvalidationAction version gate (P3.5)[2m > [22m[2muses errorAndLog on MongoDB 8.1+ when creating collections
[22m[39m17:52:57.370 [memory:mongodb:schema] info: created collection test_episodes

[90mstdout[2m | src/mongodb-schema.test.ts[2m > [22m[2mvalidationAction version gate (P3.5)[2m > [22m[2muses errorAndLog on MongoDB 8.1+ when creating collections
[22m[39m17:52:57.370 [memory:mongodb:schema] info: created collection test_ingest_runs

[90mstdout[2m | src/mongodb-schema.test.ts[2m > [22m[2mvalidationAction version gate (P3.5)[2m > [22m[2muses errorAndLog on MongoDB 8.1+ when creating collections
[22m[39m17:52:57.370 [memory:mongodb:schema] info: created collection test_projection_runs

[90mstdout[2m | src/mongodb-schema.test.ts[2m > [22m[2mvalidationAction version gate (P3.5)[2m > [22m[2muses errorAndLog on MongoDB 8.1+ when creating collections
[22m[39m17:52:57.370 [memory:mongodb:schema] info: created collection test_query_cache

[90mstdout[2m | src/mongodb-schema.test.ts[2m > [22m[2mvalidationAction version gate (P3.5)[2m > [22m[2muses errorAndLog on MongoDB 8.1+ when creating collections
[22m[39m17:52:57.370 [memory:mongodb:schema] info: created collection test_memory_mutations

[90mstdout[2m | src/mongodb-schema.test.ts[2m > [22m[2mvalidationAction version gate (P3.5)[2m > [22m[2muses errorAndLog on MongoDB 8.1+ when creating collections
[22m[39m17:52:57.370 [memory:mongodb:schema] info: created collection test_lane_coverage

[90mstdout[2m | src/mongodb-schema.test.ts[2m > [22m[2mvalidationAction version gate (P3.5)[2m > [22m[2muses errorAndLog on MongoDB 8.1+ when creating collections
[22m[39m17:52:57.370 [memory:mongodb:schema] info: created collection test_consolidation_runs

[90mstdout[2m | src/mongodb-schema.test.ts[2m > [22m[2mvalidationAction version gate (P3.5)[2m > [22m[2muses errorAndLog on MongoDB 8.1+ when creating collections
[22m[39m17:52:57.370 [memory:mongodb:schema] info: created collection test_recall_traces

[90mstdout[2m | src/mongodb-schema.test.ts[2m > [22m[2mvalidationAction version gate (P3.5)[2m > [22m[2muses errorAndLog on MongoDB 8.1+ when creating collections
[22m[39m17:52:57.370 [memory:mongodb:schema] info: created collection test_memory_jobs

[90mstdout[2m | src/mongodb-schema.test.ts[2m > [22m[2mvalidationAction version gate (P3.5)[2m > [22m[2muses errorAndLog on MongoDB 8.1+ when creating collections
[22m[39m17:52:57.371 [memory:mongodb:schema] info: created collection test_session_chunks

[90mstdout[2m | src/mongodb-schema.test.ts[2m > [22m[2mvalidationAction version gate (P3.5)[2m > [22m[2muses errorAndLog on MongoDB 8.1+ when creating collections
[22m[39m17:52:57.371 [memory:mongodb:schema] info: created collection test_memory_quarantine

[90mstdout[2m | src/mongodb-schema.test.ts[2m > [22m[2mvalidationAction version gate (P3.5)[2m > [22m[2muses errorAndLog on MongoDB 8.1+ when creating collections
[22m[39m17:52:57.371 [memory:mongodb:schema] info: created time series collection test_memory_telemetry

[90mstdout[2m | src/mongodb-schema.test.ts[2m > [22m[2mvalidationAction version gate (P3.5)[2m > [22m[2muses errorAndLog on MongoDB 8.1+ when creating collections
[22m[39m17:52:57.371 [memory:mongodb:schema] info: created telemetry collection test_memory_telemetry

[90mstdout[2m | src/mongodb-schema.test.ts[2m > [22m[2mvalidationAction version gate (P3.5)[2m > [22m[2muses errorAndLog on MongoDB 8.1+ when creating collections
[22m[39m17:52:57.371 [memory:mongodb:schema] info: created time series collection test_access_events

[90mstdout[2m | src/mongodb-schema.test.ts[2m > [22m[2mvalidationAction version gate (P3.5)[2m > [22m[2muses errorAndLog on MongoDB 8.1+ when creating collections
[22m[39m17:52:57.371 [memory:mongodb:schema] info: created access events collection test_access_events

[90mstdout[2m | src/mongodb-schema.test.ts[2m > [22m[2mvalidationAction version gate (P3.5)[2m > [22m[2muses errorAndLog on MongoDB 8.1+ when creating collections
[22m[39m17:52:57.371 [memory:mongodb:schema] info: applied schema validation to test_chunks

[90mstdout[2m | src/mongodb-schema.test.ts[2m > [22m[2mvalidationAction version gate (P3.5)[2m > [22m[2muses errorAndLog on MongoDB 8.1+ when creating collections
[22m[39m17:52:57.371 [memory:mongodb:schema] info: applied schema validation to test_knowledge_base

[90mstdout[2m | src/mongodb-schema.test.ts[2m > [22m[2mvalidationAction version gate (P3.5)[2m > [22m[2muses errorAndLog on MongoDB 8.1+ when creating collections
[22m[39m17:52:57.371 [memory:mongodb:schema] info: applied schema validation to test_kb_chunks

[90mstdout[2m | src/mongodb-schema.test.ts[2m > [22m[2mvalidationAction version gate (P3.5)[2m > [22m[2muses errorAndLog on MongoDB 8.1+ when creating collections
[22m[39m17:52:57.371 [memory:mongodb:schema] info: applied schema validation to test_structured_mem

[90mstdout[2m | src/mongodb-schema.test.ts[2m > [22m[2mvalidationAction version gate (P3.5)[2m > [22m[2muses errorAndLog on MongoDB 8.1+ when creating collections
[22m[39m17:52:57.371 [memory:mongodb:schema] info: applied schema validation to test_structured_mem_revisions

[90mstdout[2m | src/mongodb-schema.test.ts[2m > [22m[2mvalidationAction version gate (P3.5)[2m > [22m[2muses errorAndLog on MongoDB 8.1+ when creating collections
[22m[39m17:52:57.371 [memory:mongodb:schema] info: applied schema validation to test_procedures

[90mstdout[2m | src/mongodb-schema.test.ts[2m > [22m[2mvalidationAction version gate (P3.5)[2m > [22m[2muses errorAndLog on MongoDB 8.1+ when creating collections
[22m[39m17:52:57.371 [memory:mongodb:schema] info: applied schema validation to test_procedure_revisions

[90mstdout[2m | src/mongodb-schema.test.ts[2m > [22m[2mvalidationAction version gate (P3.5)[2m > [22m[2muses errorAndLog on MongoDB 8.1+ when creating collections
[22m[39m17:52:57.371 [memory:mongodb:schema] info: applied schema validation to test_relevance_runs

[90mstdout[2m | src/mongodb-schema.test.ts[2m > [22m[2mvalidationAction version gate (P3.5)[2m > [22m[2muses errorAndLog on MongoDB 8.1+ when creating collections
[22m[39m17:52:57.371 [memory:mongodb:schema] info: applied schema validation to test_relevance_artifacts

[90mstdout[2m | src/mongodb-schema.test.ts[2m > [22m[2mvalidationAction version gate (P3.5)[2m > [22m[2muses errorAndLog on MongoDB 8.1+ when creating collections
[22m[39m17:52:57.371 [memory:mongodb:schema] info: applied schema validation to test_relevance_regressions

[90mstdout[2m | src/mongodb-schema.test.ts[2m > [22m[2mvalidationAction version gate (P3.5)[2m > [22m[2muses errorAndLog on MongoDB 8.1+ when creating collections
[22m[39m17:52:57.371 [memory:mongodb:schema] info: applied schema validation to test_events

[90mstdout[2m | src/mongodb-schema.test.ts[2m > [22m[2mvalidationAction version gate (P3.5)[2m > [22m[2muses errorAndLog on MongoDB 8.1+ when creating collections
[22m[39m17:52:57.371 [memory:mongodb:schema] info: applied schema validation to test_entities

[90mstdout[2m | src/mongodb-schema.test.ts[2m > [22m[2mvalidationAction version gate (P3.5)[2m > [22m[2muses errorAndLog on MongoDB 8.1+ when creating collections
[22m[39m17:52:57.371 [memory:mongodb:schema] info: applied schema validation to test_relations

[90mstdout[2m | src/mongodb-schema.test.ts[2m > [22m[2mvalidationAction version gate (P3.5)[2m > [22m[2muses errorAndLog on MongoDB 8.1+ when creating collections
[22m[39m17:52:57.371 [memory:mongodb:schema] info: applied schema validation to test_entity_links

[90mstdout[2m | src/mongodb-schema.test.ts[2m > [22m[2mvalidationAction version gate (P3.5)[2m > [22m[2muses errorAndLog on MongoDB 8.1+ when creating collections
[22m[39m17:52:57.372 [memory:mongodb:schema] info: applied schema validation to test_episodes

[90mstdout[2m | src/mongodb-schema.test.ts[2m > [22m[2mvalidationAction version gate (P3.5)[2m > [22m[2muses errorAndLog on MongoDB 8.1+ when creating collections
[22m[39m17:52:57.372 [memory:mongodb:schema] info: applied schema validation to test_ingest_runs

[90mstdout[2m | src/mongodb-schema.test.ts[2m > [22m[2mvalidationAction version gate (P3.5)[2m > [22m[2muses errorAndLog on MongoDB 8.1+ when creating collections
[22m[39m17:52:57.372 [memory:mongodb:schema] info: applied schema validation to test_projection_runs

[90mstdout[2m | src/mongodb-schema.test.ts[2m > [22m[2mvalidationAction version gate (P3.5)[2m > [22m[2muses errorAndLog on MongoDB 8.1+ when creating collections
[22m[39m17:52:57.372 [memory:mongodb:schema] info: applied schema validation to test_query_cache

[90mstdout[2m | src/mongodb-schema.test.ts[2m > [22m[2mvalidationAction version gate (P3.5)[2m > [22m[2muses errorAndLog on MongoDB 8.1+ when creating collections
[22m[39m17:52:57.372 [memory:mongodb:schema] info: applied schema validation to test_memory_mutations

[90mstdout[2m | src/mongodb-schema.test.ts[2m > [22m[2mvalidationAction version gate (P3.5)[2m > [22m[2muses errorAndLog on MongoDB 8.1+ when creating collections
[22m[39m17:52:57.372 [memory:mongodb:schema] info: applied schema validation to test_recall_traces

[90mstdout[2m | src/mongodb-schema.test.ts[2m > [22m[2mvalidationAction version gate (P3.5)[2m > [22m[2muses errorAndLog on MongoDB 8.1+ when creating collections
[22m[39m17:52:57.372 [memory:mongodb:schema] info: applied schema validation to test_memory_jobs

[90mstdout[2m | src/mongodb-schema.test.ts[2m > [22m[2mvalidationAction version gate (P3.5)[2m > [22m[2muses errorAndLog on MongoDB 8.1+ when creating collections
[22m[39m17:52:57.372 [memory:mongodb:schema] info: applied schema validation to test_memory_quarantine

[90mstdout[2m | src/mongodb-schema.test.ts[2m > [22m[2mvalidationAction version gate (P3.5)[2m > [22m[2muses errorAndLog on MongoDB 8.1+ when creating collections
[22m[39m17:52:57.372 [memory:mongodb:schema] info: applied schema validation to test_files

[90mstdout[2m | src/mongodb-schema.test.ts[2m > [22m[2mvalidationAction version gate (P3.5)[2m > [22m[2mkeeps error below MongoDB 8.1 when creating collections
[22m[39m17:52:57.373 [memory:mongodb:schema] info: created collection test_chunks

[90mstdout[2m | src/mongodb-schema.test.ts[2m > [22m[2mvalidationAction version gate (P3.5)[2m > [22m[2mkeeps error below MongoDB 8.1 when creating collections
[22m[39m17:52:57.373 [memory:mongodb:schema] info: created collection test_files

[90mstdout[2m | src/mongodb-schema.test.ts[2m > [22m[2mvalidationAction version gate (P3.5)[2m > [22m[2mkeeps error below MongoDB 8.1 when creating collections
[22m[39m17:52:57.373 [memory:mongodb:schema] info: created collection test_meta

[90mstdout[2m | src/mongodb-schema.test.ts[2m > [22m[2mvalidationAction version gate (P3.5)[2m > [22m[2mkeeps error below MongoDB 8.1 when creating collections
[22m[39m17:52:57.373 [memory:mongodb:schema] info: created collection test_knowledge_base

[90mstdout[2m | src/mongodb-schema.test.ts[2m > [22m[2mvalidationAction version gate (P3.5)[2m > [22m[2mkeeps error below MongoDB 8.1 when creating collections
[22m[39m17:52:57.373 [memory:mongodb:schema] info: created collection test_kb_chunks

[90mstdout[2m | src/mongodb-schema.test.ts[2m > [22m[2mvalidationAction version gate (P3.5)[2m > [22m[2mkeeps error below MongoDB 8.1 when creating collections
[22m[39m17:52:57.373 [memory:mongodb:schema] info: created collection test_structured_mem

[90mstdout[2m | src/mongodb-schema.test.ts[2m > [22m[2mvalidationAction version gate (P3.5)[2m > [22m[2mkeeps error below MongoDB 8.1 when creating collections
[22m[39m17:52:57.373 [memory:mongodb:schema] info: created collection test_structured_mem_revisions

[90mstdout[2m | src/mongodb-schema.test.ts[2m > [22m[2mvalidationAction version gate (P3.5)[2m > [22m[2mkeeps error below MongoDB 8.1 when creating collections
[22m[39m17:52:57.373 [memory:mongodb:schema] info: created collection test_procedures

[90mstdout[2m | src/mongodb-schema.test.ts[2m > [22m[2mvalidationAction version gate (P3.5)[2m > [22m[2mkeeps error below MongoDB 8.1 when creating collections
[22m[39m17:52:57.373 [memory:mongodb:schema] info: created collection test_procedure_revisions

[90mstdout[2m | src/mongodb-schema.test.ts[2m > [22m[2mvalidationAction version gate (P3.5)[2m > [22m[2mkeeps error below MongoDB 8.1 when creating collections
[22m[39m17:52:57.373 [memory:mongodb:schema] info: created collection test_relevance_runs

[90mstdout[2m | src/mongodb-schema.test.ts[2m > [22m[2mvalidationAction version gate (P3.5)[2m > [22m[2mkeeps error below MongoDB 8.1 when creating collections
[22m[39m17:52:57.373 [memory:mongodb:schema] info: created collection test_relevance_artifacts

[90mstdout[2m | src/mongodb-schema.test.ts[2m > [22m[2mvalidationAction version gate (P3.5)[2m > [22m[2mkeeps error below MongoDB 8.1 when creating collections
[22m[39m17:52:57.373 [memory:mongodb:schema] info: created collection test_relevance_regressions

[90mstdout[2m | src/mongodb-schema.test.ts[2m > [22m[2mvalidationAction version gate (P3.5)[2m > [22m[2mkeeps error below MongoDB 8.1 when creating collections
[22m[39m17:52:57.373 [memory:mongodb:schema] info: created collection test_events

[90mstdout[2m | src/mongodb-schema.test.ts[2m > [22m[2mvalidationAction version gate (P3.5)[2m > [22m[2mkeeps error below MongoDB 8.1 when creating collections
[22m[39m17:52:57.373 [memory:mongodb:schema] info: created collection test_entities

[90mstdout[2m | src/mongodb-schema.test.ts[2m > [22m[2mvalidationAction version gate (P3.5)[2m > [22m[2mkeeps error below MongoDB 8.1 when creating collections
[22m[39m17:52:57.373 [memory:mongodb:schema] info: created collection test_relations

[90mstdout[2m | src/mongodb-schema.test.ts[2m > [22m[2mvalidationAction version gate (P3.5)[2m > [22m[2mkeeps error below MongoDB 8.1 when creating collections
[22m[39m17:52:57.373 [memory:mongodb:schema] info: created collection test_entity_links

[90mstdout[2m | src/mongodb-schema.test.ts[2m > [22m[2mvalidationAction version gate (P3.5)[2m > [22m[2mkeeps error below MongoDB 8.1 when creating collections
[22m[39m17:52:57.373 [memory:mongodb:schema] info: created collection test_episodes

[90mstdout[2m | src/mongodb-schema.test.ts[2m > [22m[2mvalidationAction version gate (P3.5)[2m > [22m[2mkeeps error below MongoDB 8.1 when creating collections
[22m[39m17:52:57.373 [memory:mongodb:schema] info: created collection test_ingest_runs

[90mstdout[2m | src/mongodb-schema.test.ts[2m > [22m[2mvalidationAction version gate (P3.5)[2m > [22m[2mkeeps error below MongoDB 8.1 when creating collections
[22m[39m17:52:57.373 [memory:mongodb:schema] info: created collection test_projection_runs

[90mstdout[2m | src/mongodb-schema.test.ts[2m > [22m[2mvalidationAction version gate (P3.5)[2m > [22m[2mkeeps error below MongoDB 8.1 when creating collections
[22m[39m17:52:57.373 [memory:mongodb:schema] info: created collection test_query_cache

[90mstdout[2m | src/mongodb-schema.test.ts[2m > [22m[2mvalidationAction version gate (P3.5)[2m > [22m[2mkeeps error below MongoDB 8.1 when creating collections
[22m[39m17:52:57.373 [memory:mongodb:schema] info: created collection test_memory_mutations

[90mstdout[2m | src/mongodb-schema.test.ts[2m > [22m[2mvalidationAction version gate (P3.5)[2m > [22m[2mkeeps error below MongoDB 8.1 when creating collections
[22m[39m17:52:57.373 [memory:mongodb:schema] info: created collection test_lane_coverage

[90mstdout[2m | src/mongodb-schema.test.ts[2m > [22m[2mvalidationAction version gate (P3.5)[2m > [22m[2mkeeps error below MongoDB 8.1 when creating collections
[22m[39m17:52:57.373 [memory:mongodb:schema] info: created collection test_consolidation_runs

[90mstdout[2m | src/mongodb-schema.test.ts[2m > [22m[2mvalidationAction version gate (P3.5)[2m > [22m[2mkeeps error below MongoDB 8.1 when creating collections
[22m[39m17:52:57.374 [memory:mongodb:schema] info: created collection test_recall_traces

[90mstdout[2m | src/mongodb-schema.test.ts[2m > [22m[2mvalidationAction version gate (P3.5)[2m > [22m[2mkeeps error below MongoDB 8.1 when creating collections
[22m[39m17:52:57.374 [memory:mongodb:schema] info: created collection test_memory_jobs

[90mstdout[2m | src/mongodb-schema.test.ts[2m > [22m[2mvalidationAction version gate (P3.5)[2m > [22m[2mkeeps error below MongoDB 8.1 when creating collections
[22m[39m17:52:57.374 [memory:mongodb:schema] info: created collection test_session_chunks

[90mstdout[2m | src/mongodb-schema.test.ts[2m > [22m[2mvalidationAction version gate (P3.5)[2m > [22m[2mkeeps error below MongoDB 8.1 when creating collections
[22m[39m17:52:57.374 [memory:mongodb:schema] info: created collection test_memory_quarantine

[90mstdout[2m | src/mongodb-schema.test.ts[2m > [22m[2mvalidationAction version gate (P3.5)[2m > [22m[2mkeeps error below MongoDB 8.1 when creating collections
[22m[39m17:52:57.374 [memory:mongodb:schema] info: created time series collection test_memory_telemetry

[90mstdout[2m | src/mongodb-schema.test.ts[2m > [22m[2mvalidationAction version gate (P3.5)[2m > [22m[2mkeeps error below MongoDB 8.1 when creating collections
[22m[39m17:52:57.374 [memory:mongodb:schema] info: created telemetry collection test_memory_telemetry

[90mstdout[2m | src/mongodb-schema.test.ts[2m > [22m[2mvalidationAction version gate (P3.5)[2m > [22m[2mkeeps error below MongoDB 8.1 when creating collections
[22m[39m17:52:57.374 [memory:mongodb:schema] info: created time series collection test_access_events

[90mstdout[2m | src/mongodb-schema.test.ts[2m > [22m[2mvalidationAction version gate (P3.5)[2m > [22m[2mkeeps error below MongoDB 8.1 when creating collections
[22m[39m17:52:57.374 [memory:mongodb:schema] info: created access events collection test_access_events

[90mstdout[2m | src/mongodb-schema.test.ts[2m > [22m[2mvalidationAction version gate (P3.5)[2m > [22m[2mkeeps error below MongoDB 8.1 when creating collections
[22m[39m17:52:57.374 [memory:mongodb:schema] info: applied schema validation to test_chunks

 [32m✓[39m src/mongodb-schema.part3.test.ts [2m([22m[2m56 tests[22m[2m)[22m[32m 97[2mms[22m[39m
[90mstdout[2m | src/mongodb-schema.test.ts[2m > [22m[2mvalidationAction version gate (P3.5)[2m > [22m[2mkeeps error below MongoDB 8.1 when creating collections
[22m[39m17:52:57.374 [memory:mongodb:schema] info: applied schema validation to test_knowledge_base

[90mstdout[2m | src/mongodb-schema.test.ts[2m > [22m[2mvalidationAction version gate (P3.5)[2m > [22m[2mkeeps error below MongoDB 8.1 when creating collections
[22m[39m17:52:57.374 [memory:mongodb:schema] info: applied schema validation to test_kb_chunks

[90mstdout[2m | src/mongodb-schema.test.ts[2m > [22m[2mvalidationAction version gate (P3.5)[2m > [22m[2mkeeps error below MongoDB 8.1 when creating collections
[22m[39m17:52:57.374 [memory:mongodb:schema] info: applied schema validation to test_structured_mem

[90mstdout[2m | src/mongodb-schema.test.ts[2m > [22m[2mvalidationAction version gate (P3.5)[2m > [22m[2mkeeps error below MongoDB 8.1 when creating collections
[22m[39m17:52:57.374 [memory:mongodb:schema] info: applied schema validation to test_structured_mem_revisions

[90mstdout[2m | src/mongodb-schema.test.ts[2m > [22m[2mvalidationAction version gate (P3.5)[2m > [22m[2mkeeps error below MongoDB 8.1 when creating collections
[22m[39m17:52:57.374 [memory:mongodb:schema] info: applied schema validation to test_procedures

[90mstdout[2m | src/mongodb-schema.test.ts[2m > [22m[2mvalidationAction version gate (P3.5)[2m > [22m[2mkeeps error below MongoDB 8.1 when creating collections
[22m[39m17:52:57.374 [memory:mongodb:schema] info: applied schema validation to test_procedure_revisions

[90mstdout[2m | src/mongodb-schema.test.ts[2m > [22m[2mvalidationAction version gate (P3.5)[2m > [22m[2mkeeps error below MongoDB 8.1 when creating collections
[22m[39m17:52:57.374 [memory:mongodb:schema] info: applied schema validation to test_relevance_runs

[90mstdout[2m | src/mongodb-schema.test.ts[2m > [22m[2mvalidationAction version gate (P3.5)[2m > [22m[2mkeeps error below MongoDB 8.1 when creating collections
[22m[39m17:52:57.374 [memory:mongodb:schema] info: applied schema validation to test_relevance_artifacts

[90mstdout[2m | src/mongodb-schema.test.ts[2m > [22m[2mvalidationAction version gate (P3.5)[2m > [22m[2mkeeps error below MongoDB 8.1 when creating collections
[22m[39m17:52:57.374 [memory:mongodb:schema] info: applied schema validation to test_relevance_regressions

[90mstdout[2m | src/mongodb-schema.test.ts[2m > [22m[2mvalidationAction version gate (P3.5)[2m > [22m[2mkeeps error below MongoDB 8.1 when creating collections
[22m[39m17:52:57.374 [memory:mongodb:schema] info: applied schema validation to test_events

[90mstdout[2m | src/mongodb-schema.test.ts[2m > [22m[2mvalidationAction version gate (P3.5)[2m > [22m[2mkeeps error below MongoDB 8.1 when creating collections
[22m[39m17:52:57.374 [memory:mongodb:schema] info: applied schema validation to test_entities

[90mstdout[2m | src/mongodb-schema.test.ts[2m > [22m[2mvalidationAction version gate (P3.5)[2m > [22m[2mkeeps error below MongoDB 8.1 when creating collections
[22m[39m17:52:57.374 [memory:mongodb:schema] info: applied schema validation to test_relations

[90mstdout[2m | src/mongodb-schema.test.ts[2m > [22m[2mvalidationAction version gate (P3.5)[2m > [22m[2mkeeps error below MongoDB 8.1 when creating collections
[22m[39m17:52:57.374 [memory:mongodb:schema] info: applied schema validation to test_entity_links

[90mstdout[2m | src/mongodb-schema.test.ts[2m > [22m[2mvalidationAction version gate (P3.5)[2m > [22m[2mkeeps error below MongoDB 8.1 when creating collections
[22m[39m17:52:57.374 [memory:mongodb:schema] info: applied schema validation to test_episodes

[90mstdout[2m | src/mongodb-schema.test.ts[2m > [22m[2mvalidationAction version gate (P3.5)[2m > [22m[2mkeeps error below MongoDB 8.1 when creating collections
[22m[39m17:52:57.374 [memory:mongodb:schema] info: applied schema validation to test_ingest_runs

[90mstdout[2m | src/mongodb-schema.test.ts[2m > [22m[2mvalidationAction version gate (P3.5)[2m > [22m[2mkeeps error below MongoDB 8.1 when creating collections
[22m[39m17:52:57.374 [memory:mongodb:schema] info: applied schema validation to test_projection_runs

[90mstdout[2m | src/mongodb-schema.test.ts[2m > [22m[2mvalidationAction version gate (P3.5)[2m > [22m[2mkeeps error below MongoDB 8.1 when creating collections
[22m[39m17:52:57.374 [memory:mongodb:schema] info: applied schema validation to test_query_cache

[90mstdout[2m | src/mongodb-schema.test.ts[2m > [22m[2mvalidationAction version gate (P3.5)[2m > [22m[2mkeeps error below MongoDB 8.1 when creating collections
[22m[39m17:52:57.374 [memory:mongodb:schema] info: applied schema validation to test_memory_mutations

[90mstdout[2m | src/mongodb-schema.test.ts[2m > [22m[2mvalidationAction version gate (P3.5)[2m > [22m[2mkeeps error below MongoDB 8.1 when creating collections
[22m[39m17:52:57.374 [memory:mongodb:schema] info: applied schema validation to test_recall_traces

[90mstdout[2m | src/mongodb-schema.test.ts[2m > [22m[2mvalidationAction version gate (P3.5)[2m > [22m[2mkeeps error below MongoDB 8.1 when creating collections
[22m[39m17:52:57.374 [memory:mongodb:schema] info: applied schema validation to test_memory_jobs

[90mstdout[2m | src/mongodb-schema.test.ts[2m > [22m[2mvalidationAction version gate (P3.5)[2m > [22m[2mkeeps error below MongoDB 8.1 when creating collections
[22m[39m17:52:57.374 [memory:mongodb:schema] info: applied schema validation to test_memory_quarantine

[90mstdout[2m | src/mongodb-schema.test.ts[2m > [22m[2mvalidationAction version gate (P3.5)[2m > [22m[2mkeeps error below MongoDB 8.1 when creating collections
[22m[39m17:52:57.374 [memory:mongodb:schema] info: applied schema validation to test_files

[90mstdout[2m | src/mongodb-schema.test.ts[2m > [22m[2mvalidationAction version gate (P3.5)[2m > [22m[2mkeeps error when the server version is unknown
[22m[39m17:52:57.375 [memory:mongodb:schema] info: created collection test_chunks

[90mstdout[2m | src/mongodb-schema.test.ts[2m > [22m[2mvalidationAction version gate (P3.5)[2m > [22m[2mkeeps error when the server version is unknown
[22m[39m17:52:57.375 [memory:mongodb:schema] info: created collection test_files

[90mstdout[2m | src/mongodb-schema.test.ts[2m > [22m[2mvalidationAction version gate (P3.5)[2m > [22m[2mkeeps error when the server version is unknown
[22m[39m17:52:57.375 [memory:mongodb:schema] info: created collection test_meta

[90mstdout[2m | src/mongodb-schema.test.ts[2m > [22m[2mvalidationAction version gate (P3.5)[2m > [22m[2mkeeps error when the server version is unknown
[22m[39m17:52:57.375 [memory:mongodb:schema] info: created collection test_knowledge_base

[90mstdout[2m | src/mongodb-schema.test.ts[2m > [22m[2mvalidationAction version gate (P3.5)[2m > [22m[2mkeeps error when the server version is unknown
[22m[39m17:52:57.375 [memory:mongodb:schema] info: created collection test_kb_chunks

[90mstdout[2m | src/mongodb-schema.test.ts[2m > [22m[2mvalidationAction version gate (P3.5)[2m > [22m[2mkeeps error when the server version is unknown
[22m[39m17:52:57.375 [memory:mongodb:schema] info: created collection test_structured_mem

[90mstdout[2m | src/mongodb-schema.test.ts[2m > [22m[2mvalidationAction version gate (P3.5)[2m > [22m[2mkeeps error when the server version is unknown
[22m[39m17:52:57.375 [memory:mongodb:schema] info: created collection test_structured_mem_revisions

[90mstdout[2m | src/mongodb-schema.test.ts[2m > [22m[2mvalidationAction version gate (P3.5)[2m > [22m[2mkeeps error when the server version is unknown
[22m[39m17:52:57.375 [memory:mongodb:schema] info: created collection test_procedures

[90mstdout[2m | src/mongodb-schema.test.ts[2m > [22m[2mvalidationAction version gate (P3.5)[2m > [22m[2mkeeps error when the server version is unknown
[22m[39m17:52:57.375 [memory:mongodb:schema] info: created collection test_procedure_revisions

[90mstdout[2m | src/mongodb-schema.test.ts[2m > [22m[2mvalidationAction version gate (P3.5)[2m > [22m[2mkeeps error when the server version is unknown
[22m[39m17:52:57.375 [memory:mongodb:schema] info: created collection test_relevance_runs

[90mstdout[2m | src/mongodb-schema.test.ts[2m > [22m[2mvalidationAction version gate (P3.5)[2m > [22m[2mkeeps error when the server version is unknown
[22m[39m17:52:57.375 [memory:mongodb:schema] info: created collection test_relevance_artifacts

[90mstdout[2m | src/mongodb-schema.test.ts[2m > [22m[2mvalidationAction version gate (P3.5)[2m > [22m[2mkeeps error when the server version is unknown
[22m[39m17:52:57.375 [memory:mongodb:schema] info: created collection test_relevance_regressions

[90mstdout[2m | src/mongodb-schema.test.ts[2m > [22m[2mvalidationAction version gate (P3.5)[2m > [22m[2mkeeps error when the server version is unknown
[22m[39m17:52:57.375 [memory:mongodb:schema] info: created collection test_events

[90mstdout[2m | src/mongodb-schema.test.ts[2m > [22m[2mvalidationAction version gate (P3.5)[2m > [22m[2mkeeps error when the server version is unknown
[22m[39m17:52:57.375 [memory:mongodb:schema] info: created collection test_entities

[90mstdout[2m | src/mongodb-schema.test.ts[2m > [22m[2mvalidationAction version gate (P3.5)[2m > [22m[2mkeeps error when the server version is unknown
[22m[39m17:52:57.375 [memory:mongodb:schema] info: created collection test_relations

[90mstdout[2m | src/mongodb-schema.test.ts[2m > [22m[2mvalidationAction version gate (P3.5)[2m > [22m[2mkeeps error when the server version is unknown
[22m[39m17:52:57.375 [memory:mongodb:schema] info: created collection test_entity_links

[90mstdout[2m | src/mongodb-schema.test.ts[2m > [22m[2mvalidationAction version gate (P3.5)[2m > [22m[2mkeeps error when the server version is unknown
[22m[39m17:52:57.376 [memory:mongodb:schema] info: created collection test_episodes

[90mstdout[2m | src/mongodb-schema.test.ts[2m > [22m[2mvalidationAction version gate (P3.5)[2m > [22m[2mkeeps error when the server version is unknown
[22m[39m17:52:57.376 [memory:mongodb:schema] info: created collection test_ingest_runs

[90mstdout[2m | src/mongodb-schema.test.ts[2m > [22m[2mvalidationAction version gate (P3.5)[2m > [22m[2mkeeps error when the server version is unknown
[22m[39m17:52:57.376 [memory:mongodb:schema] info: created collection test_projection_runs

[90mstdout[2m | src/mongodb-schema.test.ts[2m > [22m[2mvalidationAction version gate (P3.5)[2m > [22m[2mkeeps error when the server version is unknown
[22m[39m17:52:57.376 [memory:mongodb:schema] info: created collection test_query_cache

[90mstdout[2m | src/mongodb-schema.test.ts[2m > [22m[2mvalidationAction version gate (P3.5)[2m > [22m[2mkeeps error when the server version is unknown
[22m[39m17:52:57.376 [memory:mongodb:schema] info: created collection test_memory_mutations

[90mstdout[2m | src/mongodb-schema.test.ts[2m > [22m[2mvalidationAction version gate (P3.5)[2m > [22m[2mkeeps error when the server version is unknown
[22m[39m17:52:57.376 [memory:mongodb:schema] info: created collection test_lane_coverage

[90mstdout[2m | src/mongodb-schema.test.ts[2m > [22m[2mvalidationAction version gate (P3.5)[2m > [22m[2mkeeps error when the server version is unknown
[22m[39m17:52:57.376 [memory:mongodb:schema] info: created collection test_consolidation_runs

[90mstdout[2m | src/mongodb-schema.test.ts[2m > [22m[2mvalidationAction version gate (P3.5)[2m > [22m[2mkeeps error when the server version is unknown
[22m[39m17:52:57.376 [memory:mongodb:schema] info: created collection test_recall_traces

[90mstdout[2m | src/mongodb-schema.test.ts[2m > [22m[2mvalidationAction version gate (P3.5)[2m > [22m[2mkeeps error when the server version is unknown
[22m[39m17:52:57.376 [memory:mongodb:schema] info: created collection test_memory_jobs

[90mstdout[2m | src/mongodb-schema.test.ts[2m > [22m[2mvalidationAction version gate (P3.5)[2m > [22m[2mkeeps error when the server version is unknown
[22m[39m17:52:57.376 [memory:mongodb:schema] info: created collection test_session_chunks

[90mstdout[2m | src/mongodb-schema.test.ts[2m > [22m[2mvalidationAction version gate (P3.5)[2m > [22m[2mkeeps error when the server version is unknown
[22m[39m17:52:57.376 [memory:mongodb:schema] info: created collection test_memory_quarantine

[90mstdout[2m | src/mongodb-schema.test.ts[2m > [22m[2mvalidationAction version gate (P3.5)[2m > [22m[2mkeeps error when the server version is unknown
[22m[39m17:52:57.376 [memory:mongodb:schema] info: created time series collection test_memory_telemetry

[90mstdout[2m | src/mongodb-schema.test.ts[2m > [22m[2mvalidationAction version gate (P3.5)[2m > [22m[2mkeeps error when the server version is unknown
[22m[39m17:52:57.376 [memory:mongodb:schema] info: created telemetry collection test_memory_telemetry

[90mstdout[2m | src/mongodb-schema.test.ts[2m > [22m[2mvalidationAction version gate (P3.5)[2m > [22m[2mkeeps error when the server version is unknown
[22m[39m17:52:57.376 [memory:mongodb:schema] info: created time series collection test_access_events

[90mstdout[2m | src/mongodb-schema.test.ts[2m > [22m[2mvalidationAction version gate (P3.5)[2m > [22m[2mkeeps error when the server version is unknown
[22m[39m17:52:57.376 [memory:mongodb:schema] info: created access events collection test_access_events

[90mstdout[2m | src/mongodb-schema.test.ts[2m > [22m[2mvalidationAction version gate (P3.5)[2m > [22m[2mkeeps error when the server version is unknown
[22m[39m17:52:57.376 [memory:mongodb:schema] info: applied schema validation to test_chunks

[90mstdout[2m | src/mongodb-schema.test.ts[2m > [22m[2mvalidationAction version gate (P3.5)[2m > [22m[2mkeeps error when the server version is unknown
[22m[39m17:52:57.376 [memory:mongodb:schema] info: applied schema validation to test_knowledge_base

[90mstdout[2m | src/mongodb-schema.test.ts[2m > [22m[2mvalidationAction version gate (P3.5)[2m > [22m[2mkeeps error when the server version is unknown
[22m[39m17:52:57.376 [memory:mongodb:schema] info: applied schema validation to test_kb_chunks

[90mstdout[2m | src/mongodb-schema.test.ts[2m > [22m[2mvalidationAction version gate (P3.5)[2m > [22m[2mkeeps error when the server version is unknown
[22m[39m17:52:57.376 [memory:mongodb:schema] info: applied schema validation to test_structured_mem

[90mstdout[2m | src/mongodb-schema.test.ts[2m > [22m[2mvalidationAction version gate (P3.5)[2m > [22m[2mkeeps error when the server version is unknown
[22m[39m17:52:57.376 [memory:mongodb:schema] info: applied schema validation to test_structured_mem_revisions

[90mstdout[2m | src/mongodb-schema.test.ts[2m > [22m[2mvalidationAction version gate (P3.5)[2m > [22m[2mkeeps error when the server version is unknown
[22m[39m17:52:57.376 [memory:mongodb:schema] info: applied schema validation to test_procedures

[90mstdout[2m | src/mongodb-schema.test.ts[2m > [22m[2mvalidationAction version gate (P3.5)[2m > [22m[2mkeeps error when the server version is unknown
[22m[39m17:52:57.376 [memory:mongodb:schema] info: applied schema validation to test_procedure_revisions

[90mstdout[2m | src/mongodb-schema.test.ts[2m > [22m[2mvalidationAction version gate (P3.5)[2m > [22m[2mkeeps error when the server version is unknown
[22m[39m17:52:57.376 [memory:mongodb:schema] info: applied schema validation to test_relevance_runs

[90mstdout[2m | src/mongodb-schema.test.ts[2m > [22m[2mvalidationAction version gate (P3.5)[2m > [22m[2mkeeps error when the server version is unknown
[22m[39m17:52:57.376 [memory:mongodb:schema] info: applied schema validation to test_relevance_artifacts

[90mstdout[2m | src/mongodb-schema.test.ts[2m > [22m[2mvalidationAction version gate (P3.5)[2m > [22m[2mkeeps error when the server version is unknown
[22m[39m17:52:57.376 [memory:mongodb:schema] info: applied schema validation to test_relevance_regressions

[90mstdout[2m | src/mongodb-schema.test.ts[2m > [22m[2mvalidationAction version gate (P3.5)[2m > [22m[2mkeeps error when the server version is unknown
[22m[39m17:52:57.376 [memory:mongodb:schema] info: applied schema validation to test_events

[90mstdout[2m | src/mongodb-schema.test.ts[2m > [22m[2mvalidationAction version gate (P3.5)[2m > [22m[2mkeeps error when the server version is unknown
[22m[39m17:52:57.376 [memory:mongodb:schema] info: applied schema validation to test_entities

[90mstdout[2m | src/mongodb-schema.test.ts[2m > [22m[2mvalidationAction version gate (P3.5)[2m > [22m[2mkeeps error when the server version is unknown
[22m[39m17:52:57.376 [memory:mongodb:schema] info: applied schema validation to test_relations

[90mstdout[2m | src/mongodb-schema.test.ts[2m > [22m[2mvalidationAction version gate (P3.5)[2m > [22m[2mkeeps error when the server version is unknown
[22m[39m17:52:57.376 [memory:mongodb:schema] info: applied schema validation to test_entity_links

[90mstdout[2m | src/mongodb-schema.test.ts[2m > [22m[2mvalidationAction version gate (P3.5)[2m > [22m[2mkeeps error when the server version is unknown
[22m[39m17:52:57.376 [memory:mongodb:schema] info: applied schema validation to test_episodes

[90mstdout[2m | src/mongodb-schema.test.ts[2m > [22m[2mvalidationAction version gate (P3.5)[2m > [22m[2mkeeps error when the server version is unknown
[22m[39m17:52:57.376 [memory:mongodb:schema] info: applied schema validation to test_ingest_runs

[90mstdout[2m | src/mongodb-schema.test.ts[2m > [22m[2mvalidationAction version gate (P3.5)[2m > [22m[2mkeeps error when the server version is unknown
[22m[39m17:52:57.376 [memory:mongodb:schema] info: applied schema validation to test_projection_runs

[90mstdout[2m | src/mongodb-schema.test.ts[2m > [22m[2mvalidationAction version gate (P3.5)[2m > [22m[2mkeeps error when the server version is unknown
[22m[39m17:52:57.376 [memory:mongodb:schema] info: applied schema validation to test_query_cache

[90mstdout[2m | src/mongodb-schema.test.ts[2m > [22m[2mvalidationAction version gate (P3.5)[2m > [22m[2mkeeps error when the server version is unknown
[22m[39m17:52:57.376 [memory:mongodb:schema] info: applied schema validation to test_memory_mutations

[90mstdout[2m | src/mongodb-schema.test.ts[2m > [22m[2mvalidationAction version gate (P3.5)[2m > [22m[2mkeeps error when the server version is unknown
[22m[39m17:52:57.376 [memory:mongodb:schema] info: applied schema validation to test_recall_traces

[90mstdout[2m | src/mongodb-schema.test.ts[2m > [22m[2mvalidationAction version gate (P3.5)[2m > [22m[2mkeeps error when the server version is unknown
[22m[39m17:52:57.376 [memory:mongodb:schema] info: applied schema validation to test_memory_jobs

[90mstdout[2m | src/mongodb-schema.test.ts[2m > [22m[2mvalidationAction version gate (P3.5)[2m > [22m[2mkeeps error when the server version is unknown
[22m[39m17:52:57.377 [memory:mongodb:schema] info: applied schema validation to test_memory_quarantine

[90mstdout[2m | src/mongodb-schema.test.ts[2m > [22m[2mvalidationAction version gate (P3.5)[2m > [22m[2mkeeps error when the server version is unknown
[22m[39m17:52:57.377 [memory:mongodb:schema] info: applied schema validation to test_files

[90mstdout[2m | src/mongodb-schema.test.ts[2m > [22m[2mvalidationAction version gate (P3.5)[2m > [22m[2muses errorAndLog on MongoDB 8.1+ for collMod schema validation
[22m[39m17:52:57.377 [memory:mongodb:schema] info: applied schema validation to test_chunks

[90mstdout[2m | src/mongodb-schema.test.ts[2m > [22m[2mvalidationAction version gate (P3.5)[2m > [22m[2muses errorAndLog on MongoDB 8.1+ for collMod schema validation
[22m[39m17:52:57.377 [memory:mongodb:schema] info: applied schema validation to test_knowledge_base

[90mstdout[2m | src/mongodb-schema.test.ts[2m > [22m[2mvalidationAction version gate (P3.5)[2m > [22m[2muses errorAndLog on MongoDB 8.1+ for collMod schema validation
[22m[39m17:52:57.377 [memory:mongodb:schema] info: applied schema validation to test_kb_chunks

[90mstdout[2m | src/mongodb-schema.test.ts[2m > [22m[2mvalidationAction version gate (P3.5)[2m > [22m[2muses errorAndLog on MongoDB 8.1+ for collMod schema validation
[22m[39m17:52:57.377 [memory:mongodb:schema] info: applied schema validation to test_structured_mem

[90mstdout[2m | src/mongodb-schema.test.ts[2m > [22m[2mvalidationAction version gate (P3.5)[2m > [22m[2muses errorAndLog on MongoDB 8.1+ for collMod schema validation
[22m[39m17:52:57.377 [memory:mongodb:schema] info: applied schema validation to test_structured_mem_revisions

[90mstdout[2m | src/mongodb-schema.test.ts[2m > [22m[2mvalidationAction version gate (P3.5)[2m > [22m[2muses errorAndLog on MongoDB 8.1+ for collMod schema validation
[22m[39m17:52:57.377 [memory:mongodb:schema] info: applied schema validation to test_procedures

[90mstdout[2m | src/mongodb-schema.test.ts[2m > [22m[2mvalidationAction version gate (P3.5)[2m > [22m[2muses errorAndLog on MongoDB 8.1+ for collMod schema validation
[22m[39m17:52:57.377 [memory:mongodb:schema] info: applied schema validation to test_procedure_revisions

[90mstdout[2m | src/mongodb-schema.test.ts[2m > [22m[2mvalidationAction version gate (P3.5)[2m > [22m[2muses errorAndLog on MongoDB 8.1+ for collMod schema validation
[22m[39m17:52:57.377 [memory:mongodb:schema] info: applied schema validation to test_relevance_runs

[90mstdout[2m | src/mongodb-schema.test.ts[2m > [22m[2mvalidationAction version gate (P3.5)[2m > [22m[2muses errorAndLog on MongoDB 8.1+ for collMod schema validation
[22m[39m17:52:57.377 [memory:mongodb:schema] info: applied schema validation to test_relevance_artifacts

[90mstdout[2m | src/mongodb-schema.test.ts[2m > [22m[2mvalidationAction version gate (P3.5)[2m > [22m[2muses errorAndLog on MongoDB 8.1+ for collMod schema validation
[22m[39m17:52:57.377 [memory:mongodb:schema] info: applied schema validation to test_relevance_regressions

[90mstdout[2m | src/mongodb-schema.test.ts[2m > [22m[2mvalidationAction version gate (P3.5)[2m > [22m[2muses errorAndLog on MongoDB 8.1+ for collMod schema validation
[22m[39m17:52:57.377 [memory:mongodb:schema] info: applied schema validation to test_events

[90mstdout[2m | src/mongodb-schema.test.ts[2m > [22m[2mvalidationAction version gate (P3.5)[2m > [22m[2muses errorAndLog on MongoDB 8.1+ for collMod schema validation
[22m[39m17:52:57.377 [memory:mongodb:schema] info: applied schema validation to test_entities

[90mstdout[2m | src/mongodb-schema.test.ts[2m > [22m[2mvalidationAction version gate (P3.5)[2m > [22m[2muses errorAndLog on MongoDB 8.1+ for collMod schema validation
[22m[39m17:52:57.377 [memory:mongodb:schema] info: applied schema validation to test_relations

[90mstdout[2m | src/mongodb-schema.test.ts[2m > [22m[2mvalidationAction version gate (P3.5)[2m > [22m[2muses errorAndLog on MongoDB 8.1+ for collMod schema validation
[22m[39m17:52:57.377 [memory:mongodb:schema] info: applied schema validation to test_entity_links

[90mstdout[2m | src/mongodb-schema.test.ts[2m > [22m[2mvalidationAction version gate (P3.5)[2m > [22m[2muses errorAndLog on MongoDB 8.1+ for collMod schema validation
[22m[39m17:52:57.377 [memory:mongodb:schema] info: applied schema validation to test_episodes

[90mstdout[2m | src/mongodb-schema.test.ts[2m > [22m[2mvalidationAction version gate (P3.5)[2m > [22m[2muses errorAndLog on MongoDB 8.1+ for collMod schema validation
[22m[39m17:52:57.377 [memory:mongodb:schema] info: applied schema validation to test_ingest_runs

[90mstdout[2m | src/mongodb-schema.test.ts[2m > [22m[2mvalidationAction version gate (P3.5)[2m > [22m[2muses errorAndLog on MongoDB 8.1+ for collMod schema validation
[22m[39m17:52:57.377 [memory:mongodb:schema] info: applied schema validation to test_projection_runs

[90mstdout[2m | src/mongodb-schema.test.ts[2m > [22m[2mvalidationAction version gate (P3.5)[2m > [22m[2muses errorAndLog on MongoDB 8.1+ for collMod schema validation
[22m[39m17:52:57.377 [memory:mongodb:schema] info: applied schema validation to test_query_cache

[90mstdout[2m | src/mongodb-schema.test.ts[2m > [22m[2mvalidationAction version gate (P3.5)[2m > [22m[2muses errorAndLog on MongoDB 8.1+ for collMod schema validation
[22m[39m17:52:57.377 [memory:mongodb:schema] info: applied schema validation to test_memory_mutations

[90mstdout[2m | src/mongodb-schema.test.ts[2m > [22m[2mvalidationAction version gate (P3.5)[2m > [22m[2muses errorAndLog on MongoDB 8.1+ for collMod schema validation
[22m[39m17:52:57.377 [memory:mongodb:schema] info: applied schema validation to test_recall_traces

[90mstdout[2m | src/mongodb-schema.test.ts[2m > [22m[2mvalidationAction version gate (P3.5)[2m > [22m[2muses errorAndLog on MongoDB 8.1+ for collMod schema validation
[22m[39m17:52:57.377 [memory:mongodb:schema] info: applied schema validation to test_memory_jobs

[90mstdout[2m | src/mongodb-schema.test.ts[2m > [22m[2mvalidationAction version gate (P3.5)[2m > [22m[2muses errorAndLog on MongoDB 8.1+ for collMod schema validation
[22m[39m17:52:57.377 [memory:mongodb:schema] info: applied schema validation to test_memory_quarantine

[90mstdout[2m | src/mongodb-schema.test.ts[2m > [22m[2mvalidationAction version gate (P3.5)[2m > [22m[2muses errorAndLog on MongoDB 8.1+ for collMod schema validation
[22m[39m17:52:57.377 [memory:mongodb:schema] info: applied schema validation to test_files

[90mstdout[2m | src/mongodb-schema.test.ts[2m > [22m[2mvalidationAction version gate (P3.5)[2m > [22m[2mkeeps error below MongoDB 8.1 for collMod schema validation
[22m[39m17:52:57.377 [memory:mongodb:schema] info: applied schema validation to test_chunks

[90mstdout[2m | src/mongodb-schema.test.ts[2m > [22m[2mvalidationAction version gate (P3.5)[2m > [22m[2mkeeps error below MongoDB 8.1 for collMod schema validation
[22m[39m17:52:57.377 [memory:mongodb:schema] info: applied schema validation to test_knowledge_base

[90mstdout[2m | src/mongodb-schema.test.ts[2m > [22m[2mvalidationAction version gate (P3.5)[2m > [22m[2mkeeps error below MongoDB 8.1 for collMod schema validation
[22m[39m17:52:57.377 [memory:mongodb:schema] info: applied schema validation to test_kb_chunks

[90mstdout[2m | src/mongodb-schema.test.ts[2m > [22m[2mvalidationAction version gate (P3.5)[2m > [22m[2mkeeps error below MongoDB 8.1 for collMod schema validation
[22m[39m17:52:57.377 [memory:mongodb:schema] info: applied schema validation to test_structured_mem

[90mstdout[2m | src/mongodb-schema.test.ts[2m > [22m[2mvalidationAction version gate (P3.5)[2m > [22m[2mkeeps error below MongoDB 8.1 for collMod schema validation
[22m[39m17:52:57.377 [memory:mongodb:schema] info: applied schema validation to test_structured_mem_revisions

[90mstdout[2m | src/mongodb-schema.test.ts[2m > [22m[2mvalidationAction version gate (P3.5)[2m > [22m[2mkeeps error below MongoDB 8.1 for collMod schema validation
[22m[39m17:52:57.377 [memory:mongodb:schema] info: applied schema validation to test_procedures

[90mstdout[2m | src/mongodb-schema.test.ts[2m > [22m[2mvalidationAction version gate (P3.5)[2m > [22m[2mkeeps error below MongoDB 8.1 for collMod schema validation
[22m[39m17:52:57.377 [memory:mongodb:schema] info: applied schema validation to test_procedure_revisions

[90mstdout[2m | src/mongodb-schema.test.ts[2m > [22m[2mvalidationAction version gate (P3.5)[2m > [22m[2mkeeps error below MongoDB 8.1 for collMod schema validation
[22m[39m17:52:57.377 [memory:mongodb:schema] info: applied schema validation to test_relevance_runs

[90mstdout[2m | src/mongodb-schema.test.ts[2m > [22m[2mvalidationAction version gate (P3.5)[2m > [22m[2mkeeps error below MongoDB 8.1 for collMod schema validation
[22m[39m17:52:57.377 [memory:mongodb:schema] info: applied schema validation to test_relevance_artifacts

[90mstdout[2m | src/mongodb-schema.test.ts[2m > [22m[2mvalidationAction version gate (P3.5)[2m > [22m[2mkeeps error below MongoDB 8.1 for collMod schema validation
[22m[39m17:52:57.377 [memory:mongodb:schema] info: applied schema validation to test_relevance_regressions

[90mstdout[2m | src/mongodb-schema.test.ts[2m > [22m[2mvalidationAction version gate (P3.5)[2m > [22m[2mkeeps error below MongoDB 8.1 for collMod schema validation
[22m[39m17:52:57.377 [memory:mongodb:schema] info: applied schema validation to test_events

[90mstdout[2m | src/mongodb-schema.test.ts[2m > [22m[2mvalidationAction version gate (P3.5)[2m > [22m[2mkeeps error below MongoDB 8.1 for collMod schema validation
[22m[39m17:52:57.377 [memory:mongodb:schema] info: applied schema validation to test_entities

[90mstdout[2m | src/mongodb-schema.test.ts[2m > [22m[2mvalidationAction version gate (P3.5)[2m > [22m[2mkeeps error below MongoDB 8.1 for collMod schema validation
[22m[39m17:52:57.377 [memory:mongodb:schema] info: applied schema validation to test_relations

[90mstdout[2m | src/mongodb-schema.test.ts[2m > [22m[2mvalidationAction version gate (P3.5)[2m > [22m[2mkeeps error below MongoDB 8.1 for collMod schema validation
[22m[39m17:52:57.377 [memory:mongodb:schema] info: applied schema validation to test_entity_links

[90mstdout[2m | src/mongodb-schema.test.ts[2m > [22m[2mvalidationAction version gate (P3.5)[2m > [22m[2mkeeps error below MongoDB 8.1 for collMod schema validation
[22m[39m17:52:57.377 [memory:mongodb:schema] info: applied schema validation to test_episodes

[90mstdout[2m | src/mongodb-schema.test.ts[2m > [22m[2mvalidationAction version gate (P3.5)[2m > [22m[2mkeeps error below MongoDB 8.1 for collMod schema validation
[22m[39m17:52:57.377 [memory:mongodb:schema] info: applied schema validation to test_ingest_runs

[90mstdout[2m | src/mongodb-schema.test.ts[2m > [22m[2mvalidationAction version gate (P3.5)[2m > [22m[2mkeeps error below MongoDB 8.1 for collMod schema validation
[22m[39m17:52:57.377 [memory:mongodb:schema] info: applied schema validation to test_projection_runs

[90mstdout[2m | src/mongodb-schema.test.ts[2m > [22m[2mvalidationAction version gate (P3.5)[2m > [22m[2mkeeps error below MongoDB 8.1 for collMod schema validation
[22m[39m17:52:57.377 [memory:mongodb:schema] info: applied schema validation to test_query_cache

[90mstdout[2m | src/mongodb-schema.test.ts[2m > [22m[2mvalidationAction version gate (P3.5)[2m > [22m[2mkeeps error below MongoDB 8.1 for collMod schema validation
[22m[39m17:52:57.378 [memory:mongodb:schema] info: applied schema validation to test_memory_mutations

[90mstdout[2m | src/mongodb-schema.test.ts[2m > [22m[2mvalidationAction version gate (P3.5)[2m > [22m[2mkeeps error below MongoDB 8.1 for collMod schema validation
[22m[39m17:52:57.378 [memory:mongodb:schema] info: applied schema validation to test_recall_traces

[90mstdout[2m | src/mongodb-schema.test.ts[2m > [22m[2mvalidationAction version gate (P3.5)[2m > [22m[2mkeeps error below MongoDB 8.1 for collMod schema validation
[22m[39m17:52:57.378 [memory:mongodb:schema] info: applied schema validation to test_memory_jobs

[90mstdout[2m | src/mongodb-schema.test.ts[2m > [22m[2mvalidationAction version gate (P3.5)[2m > [22m[2mkeeps error below MongoDB 8.1 for collMod schema validation
[22m[39m17:52:57.378 [memory:mongodb:schema] info: applied schema validation to test_memory_quarantine

[90mstdout[2m | src/mongodb-schema.test.ts[2m > [22m[2mvalidationAction version gate (P3.5)[2m > [22m[2mkeeps error below MongoDB 8.1 for collMod schema validation
[22m[39m17:52:57.378 [memory:mongodb:schema] info: applied schema validation to test_files

 [31m❯[39m src/mongodb-schema.test.ts [2m([22m[2m57 tests[22m[2m | [22m[31m1 failed[39m[2m)[22m[32m 106[2mms[22m[39m
     [32m✓[39m chunksCollection returns prefixed collection[32m 2[2mms[22m[39m
     [32m✓[39m filesCollection returns prefixed collection[32m 0[2mms[22m[39m
     [32m✓[39m metaCollection returns prefixed collection[32m 0[2mms[22m[39m
     [32m✓[39m kbCollection returns prefixed collection[32m 0[2mms[22m[39m
     [32m✓[39m kbChunksCollection returns prefixed collection[32m 0[2mms[22m[39m
     [32m✓[39m structuredMemCollection returns prefixed collection[32m 0[2mms[22m[39m
     [32m✓[39m relevanceRunsCollection returns prefixed collection[32m 0[2mms[22m[39m
     [32m✓[39m relevanceArtifactsCollection returns prefixed collection[32m 0[2mms[22m[39m
     [32m✓[39m relevanceRegressionsCollection returns prefixed collection[32m 0[2mms[22m[39m
     [32m✓[39m eventsCollection returns prefixed collection[32m 0[2mms[22m[39m
     [32m✓[39m entitiesCollection returns prefixed collection[32m 0[2mms[22m[39m
     [32m✓[39m relationsCollection returns prefixed collection[32m 0[2mms[22m[39m
     [32m✓[39m entityLinksCollection returns prefixed collection[32m 0[2mms[22m[39m
     [32m✓[39m episodesCollection returns prefixed collection[32m 0[2mms[22m[39m
     [32m✓[39m ingestRunsCollection returns prefixed collection[32m 0[2mms[22m[39m
     [32m✓[39m projectionRunsCollection returns prefixed collection[32m 0[2mms[22m[39m
     [32m✓[39m kb_chunks schema uses string docId, not objectId (F9)[32m 8[2mms[22m[39m
     [32m✓[39m kb_chunks schema includes source field (F14)[32m 3[2mms[22m[39m
     [32m✓[39m KB source.type enum uses 'manual' not 'text' (F16)[32m 9[2mms[22m[39m
     [32m✓[39m VALIDATED_COLLECTIONS includes all 7 new v2 collection schemas[32m 2[2mms[22m[39m
     [32m✓[39m events schema has required scope enum field[32m 2[2mms[22m[39m
     [32m✓[39m memory_quarantine collection is created with validator ()[32m 2[2mms[22m[39m
     [32m✓[39m events schema includes bi-temporal validAt + invalidAt ()[32m 2[2mms[22m[39m
     [32m✓[39m chunks collection has polymorphic schema validation (F15)[32m 3[2mms[22m[39m
     [32m✓[39m creates all collections when none exist, including both time series collections[32m 3[2mms[22m[39m
     [32m✓[39m creates memory_evidence only when the evidence mirror is enabled[32m 5[2mms[22m[39m
     [32m✓[39m does not refresh memory_evidence validation when the evidence mirror is disabled[32m 6[2mms[22m[39m
     [32m✓[39m skips already-existing collections[32m 2[2mms[22m[39m
     [32m✓[39m does nothing when all collections exist[32m 0[2mms[22m[39m
[31m     [31m×[31m creates all standard indexes on chunks, KB, and structured_mem[39m[32m 6[2mms[22m[39m
     [32m✓[39m creates memory_evidence indexes only when the evidence mirror is enabled[32m 1[2mms[22m[39m
     [32m✓[39m creates bi-temporal compound index on events ()[32m 1[2mms[22m[39m
     [32m✓[39m creates a defensive $text index on text field[32m 1[2mms[22m[39m
     [32m✓[39m creates TTL index on files collection when memoryTtlDays is set[32m 2[2mms[22m[39m
     [32m✓[39m skips files TTL index when memoryTtlDays is 0[32m 1[2mms[22m[39m
     [32m✓[39m index count includes relevance telemetry indexes and v2 collection indexes[32m 1[2mms[22m[39m
     [32m✓[39m creates relevance TTL indexes when relevanceRetentionDays is set[32m 1[2mms[22m[39m
     [32m✓[39m creates a structured-revisions TTL index only when revisionRetentionDays is set (#32)[32m 9[2mms[22m[39m
     [32m✓[39m creates the memory_quarantine review-lifecycle indexes (C-004)[32m 2[2mms[22m[39m
     [32m✓[39m honors quarantineRetentionDays override and explicit 0 disables the TTL (C-004)[32m 2[2mms[22m[39m
     [32m✓[39m decides BSON text fallbacks from serving readiness, not management API availability[32m 0[2mms[22m[39m
     [32m✓[39m drops the three strict-prefix-redundant indexes and never recreates them[32m 3[2mms[22m[39m
     [32m✓[39m creates the chunk ESR compound {agentId, path, startLine}[32m 2[2mms[22m[39m
     [32m✓[39m creates the episode ESR compound {agentId, type, updatedAt desc}[32m 3[2mms[22m[39m
     [32m✓[39m creates the entity ESR compound {agentId, updatedAt desc}[32m 2[2mms[22m[39m
     [32m✓[39m creates the relationId locator index on relations[32m 1[2mms[22m[39m
     [32m✓[39m creates all six $text fallback indexes by default[32m 3[2mms[22m[39m
     [32m✓[39m skips all six $text fallback indexes when textFallbackIndexes is false[32m 1[2mms[22m[39m
     [32m✓[39m creates the episode_autocomplete search index alongside entity_autocomplete[32m 2[2mms[22m[39m
     [32m✓[39m plans the episode_autocomplete target in the default search index list[32m 0[2mms[22m[39m
     [32m✓[39m creates the partial TTL index on events with expireAfterSeconds 0[32m 1[2mms[22m[39m
     [32m✓[39m creates the partial TTL index on structured_mem with expireAfterSeconds 0[32m 1[2mms[22m[39m
     [32m✓[39m uses errorAndLog on MongoDB 8.1+ when creating collections[32m 3[2mms[22m[39m
     [32m✓[39m keeps error below MongoDB 8.1 when creating collections[32m 2[2mms[22m[39m
     [32m✓[39m keeps error when the server version is unknown[32m 2[2mms[22m[39m
     [32m✓[39m uses errorAndLog on MongoDB 8.1+ for collMod schema validation[32m 1[2mms[22m[39m
     [32m✓[39m keeps error below MongoDB 8.1 for collMod schema validation[32m 1[2mms[22m[39m

[31m⎯⎯⎯⎯⎯⎯⎯[39m[1m[41m Failed Tests 1 [49m[22m[31m⎯⎯⎯⎯⎯⎯⎯[39m

[41m[1m FAIL [22m[49m src/mongodb-schema.test.ts[2m > [22mensureStandardIndexes[2m > [22mcreates all standard indexes on chunks, KB, and structured_mem
[31m[1mAssertionError[22m: expected "vi.fn()" to be called with arguments: [ { expiresAt: 1 }, { …(3) } ][90m

Received:

[1m  1st vi.fn() call:

[22m[2m  [[22m
[2m    {[22m
[32m-     "expiresAt": 1,[90m
[31m+     "agentId": 1,[90m
[31m+     "sessionId": 1,[90m
[2m    },[22m
[2m    {[22m
[32m-     "expireAfterSeconds": 0,[90m
[32m-     "name": "idx_session_chunks_ttl_expires_at",[90m
[32m-     "partialFilterExpression": {[90m
[32m-       "expiresAt": {[90m
[32m-         "$exists": true,[90m
[32m-       },[90m
[32m-     },[90m
[31m+     "name": "uq_session_chunks_agent_session",[90m
[31m+     "unique": true,[90m
[2m    },[22m
[2m  ][22m

[1m  2nd vi.fn() call:

[22m[2m  [[22m
[2m    {[22m
[32m-     "expiresAt": 1,[90m
[31m+     "agentId": 1,[90m
[31m+     "scope": 1,[90m
[31m+     "scopeRef": 1,[90m
[2m    },[22m
[2m    {[22m
[32m-     "expireAfterSeconds": 0,[90m
[32m-     "name": "idx_session_chunks_ttl_expires_at",[90m
[32m-     "partialFilterExpression": {[90m
[32m-       "expiresAt": {[90m
[32m-         "$exists": true,[90m
[32m-       },[90m
[32m-     },[90m
[31m+     "name": "idx_session_chunks_agent_scope",[90m
[2m    },[22m
[2m  ][22m

[1m  3rd vi.fn() call:

[22m[2m  [[22m
[2m    {[22m
[32m-     "expiresAt": 1,[90m
[31m+     "agentId": 1,[90m
[31m+     "timestamp": -1,[90m
[2m    },[22m
[2m    {[22m
[32m-     "expireAfterSeconds": 0,[90m
[32m-     "name": "idx_session_chunks_ttl_expires_at",[90m
[32m-     "partialFilterExpression": {[90m
[32m-       "expiresAt": {[90m
[32m-         "$exists": true,[90m
[32m-       },[90m
[32m-     },[90m
[31m+     "name": "idx_session_chunks_agent_time",[90m
[2m    },[22m
[2m  ][22m

[1m  4th vi.fn() call:

[22m[33m@@ -1,11 +1,11 @@[90m
[2m  [[22m
[2m    {[22m
[2m      "expiresAt": 1,[22m
[2m    },[22m
[2m    {[22m
[32m-     "expireAfterSeconds": 0,[90m
[31m+     "expireAfterSeconds": 60,[90m
[2m      "name": "idx_session_chunks_ttl_expires_at",[22m
[2m      "partialFilterExpression": {[22m
[2m        "expiresAt": {[22m
[2m          "$exists": true,[22m
[2m        },[22m
[31m[90m

Number of calls: [1m4[22m
[31m[39m
[36m [2m❯[22m src/mongodb-schema.test.ts:[2m666:37[22m[39m
    [90m664|[39m   [90m// C-005: session-evidence docs inherit source-event expiry, so the[39m
    [90m665|[39m   [90m// collection gets the same partial TTL index as chunks.[39m
    [90m666|[39m   [34mexpect[39m(sessionChunks[33m.[39mcreateIndex)[33m.[39m[34mtoHaveBeenCalledWith[39m(
    [90m   |[39m                                     [31m^[39m
    [90m667|[39m    { expiresAt[33m:[39m [34m1[39m }[33m,[39m
    [90m668|[39m    {

[31m[2m⎯⎯⎯⎯⎯⎯⎯⎯⎯⎯⎯⎯⎯⎯⎯⎯⎯⎯⎯⎯⎯⎯⎯⎯[1/1]⎯[22m[39m


[2m Test Files [22m [1m[31m1 failed[39m[22m[2m | [22m[1m[32m1 passed[39m[22m[90m (2)[39m
[2m      Tests [22m [1m[31m1 failed[39m[22m[2m | [22m[1m[32m112 passed[39m[22m[90m (113)[39m
[2m   Start at [22m 17:52:56
[2m   Duration [22m 428ms[2m (transform 308ms, setup 0ms, import 399ms, tests 203ms, environment 0ms)[22m

